,PNG,MASK
0,/root/StrokeDataset/Ischemia/PNG/10003.png,/root/StrokeDataset/Ischemia/MASK/10003.npy
1,/root/StrokeDataset/Ischemia/PNG/10017.png,/root/StrokeDataset/Ischemia/MASK/10017.npy
2,/root/StrokeDataset/Ischemia/PNG/10024.png,/root/StrokeDataset/Ischemia/MASK/10024.npy
3,/root/StrokeDataset/Ischemia/PNG/10028.png,/root/StrokeDataset/Ischemia/MASK/10028.npy
4,/root/StrokeDataset/Ischemia/PNG/10038.png,/root/StrokeDataset/Ischemia/MASK/10038.npy
5,/root/StrokeDataset/Ischemia/PNG/10053.png,/root/StrokeDataset/Ischemia/MASK/10053.npy
6,/root/StrokeDataset/Ischemia/PNG/10059.png,/root/StrokeDataset/Ischemia/MASK/10059.npy
7,/root/StrokeDataset/Ischemia/PNG/10060.png,/root/StrokeDataset/Ischemia/MASK/10060.npy
8,/root/StrokeDataset/Ischemia/PNG/10062.png,/root/StrokeDataset/Ischemia/MASK/10062.npy
9,/root/StrokeDataset/Ischemia/PNG/10072.png,/root/StrokeDataset/Ischemia/MASK/10072.npy
10,/root/StrokeDataset/Ischemia/PNG/10073.png,/root/StrokeDataset/Ischemia/MASK/10073.npy
11,/root/StrokeDataset/Ischemia/PNG/10077.png,/root/StrokeDataset/Ischemia/MASK/10077.npy
12,/root/StrokeDataset/Ischemia/PNG/10088.png,/root/StrokeDataset/Ischemia/MASK/10088.npy
13,/root/StrokeDataset/Ischemia/PNG/10095.png,/root/StrokeDataset/Ischemia/MASK/10095.npy
14,/root/StrokeDataset/Ischemia/PNG/10101.png,/root/StrokeDataset/Ischemia/MASK/10101.npy
15,/root/StrokeDataset/Ischemia/PNG/10105.png,/root/StrokeDataset/Ischemia/MASK/10105.npy
16,/root/StrokeDataset/Ischemia/PNG/10108.png,/root/StrokeDataset/Ischemia/MASK/10108.npy
17,/root/StrokeDataset/Ischemia/PNG/10123.png,/root/StrokeDataset/Ischemia/MASK/10123.npy
18,/root/StrokeDataset/Ischemia/PNG/10145.png,/root/StrokeDataset/Ischemia/MASK/10145.npy
19,/root/StrokeDataset/Ischemia/PNG/10151.png,/root/StrokeDataset/Ischemia/MASK/10151.npy
20,/root/StrokeDataset/Ischemia/PNG/10153.png,/root/StrokeDataset/Ischemia/MASK/10153.npy
21,/root/StrokeDataset/Ischemia/PNG/10158.png,/root/StrokeDataset/Ischemia/MASK/10158.npy
22,/root/StrokeDataset/Ischemia/PNG/10160.png,/root/StrokeDataset/Ischemia/MASK/10160.npy
23,/root/StrokeDataset/Ischemia/PNG/10164.png,/root/StrokeDataset/Ischemia/MASK/10164.npy
24,/root/StrokeDataset/Ischemia/PNG/10179.png,/root/StrokeDataset/Ischemia/MASK/10179.npy
25,/root/StrokeDataset/Ischemia/PNG/10181.png,/root/StrokeDataset/Ischemia/MASK/10181.npy
26,/root/StrokeDataset/Ischemia/PNG/10187.png,/root/StrokeDataset/Ischemia/MASK/10187.npy
27,/root/StrokeDataset/Ischemia/PNG/10188.png,/root/StrokeDataset/Ischemia/MASK/10188.npy
28,/root/StrokeDataset/Ischemia/PNG/10202.png,/root/StrokeDataset/Ischemia/MASK/10202.npy
29,/root/StrokeDataset/Ischemia/PNG/10206.png,/root/StrokeDataset/Ischemia/MASK/10206.npy
30,/root/StrokeDataset/Ischemia/PNG/10209.png,/root/StrokeDataset/Ischemia/MASK/10209.npy
31,/root/StrokeDataset/Ischemia/PNG/10227.png,/root/StrokeDataset/Ischemia/MASK/10227.npy
32,/root/StrokeDataset/Ischemia/PNG/10236.png,/root/StrokeDataset/Ischemia/MASK/10236.npy
33,/root/StrokeDataset/Ischemia/PNG/10238.png,/root/StrokeDataset/Ischemia/MASK/10238.npy
34,/root/StrokeDataset/Ischemia/PNG/10242.png,/root/StrokeDataset/Ischemia/MASK/10242.npy
35,/root/StrokeDataset/Ischemia/PNG/10248.png,/root/StrokeDataset/Ischemia/MASK/10248.npy
36,/root/StrokeDataset/Ischemia/PNG/10262.png,/root/StrokeDataset/Ischemia/MASK/10262.npy
37,/root/StrokeDataset/Ischemia/PNG/10263.png,/root/StrokeDataset/Ischemia/MASK/10263.npy
38,/root/StrokeDataset/Ischemia/PNG/10268.png,/root/StrokeDataset/Ischemia/MASK/10268.npy
39,/root/StrokeDataset/Ischemia/PNG/10273.png,/root/StrokeDataset/Ischemia/MASK/10273.npy
40,/root/StrokeDataset/Ischemia/PNG/10280.png,/root/StrokeDataset/Ischemia/MASK/10280.npy
41,/root/StrokeDataset/Ischemia/PNG/10289.png,/root/StrokeDataset/Ischemia/MASK/10289.npy
42,/root/StrokeDataset/Ischemia/PNG/10290.png,/root/StrokeDataset/Ischemia/MASK/10290.npy
43,/root/StrokeDataset/Ischemia/PNG/10296.png,/root/StrokeDataset/Ischemia/MASK/10296.npy
44,/root/StrokeDataset/Ischemia/PNG/10298.png,/root/StrokeDataset/Ischemia/MASK/10298.npy
45,/root/StrokeDataset/Ischemia/PNG/10307.png,/root/StrokeDataset/Ischemia/MASK/10307.npy
46,/root/StrokeDataset/Ischemia/PNG/10323.png,/root/StrokeDataset/Ischemia/MASK/10323.npy
47,/root/StrokeDataset/Ischemia/PNG/10351.png,/root/StrokeDataset/Ischemia/MASK/10351.npy
48,/root/StrokeDataset/Ischemia/PNG/10354.png,/root/StrokeDataset/Ischemia/MASK/10354.npy
49,/root/StrokeDataset/Ischemia/PNG/10355.png,/root/StrokeDataset/Ischemia/MASK/10355.npy
50,/root/StrokeDataset/Ischemia/PNG/10356.png,/root/StrokeDataset/Ischemia/MASK/10356.npy
51,/root/StrokeDataset/Ischemia/PNG/10363.png,/root/StrokeDataset/Ischemia/MASK/10363.npy
52,/root/StrokeDataset/Ischemia/PNG/10364.png,/root/StrokeDataset/Ischemia/MASK/10364.npy
53,/root/StrokeDataset/Ischemia/PNG/10367.png,/root/StrokeDataset/Ischemia/MASK/10367.npy
54,/root/StrokeDataset/Ischemia/PNG/10372.png,/root/StrokeDataset/Ischemia/MASK/10372.npy
55,/root/StrokeDataset/Ischemia/PNG/10377.png,/root/StrokeDataset/Ischemia/MASK/10377.npy
56,/root/StrokeDataset/Ischemia/PNG/10391.png,/root/StrokeDataset/Ischemia/MASK/10391.npy
57,/root/StrokeDataset/Ischemia/PNG/10399.png,/root/StrokeDataset/Ischemia/MASK/10399.npy
58,/root/StrokeDataset/Ischemia/PNG/10403.png,/root/StrokeDataset/Ischemia/MASK/10403.npy
59,/root/StrokeDataset/Ischemia/PNG/10418.png,/root/StrokeDataset/Ischemia/MASK/10418.npy
60,/root/StrokeDataset/Ischemia/PNG/10436.png,/root/StrokeDataset/Ischemia/MASK/10436.npy
61,/root/StrokeDataset/Ischemia/PNG/10438.png,/root/StrokeDataset/Ischemia/MASK/10438.npy
62,/root/StrokeDataset/Ischemia/PNG/10444.png,/root/StrokeDataset/Ischemia/MASK/10444.npy
63,/root/StrokeDataset/Ischemia/PNG/10446.png,/root/StrokeDataset/Ischemia/MASK/10446.npy
64,/root/StrokeDataset/Ischemia/PNG/10447.png,/root/StrokeDataset/Ischemia/MASK/10447.npy
65,/root/StrokeDataset/Ischemia/PNG/10448.png,/root/StrokeDataset/Ischemia/MASK/10448.npy
66,/root/StrokeDataset/Ischemia/PNG/10453.png,/root/StrokeDataset/Ischemia/MASK/10453.npy
67,/root/StrokeDataset/Ischemia/PNG/10459.png,/root/StrokeDataset/Ischemia/MASK/10459.npy
68,/root/StrokeDataset/Ischemia/PNG/10460.png,/root/StrokeDataset/Ischemia/MASK/10460.npy
69,/root/StrokeDataset/Ischemia/PNG/10466.png,/root/StrokeDataset/Ischemia/MASK/10466.npy
70,/root/StrokeDataset/Ischemia/PNG/10477.png,/root/StrokeDataset/Ischemia/MASK/10477.npy
71,/root/StrokeDataset/Ischemia/PNG/10479.png,/root/StrokeDataset/Ischemia/MASK/10479.npy
72,/root/StrokeDataset/Ischemia/PNG/10485.png,/root/StrokeDataset/Ischemia/MASK/10485.npy
73,/root/StrokeDataset/Ischemia/PNG/10486.png,/root/StrokeDataset/Ischemia/MASK/10486.npy
74,/root/StrokeDataset/Ischemia/PNG/10487.png,/root/StrokeDataset/Ischemia/MASK/10487.npy
75,/root/StrokeDataset/Ischemia/PNG/10489.png,/root/StrokeDataset/Ischemia/MASK/10489.npy
76,/root/StrokeDataset/Ischemia/PNG/10499.png,/root/StrokeDataset/Ischemia/MASK/10499.npy
77,/root/StrokeDataset/Ischemia/PNG/10507.png,/root/StrokeDataset/Ischemia/MASK/10507.npy
78,/root/StrokeDataset/Ischemia/PNG/10513.png,/root/StrokeDataset/Ischemia/MASK/10513.npy
79,/root/StrokeDataset/Ischemia/PNG/10518.png,/root/StrokeDataset/Ischemia/MASK/10518.npy
80,/root/StrokeDataset/Ischemia/PNG/10519.png,/root/StrokeDataset/Ischemia/MASK/10519.npy
81,/root/StrokeDataset/Ischemia/PNG/10525.png,/root/StrokeDataset/Ischemia/MASK/10525.npy
82,/root/StrokeDataset/Ischemia/PNG/10532.png,/root/StrokeDataset/Ischemia/MASK/10532.npy
83,/root/StrokeDataset/Ischemia/PNG/10538.png,/root/StrokeDataset/Ischemia/MASK/10538.npy
84,/root/StrokeDataset/Ischemia/PNG/10561.png,/root/StrokeDataset/Ischemia/MASK/10561.npy
85,/root/StrokeDataset/Ischemia/PNG/10567.png,/root/StrokeDataset/Ischemia/MASK/10567.npy
86,/root/StrokeDataset/Ischemia/PNG/10568.png,/root/StrokeDataset/Ischemia/MASK/10568.npy
87,/root/StrokeDataset/Ischemia/PNG/10575.png,/root/StrokeDataset/Ischemia/MASK/10575.npy
88,/root/StrokeDataset/Ischemia/PNG/10586.png,/root/StrokeDataset/Ischemia/MASK/10586.npy
89,/root/StrokeDataset/Ischemia/PNG/10594.png,/root/StrokeDataset/Ischemia/MASK/10594.npy
90,/root/StrokeDataset/Ischemia/PNG/10599.png,/root/StrokeDataset/Ischemia/MASK/10599.npy
91,/root/StrokeDataset/Ischemia/PNG/10600.png,/root/StrokeDataset/Ischemia/MASK/10600.npy
92,/root/StrokeDataset/Ischemia/PNG/10618.png,/root/StrokeDataset/Ischemia/MASK/10618.npy
93,/root/StrokeDataset/Ischemia/PNG/10622.png,/root/StrokeDataset/Ischemia/MASK/10622.npy
94,/root/StrokeDataset/Ischemia/PNG/10635.png,/root/StrokeDataset/Ischemia/MASK/10635.npy
95,/root/StrokeDataset/Ischemia/PNG/10637.png,/root/StrokeDataset/Ischemia/MASK/10637.npy
96,/root/StrokeDataset/Ischemia/PNG/10642.png,/root/StrokeDataset/Ischemia/MASK/10642.npy
97,/root/StrokeDataset/Ischemia/PNG/10645.png,/root/StrokeDataset/Ischemia/MASK/10645.npy
98,/root/StrokeDataset/Ischemia/PNG/10648.png,/root/StrokeDataset/Ischemia/MASK/10648.npy
99,/root/StrokeDataset/Ischemia/PNG/10650.png,/root/StrokeDataset/Ischemia/MASK/10650.npy
100,/root/StrokeDataset/Ischemia/PNG/10657.png,/root/StrokeDataset/Ischemia/MASK/10657.npy
101,/root/StrokeDataset/Ischemia/PNG/10671.png,/root/StrokeDataset/Ischemia/MASK/10671.npy
102,/root/StrokeDataset/Ischemia/PNG/10682.png,/root/StrokeDataset/Ischemia/MASK/10682.npy
103,/root/StrokeDataset/Ischemia/PNG/10690.png,/root/StrokeDataset/Ischemia/MASK/10690.npy
104,/root/StrokeDataset/Ischemia/PNG/10694.png,/root/StrokeDataset/Ischemia/MASK/10694.npy
105,/root/StrokeDataset/Ischemia/PNG/10697.png,/root/StrokeDataset/Ischemia/MASK/10697.npy
106,/root/StrokeDataset/Ischemia/PNG/10702.png,/root/StrokeDataset/Ischemia/MASK/10702.npy
107,/root/StrokeDataset/Ischemia/PNG/10705.png,/root/StrokeDataset/Ischemia/MASK/10705.npy
108,/root/StrokeDataset/Ischemia/PNG/10713.png,/root/StrokeDataset/Ischemia/MASK/10713.npy
109,/root/StrokeDataset/Ischemia/PNG/10726.png,/root/StrokeDataset/Ischemia/MASK/10726.npy
110,/root/StrokeDataset/Ischemia/PNG/10729.png,/root/StrokeDataset/Ischemia/MASK/10729.npy
111,/root/StrokeDataset/Ischemia/PNG/10734.png,/root/StrokeDataset/Ischemia/MASK/10734.npy
112,/root/StrokeDataset/Ischemia/PNG/10737.png,/root/StrokeDataset/Ischemia/MASK/10737.npy
113,/root/StrokeDataset/Ischemia/PNG/10747.png,/root/StrokeDataset/Ischemia/MASK/10747.npy
114,/root/StrokeDataset/Ischemia/PNG/10754.png,/root/StrokeDataset/Ischemia/MASK/10754.npy
115,/root/StrokeDataset/Ischemia/PNG/10755.png,/root/StrokeDataset/Ischemia/MASK/10755.npy
116,/root/StrokeDataset/Ischemia/PNG/10761.png,/root/StrokeDataset/Ischemia/MASK/10761.npy
117,/root/StrokeDataset/Ischemia/PNG/10765.png,/root/StrokeDataset/Ischemia/MASK/10765.npy
118,/root/StrokeDataset/Ischemia/PNG/10769.png,/root/StrokeDataset/Ischemia/MASK/10769.npy
119,/root/StrokeDataset/Ischemia/PNG/10771.png,/root/StrokeDataset/Ischemia/MASK/10771.npy
120,/root/StrokeDataset/Ischemia/PNG/10777.png,/root/StrokeDataset/Ischemia/MASK/10777.npy
121,/root/StrokeDataset/Ischemia/PNG/10791.png,/root/StrokeDataset/Ischemia/MASK/10791.npy
122,/root/StrokeDataset/Ischemia/PNG/10795.png,/root/StrokeDataset/Ischemia/MASK/10795.npy
123,/root/StrokeDataset/Ischemia/PNG/10796.png,/root/StrokeDataset/Ischemia/MASK/10796.npy
124,/root/StrokeDataset/Ischemia/PNG/10797.png,/root/StrokeDataset/Ischemia/MASK/10797.npy
125,/root/StrokeDataset/Ischemia/PNG/10808.png,/root/StrokeDataset/Ischemia/MASK/10808.npy
126,/root/StrokeDataset/Ischemia/PNG/10815.png,/root/StrokeDataset/Ischemia/MASK/10815.npy
127,/root/StrokeDataset/Ischemia/PNG/10845.png,/root/StrokeDataset/Ischemia/MASK/10845.npy
128,/root/StrokeDataset/Ischemia/PNG/10846.png,/root/StrokeDataset/Ischemia/MASK/10846.npy
129,/root/StrokeDataset/Ischemia/PNG/10852.png,/root/StrokeDataset/Ischemia/MASK/10852.npy
130,/root/StrokeDataset/Ischemia/PNG/10858.png,/root/StrokeDataset/Ischemia/MASK/10858.npy
131,/root/StrokeDataset/Ischemia/PNG/10867.png,/root/StrokeDataset/Ischemia/MASK/10867.npy
132,/root/StrokeDataset/Ischemia/PNG/10868.png,/root/StrokeDataset/Ischemia/MASK/10868.npy
133,/root/StrokeDataset/Ischemia/PNG/10884.png,/root/StrokeDataset/Ischemia/MASK/10884.npy
134,/root/StrokeDataset/Ischemia/PNG/10907.png,/root/StrokeDataset/Ischemia/MASK/10907.npy
135,/root/StrokeDataset/Ischemia/PNG/10920.png,/root/StrokeDataset/Ischemia/MASK/10920.npy
136,/root/StrokeDataset/Ischemia/PNG/10926.png,/root/StrokeDataset/Ischemia/MASK/10926.npy
137,/root/StrokeDataset/Ischemia/PNG/10928.png,/root/StrokeDataset/Ischemia/MASK/10928.npy
138,/root/StrokeDataset/Ischemia/PNG/10931.png,/root/StrokeDataset/Ischemia/MASK/10931.npy
139,/root/StrokeDataset/Ischemia/PNG/10933.png,/root/StrokeDataset/Ischemia/MASK/10933.npy
140,/root/StrokeDataset/Ischemia/PNG/10937.png,/root/StrokeDataset/Ischemia/MASK/10937.npy
141,/root/StrokeDataset/Ischemia/PNG/10943.png,/root/StrokeDataset/Ischemia/MASK/10943.npy
142,/root/StrokeDataset/Ischemia/PNG/10952.png,/root/StrokeDataset/Ischemia/MASK/10952.npy
143,/root/StrokeDataset/Ischemia/PNG/10954.png,/root/StrokeDataset/Ischemia/MASK/10954.npy
144,/root/StrokeDataset/Ischemia/PNG/10956.png,/root/StrokeDataset/Ischemia/MASK/10956.npy
145,/root/StrokeDataset/Ischemia/PNG/10960.png,/root/StrokeDataset/Ischemia/MASK/10960.npy
146,/root/StrokeDataset/Ischemia/PNG/10961.png,/root/StrokeDataset/Ischemia/MASK/10961.npy
147,/root/StrokeDataset/Ischemia/PNG/10962.png,/root/StrokeDataset/Ischemia/MASK/10962.npy
148,/root/StrokeDataset/Ischemia/PNG/10963.png,/root/StrokeDataset/Ischemia/MASK/10963.npy
149,/root/StrokeDataset/Ischemia/PNG/10967.png,/root/StrokeDataset/Ischemia/MASK/10967.npy
150,/root/StrokeDataset/Ischemia/PNG/10977.png,/root/StrokeDataset/Ischemia/MASK/10977.npy
151,/root/StrokeDataset/Ischemia/PNG/10980.png,/root/StrokeDataset/Ischemia/MASK/10980.npy
152,/root/StrokeDataset/Ischemia/PNG/10981.png,/root/StrokeDataset/Ischemia/MASK/10981.npy
153,/root/StrokeDataset/Ischemia/PNG/10989.png,/root/StrokeDataset/Ischemia/MASK/10989.npy
154,/root/StrokeDataset/Ischemia/PNG/10992.png,/root/StrokeDataset/Ischemia/MASK/10992.npy
155,/root/StrokeDataset/Ischemia/PNG/11007.png,/root/StrokeDataset/Ischemia/MASK/11007.npy
156,/root/StrokeDataset/Ischemia/PNG/11008.png,/root/StrokeDataset/Ischemia/MASK/11008.npy
157,/root/StrokeDataset/Ischemia/PNG/11010.png,/root/StrokeDataset/Ischemia/MASK/11010.npy
158,/root/StrokeDataset/Ischemia/PNG/11019.png,/root/StrokeDataset/Ischemia/MASK/11019.npy
159,/root/StrokeDataset/Ischemia/PNG/11020.png,/root/StrokeDataset/Ischemia/MASK/11020.npy
160,/root/StrokeDataset/Ischemia/PNG/11028.png,/root/StrokeDataset/Ischemia/MASK/11028.npy
161,/root/StrokeDataset/Ischemia/PNG/11033.png,/root/StrokeDataset/Ischemia/MASK/11033.npy
162,/root/StrokeDataset/Ischemia/PNG/11036.png,/root/StrokeDataset/Ischemia/MASK/11036.npy
163,/root/StrokeDataset/Ischemia/PNG/11041.png,/root/StrokeDataset/Ischemia/MASK/11041.npy
164,/root/StrokeDataset/Ischemia/PNG/11046.png,/root/StrokeDataset/Ischemia/MASK/11046.npy
165,/root/StrokeDataset/Ischemia/PNG/11052.png,/root/StrokeDataset/Ischemia/MASK/11052.npy
166,/root/StrokeDataset/Ischemia/PNG/11055.png,/root/StrokeDataset/Ischemia/MASK/11055.npy
167,/root/StrokeDataset/Ischemia/PNG/11086.png,/root/StrokeDataset/Ischemia/MASK/11086.npy
168,/root/StrokeDataset/Ischemia/PNG/11091.png,/root/StrokeDataset/Ischemia/MASK/11091.npy
169,/root/StrokeDataset/Ischemia/PNG/11101.png,/root/StrokeDataset/Ischemia/MASK/11101.npy
170,/root/StrokeDataset/Ischemia/PNG/11103.png,/root/StrokeDataset/Ischemia/MASK/11103.npy
171,/root/StrokeDataset/Ischemia/PNG/11106.png,/root/StrokeDataset/Ischemia/MASK/11106.npy
172,/root/StrokeDataset/Ischemia/PNG/11113.png,/root/StrokeDataset/Ischemia/MASK/11113.npy
173,/root/StrokeDataset/Ischemia/PNG/11115.png,/root/StrokeDataset/Ischemia/MASK/11115.npy
174,/root/StrokeDataset/Ischemia/PNG/11118.png,/root/StrokeDataset/Ischemia/MASK/11118.npy
175,/root/StrokeDataset/Ischemia/PNG/11134.png,/root/StrokeDataset/Ischemia/MASK/11134.npy
176,/root/StrokeDataset/Ischemia/PNG/11139.png,/root/StrokeDataset/Ischemia/MASK/11139.npy
177,/root/StrokeDataset/Ischemia/PNG/11151.png,/root/StrokeDataset/Ischemia/MASK/11151.npy
178,/root/StrokeDataset/Ischemia/PNG/11153.png,/root/StrokeDataset/Ischemia/MASK/11153.npy
179,/root/StrokeDataset/Ischemia/PNG/11154.png,/root/StrokeDataset/Ischemia/MASK/11154.npy
180,/root/StrokeDataset/Ischemia/PNG/11156.png,/root/StrokeDataset/Ischemia/MASK/11156.npy
181,/root/StrokeDataset/Ischemia/PNG/11159.png,/root/StrokeDataset/Ischemia/MASK/11159.npy
182,/root/StrokeDataset/Ischemia/PNG/11161.png,/root/StrokeDataset/Ischemia/MASK/11161.npy
183,/root/StrokeDataset/Ischemia/PNG/11166.png,/root/StrokeDataset/Ischemia/MASK/11166.npy
184,/root/StrokeDataset/Ischemia/PNG/11171.png,/root/StrokeDataset/Ischemia/MASK/11171.npy
185,/root/StrokeDataset/Ischemia/PNG/11184.png,/root/StrokeDataset/Ischemia/MASK/11184.npy
186,/root/StrokeDataset/Ischemia/PNG/11195.png,/root/StrokeDataset/Ischemia/MASK/11195.npy
187,/root/StrokeDataset/Ischemia/PNG/11200.png,/root/StrokeDataset/Ischemia/MASK/11200.npy
188,/root/StrokeDataset/Ischemia/PNG/11202.png,/root/StrokeDataset/Ischemia/MASK/11202.npy
189,/root/StrokeDataset/Ischemia/PNG/11209.png,/root/StrokeDataset/Ischemia/MASK/11209.npy
190,/root/StrokeDataset/Ischemia/PNG/11211.png,/root/StrokeDataset/Ischemia/MASK/11211.npy
191,/root/StrokeDataset/Ischemia/PNG/11220.png,/root/StrokeDataset/Ischemia/MASK/11220.npy
192,/root/StrokeDataset/Ischemia/PNG/11224.png,/root/StrokeDataset/Ischemia/MASK/11224.npy
193,/root/StrokeDataset/Ischemia/PNG/11225.png,/root/StrokeDataset/Ischemia/MASK/11225.npy
194,/root/StrokeDataset/Ischemia/PNG/11230.png,/root/StrokeDataset/Ischemia/MASK/11230.npy
195,/root/StrokeDataset/Ischemia/PNG/11235.png,/root/StrokeDataset/Ischemia/MASK/11235.npy
196,/root/StrokeDataset/Ischemia/PNG/11237.png,/root/StrokeDataset/Ischemia/MASK/11237.npy
197,/root/StrokeDataset/Ischemia/PNG/11238.png,/root/StrokeDataset/Ischemia/MASK/11238.npy
198,/root/StrokeDataset/Ischemia/PNG/11249.png,/root/StrokeDataset/Ischemia/MASK/11249.npy
199,/root/StrokeDataset/Ischemia/PNG/11250.png,/root/StrokeDataset/Ischemia/MASK/11250.npy
200,/root/StrokeDataset/Ischemia/PNG/11257.png,/root/StrokeDataset/Ischemia/MASK/11257.npy
201,/root/StrokeDataset/Ischemia/PNG/11260.png,/root/StrokeDataset/Ischemia/MASK/11260.npy
202,/root/StrokeDataset/Ischemia/PNG/11267.png,/root/StrokeDataset/Ischemia/MASK/11267.npy
203,/root/StrokeDataset/Ischemia/PNG/11271.png,/root/StrokeDataset/Ischemia/MASK/11271.npy
204,/root/StrokeDataset/Ischemia/PNG/11275.png,/root/StrokeDataset/Ischemia/MASK/11275.npy
205,/root/StrokeDataset/Ischemia/PNG/11282.png,/root/StrokeDataset/Ischemia/MASK/11282.npy
206,/root/StrokeDataset/Ischemia/PNG/11284.png,/root/StrokeDataset/Ischemia/MASK/11284.npy
207,/root/StrokeDataset/Ischemia/PNG/11285.png,/root/StrokeDataset/Ischemia/MASK/11285.npy
208,/root/StrokeDataset/Ischemia/PNG/11299.png,/root/StrokeDataset/Ischemia/MASK/11299.npy
209,/root/StrokeDataset/Ischemia/PNG/11300.png,/root/StrokeDataset/Ischemia/MASK/11300.npy
210,/root/StrokeDataset/Ischemia/PNG/11303.png,/root/StrokeDataset/Ischemia/MASK/11303.npy
211,/root/StrokeDataset/Ischemia/PNG/11312.png,/root/StrokeDataset/Ischemia/MASK/11312.npy
212,/root/StrokeDataset/Ischemia/PNG/11314.png,/root/StrokeDataset/Ischemia/MASK/11314.npy
213,/root/StrokeDataset/Ischemia/PNG/11320.png,/root/StrokeDataset/Ischemia/MASK/11320.npy
214,/root/StrokeDataset/Ischemia/PNG/11323.png,/root/StrokeDataset/Ischemia/MASK/11323.npy
215,/root/StrokeDataset/Ischemia/PNG/11326.png,/root/StrokeDataset/Ischemia/MASK/11326.npy
216,/root/StrokeDataset/Ischemia/PNG/11327.png,/root/StrokeDataset/Ischemia/MASK/11327.npy
217,/root/StrokeDataset/Ischemia/PNG/11331.png,/root/StrokeDataset/Ischemia/MASK/11331.npy
218,/root/StrokeDataset/Ischemia/PNG/11333.png,/root/StrokeDataset/Ischemia/MASK/11333.npy
219,/root/StrokeDataset/Ischemia/PNG/11335.png,/root/StrokeDataset/Ischemia/MASK/11335.npy
220,/root/StrokeDataset/Ischemia/PNG/11337.png,/root/StrokeDataset/Ischemia/MASK/11337.npy
221,/root/StrokeDataset/Ischemia/PNG/11340.png,/root/StrokeDataset/Ischemia/MASK/11340.npy
222,/root/StrokeDataset/Ischemia/PNG/11353.png,/root/StrokeDataset/Ischemia/MASK/11353.npy
223,/root/StrokeDataset/Ischemia/PNG/11355.png,/root/StrokeDataset/Ischemia/MASK/11355.npy
224,/root/StrokeDataset/Ischemia/PNG/11364.png,/root/StrokeDataset/Ischemia/MASK/11364.npy
225,/root/StrokeDataset/Ischemia/PNG/11375.png,/root/StrokeDataset/Ischemia/MASK/11375.npy
226,/root/StrokeDataset/Ischemia/PNG/11377.png,/root/StrokeDataset/Ischemia/MASK/11377.npy
227,/root/StrokeDataset/Ischemia/PNG/11380.png,/root/StrokeDataset/Ischemia/MASK/11380.npy
228,/root/StrokeDataset/Ischemia/PNG/11381.png,/root/StrokeDataset/Ischemia/MASK/11381.npy
229,/root/StrokeDataset/Ischemia/PNG/11390.png,/root/StrokeDataset/Ischemia/MASK/11390.npy
230,/root/StrokeDataset/Ischemia/PNG/11393.png,/root/StrokeDataset/Ischemia/MASK/11393.npy
231,/root/StrokeDataset/Ischemia/PNG/11399.png,/root/StrokeDataset/Ischemia/MASK/11399.npy
232,/root/StrokeDataset/Ischemia/PNG/11403.png,/root/StrokeDataset/Ischemia/MASK/11403.npy
233,/root/StrokeDataset/Ischemia/PNG/11417.png,/root/StrokeDataset/Ischemia/MASK/11417.npy
234,/root/StrokeDataset/Ischemia/PNG/11424.png,/root/StrokeDataset/Ischemia/MASK/11424.npy
235,/root/StrokeDataset/Ischemia/PNG/11427.png,/root/StrokeDataset/Ischemia/MASK/11427.npy
236,/root/StrokeDataset/Ischemia/PNG/11430.png,/root/StrokeDataset/Ischemia/MASK/11430.npy
237,/root/StrokeDataset/Ischemia/PNG/11432.png,/root/StrokeDataset/Ischemia/MASK/11432.npy
238,/root/StrokeDataset/Ischemia/PNG/11433.png,/root/StrokeDataset/Ischemia/MASK/11433.npy
239,/root/StrokeDataset/Ischemia/PNG/11443.png,/root/StrokeDataset/Ischemia/MASK/11443.npy
240,/root/StrokeDataset/Ischemia/PNG/11457.png,/root/StrokeDataset/Ischemia/MASK/11457.npy
241,/root/StrokeDataset/Ischemia/PNG/11466.png,/root/StrokeDataset/Ischemia/MASK/11466.npy
242,/root/StrokeDataset/Ischemia/PNG/11471.png,/root/StrokeDataset/Ischemia/MASK/11471.npy
243,/root/StrokeDataset/Ischemia/PNG/11478.png,/root/StrokeDataset/Ischemia/MASK/11478.npy
244,/root/StrokeDataset/Ischemia/PNG/11480.png,/root/StrokeDataset/Ischemia/MASK/11480.npy
245,/root/StrokeDataset/Ischemia/PNG/11485.png,/root/StrokeDataset/Ischemia/MASK/11485.npy
246,/root/StrokeDataset/Ischemia/PNG/11490.png,/root/StrokeDataset/Ischemia/MASK/11490.npy
247,/root/StrokeDataset/Ischemia/PNG/11492.png,/root/StrokeDataset/Ischemia/MASK/11492.npy
248,/root/StrokeDataset/Ischemia/PNG/11504.png,/root/StrokeDataset/Ischemia/MASK/11504.npy
249,/root/StrokeDataset/Ischemia/PNG/11521.png,/root/StrokeDataset/Ischemia/MASK/11521.npy
250,/root/StrokeDataset/Ischemia/PNG/11536.png,/root/StrokeDataset/Ischemia/MASK/11536.npy
251,/root/StrokeDataset/Ischemia/PNG/11545.png,/root/StrokeDataset/Ischemia/MASK/11545.npy
252,/root/StrokeDataset/Ischemia/PNG/11551.png,/root/StrokeDataset/Ischemia/MASK/11551.npy
253,/root/StrokeDataset/Ischemia/PNG/11552.png,/root/StrokeDataset/Ischemia/MASK/11552.npy
254,/root/StrokeDataset/Ischemia/PNG/11554.png,/root/StrokeDataset/Ischemia/MASK/11554.npy
255,/root/StrokeDataset/Ischemia/PNG/11556.png,/root/StrokeDataset/Ischemia/MASK/11556.npy
256,/root/StrokeDataset/Ischemia/PNG/11562.png,/root/StrokeDataset/Ischemia/MASK/11562.npy
257,/root/StrokeDataset/Ischemia/PNG/11565.png,/root/StrokeDataset/Ischemia/MASK/11565.npy
258,/root/StrokeDataset/Ischemia/PNG/11569.png,/root/StrokeDataset/Ischemia/MASK/11569.npy
259,/root/StrokeDataset/Ischemia/PNG/11570.png,/root/StrokeDataset/Ischemia/MASK/11570.npy
260,/root/StrokeDataset/Ischemia/PNG/11574.png,/root/StrokeDataset/Ischemia/MASK/11574.npy
261,/root/StrokeDataset/Ischemia/PNG/11579.png,/root/StrokeDataset/Ischemia/MASK/11579.npy
262,/root/StrokeDataset/Ischemia/PNG/11580.png,/root/StrokeDataset/Ischemia/MASK/11580.npy
263,/root/StrokeDataset/Ischemia/PNG/11597.png,/root/StrokeDataset/Ischemia/MASK/11597.npy
264,/root/StrokeDataset/Ischemia/PNG/11617.png,/root/StrokeDataset/Ischemia/MASK/11617.npy
265,/root/StrokeDataset/Ischemia/PNG/11624.png,/root/StrokeDataset/Ischemia/MASK/11624.npy
266,/root/StrokeDataset/Ischemia/PNG/11626.png,/root/StrokeDataset/Ischemia/MASK/11626.npy
267,/root/StrokeDataset/Ischemia/PNG/11629.png,/root/StrokeDataset/Ischemia/MASK/11629.npy
268,/root/StrokeDataset/Ischemia/PNG/11635.png,/root/StrokeDataset/Ischemia/MASK/11635.npy
269,/root/StrokeDataset/Ischemia/PNG/11638.png,/root/StrokeDataset/Ischemia/MASK/11638.npy
270,/root/StrokeDataset/Ischemia/PNG/11639.png,/root/StrokeDataset/Ischemia/MASK/11639.npy
271,/root/StrokeDataset/Ischemia/PNG/11640.png,/root/StrokeDataset/Ischemia/MASK/11640.npy
272,/root/StrokeDataset/Ischemia/PNG/11642.png,/root/StrokeDataset/Ischemia/MASK/11642.npy
273,/root/StrokeDataset/Ischemia/PNG/11655.png,/root/StrokeDataset/Ischemia/MASK/11655.npy
274,/root/StrokeDataset/Ischemia/PNG/11657.png,/root/StrokeDataset/Ischemia/MASK/11657.npy
275,/root/StrokeDataset/Ischemia/PNG/11663.png,/root/StrokeDataset/Ischemia/MASK/11663.npy
276,/root/StrokeDataset/Ischemia/PNG/11680.png,/root/StrokeDataset/Ischemia/MASK/11680.npy
277,/root/StrokeDataset/Ischemia/PNG/11686.png,/root/StrokeDataset/Ischemia/MASK/11686.npy
278,/root/StrokeDataset/Ischemia/PNG/11689.png,/root/StrokeDataset/Ischemia/MASK/11689.npy
279,/root/StrokeDataset/Ischemia/PNG/11695.png,/root/StrokeDataset/Ischemia/MASK/11695.npy
280,/root/StrokeDataset/Ischemia/PNG/11721.png,/root/StrokeDataset/Ischemia/MASK/11721.npy
281,/root/StrokeDataset/Ischemia/PNG/11723.png,/root/StrokeDataset/Ischemia/MASK/11723.npy
282,/root/StrokeDataset/Ischemia/PNG/11726.png,/root/StrokeDataset/Ischemia/MASK/11726.npy
283,/root/StrokeDataset/Ischemia/PNG/11729.png,/root/StrokeDataset/Ischemia/MASK/11729.npy
284,/root/StrokeDataset/Ischemia/PNG/11733.png,/root/StrokeDataset/Ischemia/MASK/11733.npy
285,/root/StrokeDataset/Ischemia/PNG/11734.png,/root/StrokeDataset/Ischemia/MASK/11734.npy
286,/root/StrokeDataset/Ischemia/PNG/11756.png,/root/StrokeDataset/Ischemia/MASK/11756.npy
287,/root/StrokeDataset/Ischemia/PNG/11767.png,/root/StrokeDataset/Ischemia/MASK/11767.npy
288,/root/StrokeDataset/Ischemia/PNG/11781.png,/root/StrokeDataset/Ischemia/MASK/11781.npy
289,/root/StrokeDataset/Ischemia/PNG/11799.png,/root/StrokeDataset/Ischemia/MASK/11799.npy
290,/root/StrokeDataset/Ischemia/PNG/11813.png,/root/StrokeDataset/Ischemia/MASK/11813.npy
291,/root/StrokeDataset/Ischemia/PNG/11821.png,/root/StrokeDataset/Ischemia/MASK/11821.npy
292,/root/StrokeDataset/Ischemia/PNG/11829.png,/root/StrokeDataset/Ischemia/MASK/11829.npy
293,/root/StrokeDataset/Ischemia/PNG/11858.png,/root/StrokeDataset/Ischemia/MASK/11858.npy
294,/root/StrokeDataset/Ischemia/PNG/11860.png,/root/StrokeDataset/Ischemia/MASK/11860.npy
295,/root/StrokeDataset/Ischemia/PNG/11868.png,/root/StrokeDataset/Ischemia/MASK/11868.npy
296,/root/StrokeDataset/Ischemia/PNG/11871.png,/root/StrokeDataset/Ischemia/MASK/11871.npy
297,/root/StrokeDataset/Ischemia/PNG/11896.png,/root/StrokeDataset/Ischemia/MASK/11896.npy
298,/root/StrokeDataset/Ischemia/PNG/11900.png,/root/StrokeDataset/Ischemia/MASK/11900.npy
299,/root/StrokeDataset/Ischemia/PNG/11905.png,/root/StrokeDataset/Ischemia/MASK/11905.npy
300,/root/StrokeDataset/Ischemia/PNG/11933.png,/root/StrokeDataset/Ischemia/MASK/11933.npy
301,/root/StrokeDataset/Ischemia/PNG/11936.png,/root/StrokeDataset/Ischemia/MASK/11936.npy
302,/root/StrokeDataset/Ischemia/PNG/11946.png,/root/StrokeDataset/Ischemia/MASK/11946.npy
303,/root/StrokeDataset/Ischemia/PNG/11955.png,/root/StrokeDataset/Ischemia/MASK/11955.npy
304,/root/StrokeDataset/Ischemia/PNG/11956.png,/root/StrokeDataset/Ischemia/MASK/11956.npy
305,/root/StrokeDataset/Ischemia/PNG/11971.png,/root/StrokeDataset/Ischemia/MASK/11971.npy
306,/root/StrokeDataset/Ischemia/PNG/11973.png,/root/StrokeDataset/Ischemia/MASK/11973.npy
307,/root/StrokeDataset/Ischemia/PNG/11974.png,/root/StrokeDataset/Ischemia/MASK/11974.npy
308,/root/StrokeDataset/Ischemia/PNG/11975.png,/root/StrokeDataset/Ischemia/MASK/11975.npy
309,/root/StrokeDataset/Ischemia/PNG/11987.png,/root/StrokeDataset/Ischemia/MASK/11987.npy
310,/root/StrokeDataset/Ischemia/PNG/11998.png,/root/StrokeDataset/Ischemia/MASK/11998.npy
311,/root/StrokeDataset/Ischemia/PNG/12019.png,/root/StrokeDataset/Ischemia/MASK/12019.npy
312,/root/StrokeDataset/Ischemia/PNG/12032.png,/root/StrokeDataset/Ischemia/MASK/12032.npy
313,/root/StrokeDataset/Ischemia/PNG/12035.png,/root/StrokeDataset/Ischemia/MASK/12035.npy
314,/root/StrokeDataset/Ischemia/PNG/12059.png,/root/StrokeDataset/Ischemia/MASK/12059.npy
315,/root/StrokeDataset/Ischemia/PNG/12064.png,/root/StrokeDataset/Ischemia/MASK/12064.npy
316,/root/StrokeDataset/Ischemia/PNG/12070.png,/root/StrokeDataset/Ischemia/MASK/12070.npy
317,/root/StrokeDataset/Ischemia/PNG/12075.png,/root/StrokeDataset/Ischemia/MASK/12075.npy
318,/root/StrokeDataset/Ischemia/PNG/12076.png,/root/StrokeDataset/Ischemia/MASK/12076.npy
319,/root/StrokeDataset/Ischemia/PNG/12080.png,/root/StrokeDataset/Ischemia/MASK/12080.npy
320,/root/StrokeDataset/Ischemia/PNG/12081.png,/root/StrokeDataset/Ischemia/MASK/12081.npy
321,/root/StrokeDataset/Ischemia/PNG/12090.png,/root/StrokeDataset/Ischemia/MASK/12090.npy
322,/root/StrokeDataset/Ischemia/PNG/12092.png,/root/StrokeDataset/Ischemia/MASK/12092.npy
323,/root/StrokeDataset/Ischemia/PNG/12095.png,/root/StrokeDataset/Ischemia/MASK/12095.npy
324,/root/StrokeDataset/Ischemia/PNG/12102.png,/root/StrokeDataset/Ischemia/MASK/12102.npy
325,/root/StrokeDataset/Ischemia/PNG/12105.png,/root/StrokeDataset/Ischemia/MASK/12105.npy
326,/root/StrokeDataset/Ischemia/PNG/12107.png,/root/StrokeDataset/Ischemia/MASK/12107.npy
327,/root/StrokeDataset/Ischemia/PNG/12111.png,/root/StrokeDataset/Ischemia/MASK/12111.npy
328,/root/StrokeDataset/Ischemia/PNG/12119.png,/root/StrokeDataset/Ischemia/MASK/12119.npy
329,/root/StrokeDataset/Ischemia/PNG/12125.png,/root/StrokeDataset/Ischemia/MASK/12125.npy
330,/root/StrokeDataset/Ischemia/PNG/12127.png,/root/StrokeDataset/Ischemia/MASK/12127.npy
331,/root/StrokeDataset/Ischemia/PNG/12135.png,/root/StrokeDataset/Ischemia/MASK/12135.npy
332,/root/StrokeDataset/Ischemia/PNG/12141.png,/root/StrokeDataset/Ischemia/MASK/12141.npy
333,/root/StrokeDataset/Ischemia/PNG/12149.png,/root/StrokeDataset/Ischemia/MASK/12149.npy
334,/root/StrokeDataset/Ischemia/PNG/12159.png,/root/StrokeDataset/Ischemia/MASK/12159.npy
335,/root/StrokeDataset/Ischemia/PNG/12161.png,/root/StrokeDataset/Ischemia/MASK/12161.npy
336,/root/StrokeDataset/Ischemia/PNG/12168.png,/root/StrokeDataset/Ischemia/MASK/12168.npy
337,/root/StrokeDataset/Ischemia/PNG/12173.png,/root/StrokeDataset/Ischemia/MASK/12173.npy
338,/root/StrokeDataset/Ischemia/PNG/12187.png,/root/StrokeDataset/Ischemia/MASK/12187.npy
339,/root/StrokeDataset/Ischemia/PNG/12191.png,/root/StrokeDataset/Ischemia/MASK/12191.npy
340,/root/StrokeDataset/Ischemia/PNG/12193.png,/root/StrokeDataset/Ischemia/MASK/12193.npy
341,/root/StrokeDataset/Ischemia/PNG/12206.png,/root/StrokeDataset/Ischemia/MASK/12206.npy
342,/root/StrokeDataset/Ischemia/PNG/12214.png,/root/StrokeDataset/Ischemia/MASK/12214.npy
343,/root/StrokeDataset/Ischemia/PNG/12217.png,/root/StrokeDataset/Ischemia/MASK/12217.npy
344,/root/StrokeDataset/Ischemia/PNG/12240.png,/root/StrokeDataset/Ischemia/MASK/12240.npy
345,/root/StrokeDataset/Ischemia/PNG/12242.png,/root/StrokeDataset/Ischemia/MASK/12242.npy
346,/root/StrokeDataset/Ischemia/PNG/12264.png,/root/StrokeDataset/Ischemia/MASK/12264.npy
347,/root/StrokeDataset/Ischemia/PNG/12291.png,/root/StrokeDataset/Ischemia/MASK/12291.npy
348,/root/StrokeDataset/Ischemia/PNG/12292.png,/root/StrokeDataset/Ischemia/MASK/12292.npy
349,/root/StrokeDataset/Ischemia/PNG/12298.png,/root/StrokeDataset/Ischemia/MASK/12298.npy
350,/root/StrokeDataset/Ischemia/PNG/12299.png,/root/StrokeDataset/Ischemia/MASK/12299.npy
351,/root/StrokeDataset/Ischemia/PNG/12300.png,/root/StrokeDataset/Ischemia/MASK/12300.npy
352,/root/StrokeDataset/Ischemia/PNG/12301.png,/root/StrokeDataset/Ischemia/MASK/12301.npy
353,/root/StrokeDataset/Ischemia/PNG/12306.png,/root/StrokeDataset/Ischemia/MASK/12306.npy
354,/root/StrokeDataset/Ischemia/PNG/12307.png,/root/StrokeDataset/Ischemia/MASK/12307.npy
355,/root/StrokeDataset/Ischemia/PNG/12309.png,/root/StrokeDataset/Ischemia/MASK/12309.npy
356,/root/StrokeDataset/Ischemia/PNG/12318.png,/root/StrokeDataset/Ischemia/MASK/12318.npy
357,/root/StrokeDataset/Ischemia/PNG/12325.png,/root/StrokeDataset/Ischemia/MASK/12325.npy
358,/root/StrokeDataset/Ischemia/PNG/12333.png,/root/StrokeDataset/Ischemia/MASK/12333.npy
359,/root/StrokeDataset/Ischemia/PNG/12346.png,/root/StrokeDataset/Ischemia/MASK/12346.npy
360,/root/StrokeDataset/Ischemia/PNG/12363.png,/root/StrokeDataset/Ischemia/MASK/12363.npy
361,/root/StrokeDataset/Ischemia/PNG/12364.png,/root/StrokeDataset/Ischemia/MASK/12364.npy
362,/root/StrokeDataset/Ischemia/PNG/12370.png,/root/StrokeDataset/Ischemia/MASK/12370.npy
363,/root/StrokeDataset/Ischemia/PNG/12380.png,/root/StrokeDataset/Ischemia/MASK/12380.npy
364,/root/StrokeDataset/Ischemia/PNG/12381.png,/root/StrokeDataset/Ischemia/MASK/12381.npy
365,/root/StrokeDataset/Ischemia/PNG/12384.png,/root/StrokeDataset/Ischemia/MASK/12384.npy
366,/root/StrokeDataset/Ischemia/PNG/12386.png,/root/StrokeDataset/Ischemia/MASK/12386.npy
367,/root/StrokeDataset/Ischemia/PNG/12395.png,/root/StrokeDataset/Ischemia/MASK/12395.npy
368,/root/StrokeDataset/Ischemia/PNG/12404.png,/root/StrokeDataset/Ischemia/MASK/12404.npy
369,/root/StrokeDataset/Ischemia/PNG/12405.png,/root/StrokeDataset/Ischemia/MASK/12405.npy
370,/root/StrokeDataset/Ischemia/PNG/12409.png,/root/StrokeDataset/Ischemia/MASK/12409.npy
371,/root/StrokeDataset/Ischemia/PNG/12412.png,/root/StrokeDataset/Ischemia/MASK/12412.npy
372,/root/StrokeDataset/Ischemia/PNG/12413.png,/root/StrokeDataset/Ischemia/MASK/12413.npy
373,/root/StrokeDataset/Ischemia/PNG/12420.png,/root/StrokeDataset/Ischemia/MASK/12420.npy
374,/root/StrokeDataset/Ischemia/PNG/12428.png,/root/StrokeDataset/Ischemia/MASK/12428.npy
375,/root/StrokeDataset/Ischemia/PNG/12433.png,/root/StrokeDataset/Ischemia/MASK/12433.npy
376,/root/StrokeDataset/Ischemia/PNG/12434.png,/root/StrokeDataset/Ischemia/MASK/12434.npy
377,/root/StrokeDataset/Ischemia/PNG/12455.png,/root/StrokeDataset/Ischemia/MASK/12455.npy
378,/root/StrokeDataset/Ischemia/PNG/12463.png,/root/StrokeDataset/Ischemia/MASK/12463.npy
379,/root/StrokeDataset/Ischemia/PNG/12467.png,/root/StrokeDataset/Ischemia/MASK/12467.npy
380,/root/StrokeDataset/Ischemia/PNG/12470.png,/root/StrokeDataset/Ischemia/MASK/12470.npy
381,/root/StrokeDataset/Ischemia/PNG/12472.png,/root/StrokeDataset/Ischemia/MASK/12472.npy
382,/root/StrokeDataset/Ischemia/PNG/12473.png,/root/StrokeDataset/Ischemia/MASK/12473.npy
383,/root/StrokeDataset/Ischemia/PNG/12490.png,/root/StrokeDataset/Ischemia/MASK/12490.npy
384,/root/StrokeDataset/Ischemia/PNG/12492.png,/root/StrokeDataset/Ischemia/MASK/12492.npy
385,/root/StrokeDataset/Ischemia/PNG/12498.png,/root/StrokeDataset/Ischemia/MASK/12498.npy
386,/root/StrokeDataset/Ischemia/PNG/12499.png,/root/StrokeDataset/Ischemia/MASK/12499.npy
387,/root/StrokeDataset/Ischemia/PNG/12500.png,/root/StrokeDataset/Ischemia/MASK/12500.npy
388,/root/StrokeDataset/Ischemia/PNG/12503.png,/root/StrokeDataset/Ischemia/MASK/12503.npy
389,/root/StrokeDataset/Ischemia/PNG/12519.png,/root/StrokeDataset/Ischemia/MASK/12519.npy
390,/root/StrokeDataset/Ischemia/PNG/12521.png,/root/StrokeDataset/Ischemia/MASK/12521.npy
391,/root/StrokeDataset/Ischemia/PNG/12523.png,/root/StrokeDataset/Ischemia/MASK/12523.npy
392,/root/StrokeDataset/Ischemia/PNG/12527.png,/root/StrokeDataset/Ischemia/MASK/12527.npy
393,/root/StrokeDataset/Ischemia/PNG/12529.png,/root/StrokeDataset/Ischemia/MASK/12529.npy
394,/root/StrokeDataset/Ischemia/PNG/12544.png,/root/StrokeDataset/Ischemia/MASK/12544.npy
395,/root/StrokeDataset/Ischemia/PNG/12547.png,/root/StrokeDataset/Ischemia/MASK/12547.npy
396,/root/StrokeDataset/Ischemia/PNG/12554.png,/root/StrokeDataset/Ischemia/MASK/12554.npy
397,/root/StrokeDataset/Ischemia/PNG/12556.png,/root/StrokeDataset/Ischemia/MASK/12556.npy
398,/root/StrokeDataset/Ischemia/PNG/12563.png,/root/StrokeDataset/Ischemia/MASK/12563.npy
399,/root/StrokeDataset/Ischemia/PNG/12567.png,/root/StrokeDataset/Ischemia/MASK/12567.npy
400,/root/StrokeDataset/Ischemia/PNG/12576.png,/root/StrokeDataset/Ischemia/MASK/12576.npy
401,/root/StrokeDataset/Ischemia/PNG/12581.png,/root/StrokeDataset/Ischemia/MASK/12581.npy
402,/root/StrokeDataset/Ischemia/PNG/12585.png,/root/StrokeDataset/Ischemia/MASK/12585.npy
403,/root/StrokeDataset/Ischemia/PNG/12587.png,/root/StrokeDataset/Ischemia/MASK/12587.npy
404,/root/StrokeDataset/Ischemia/PNG/12589.png,/root/StrokeDataset/Ischemia/MASK/12589.npy
405,/root/StrokeDataset/Ischemia/PNG/12600.png,/root/StrokeDataset/Ischemia/MASK/12600.npy
406,/root/StrokeDataset/Ischemia/PNG/12608.png,/root/StrokeDataset/Ischemia/MASK/12608.npy
407,/root/StrokeDataset/Ischemia/PNG/12617.png,/root/StrokeDataset/Ischemia/MASK/12617.npy
408,/root/StrokeDataset/Ischemia/PNG/12618.png,/root/StrokeDataset/Ischemia/MASK/12618.npy
409,/root/StrokeDataset/Ischemia/PNG/12621.png,/root/StrokeDataset/Ischemia/MASK/12621.npy
410,/root/StrokeDataset/Ischemia/PNG/12628.png,/root/StrokeDataset/Ischemia/MASK/12628.npy
411,/root/StrokeDataset/Ischemia/PNG/12630.png,/root/StrokeDataset/Ischemia/MASK/12630.npy
412,/root/StrokeDataset/Ischemia/PNG/12647.png,/root/StrokeDataset/Ischemia/MASK/12647.npy
413,/root/StrokeDataset/Ischemia/PNG/12650.png,/root/StrokeDataset/Ischemia/MASK/12650.npy
414,/root/StrokeDataset/Ischemia/PNG/12656.png,/root/StrokeDataset/Ischemia/MASK/12656.npy
415,/root/StrokeDataset/Ischemia/PNG/12659.png,/root/StrokeDataset/Ischemia/MASK/12659.npy
416,/root/StrokeDataset/Ischemia/PNG/12677.png,/root/StrokeDataset/Ischemia/MASK/12677.npy
417,/root/StrokeDataset/Ischemia/PNG/12688.png,/root/StrokeDataset/Ischemia/MASK/12688.npy
418,/root/StrokeDataset/Ischemia/PNG/12694.png,/root/StrokeDataset/Ischemia/MASK/12694.npy
419,/root/StrokeDataset/Ischemia/PNG/12695.png,/root/StrokeDataset/Ischemia/MASK/12695.npy
420,/root/StrokeDataset/Ischemia/PNG/12697.png,/root/StrokeDataset/Ischemia/MASK/12697.npy
421,/root/StrokeDataset/Ischemia/PNG/12699.png,/root/StrokeDataset/Ischemia/MASK/12699.npy
422,/root/StrokeDataset/Ischemia/PNG/12703.png,/root/StrokeDataset/Ischemia/MASK/12703.npy
423,/root/StrokeDataset/Ischemia/PNG/12711.png,/root/StrokeDataset/Ischemia/MASK/12711.npy
424,/root/StrokeDataset/Ischemia/PNG/12714.png,/root/StrokeDataset/Ischemia/MASK/12714.npy
425,/root/StrokeDataset/Ischemia/PNG/12716.png,/root/StrokeDataset/Ischemia/MASK/12716.npy
426,/root/StrokeDataset/Ischemia/PNG/12717.png,/root/StrokeDataset/Ischemia/MASK/12717.npy
427,/root/StrokeDataset/Ischemia/PNG/12719.png,/root/StrokeDataset/Ischemia/MASK/12719.npy
428,/root/StrokeDataset/Ischemia/PNG/12720.png,/root/StrokeDataset/Ischemia/MASK/12720.npy
429,/root/StrokeDataset/Ischemia/PNG/12721.png,/root/StrokeDataset/Ischemia/MASK/12721.npy
430,/root/StrokeDataset/Ischemia/PNG/12722.png,/root/StrokeDataset/Ischemia/MASK/12722.npy
431,/root/StrokeDataset/Ischemia/PNG/12728.png,/root/StrokeDataset/Ischemia/MASK/12728.npy
432,/root/StrokeDataset/Ischemia/PNG/12741.png,/root/StrokeDataset/Ischemia/MASK/12741.npy
433,/root/StrokeDataset/Ischemia/PNG/12757.png,/root/StrokeDataset/Ischemia/MASK/12757.npy
434,/root/StrokeDataset/Ischemia/PNG/12759.png,/root/StrokeDataset/Ischemia/MASK/12759.npy
435,/root/StrokeDataset/Ischemia/PNG/12761.png,/root/StrokeDataset/Ischemia/MASK/12761.npy
436,/root/StrokeDataset/Ischemia/PNG/12769.png,/root/StrokeDataset/Ischemia/MASK/12769.npy
437,/root/StrokeDataset/Ischemia/PNG/12777.png,/root/StrokeDataset/Ischemia/MASK/12777.npy
438,/root/StrokeDataset/Ischemia/PNG/12788.png,/root/StrokeDataset/Ischemia/MASK/12788.npy
439,/root/StrokeDataset/Ischemia/PNG/12791.png,/root/StrokeDataset/Ischemia/MASK/12791.npy
440,/root/StrokeDataset/Ischemia/PNG/12795.png,/root/StrokeDataset/Ischemia/MASK/12795.npy
441,/root/StrokeDataset/Ischemia/PNG/12804.png,/root/StrokeDataset/Ischemia/MASK/12804.npy
442,/root/StrokeDataset/Ischemia/PNG/12811.png,/root/StrokeDataset/Ischemia/MASK/12811.npy
443,/root/StrokeDataset/Ischemia/PNG/12829.png,/root/StrokeDataset/Ischemia/MASK/12829.npy
444,/root/StrokeDataset/Ischemia/PNG/12831.png,/root/StrokeDataset/Ischemia/MASK/12831.npy
445,/root/StrokeDataset/Ischemia/PNG/12833.png,/root/StrokeDataset/Ischemia/MASK/12833.npy
446,/root/StrokeDataset/Ischemia/PNG/12840.png,/root/StrokeDataset/Ischemia/MASK/12840.npy
447,/root/StrokeDataset/Ischemia/PNG/12847.png,/root/StrokeDataset/Ischemia/MASK/12847.npy
448,/root/StrokeDataset/Ischemia/PNG/12850.png,/root/StrokeDataset/Ischemia/MASK/12850.npy
449,/root/StrokeDataset/Ischemia/PNG/12859.png,/root/StrokeDataset/Ischemia/MASK/12859.npy
450,/root/StrokeDataset/Ischemia/PNG/12865.png,/root/StrokeDataset/Ischemia/MASK/12865.npy
451,/root/StrokeDataset/Ischemia/PNG/12878.png,/root/StrokeDataset/Ischemia/MASK/12878.npy
452,/root/StrokeDataset/Ischemia/PNG/12882.png,/root/StrokeDataset/Ischemia/MASK/12882.npy
453,/root/StrokeDataset/Ischemia/PNG/12883.png,/root/StrokeDataset/Ischemia/MASK/12883.npy
454,/root/StrokeDataset/Ischemia/PNG/12884.png,/root/StrokeDataset/Ischemia/MASK/12884.npy
455,/root/StrokeDataset/Ischemia/PNG/12888.png,/root/StrokeDataset/Ischemia/MASK/12888.npy
456,/root/StrokeDataset/Ischemia/PNG/12897.png,/root/StrokeDataset/Ischemia/MASK/12897.npy
457,/root/StrokeDataset/Ischemia/PNG/12898.png,/root/StrokeDataset/Ischemia/MASK/12898.npy
458,/root/StrokeDataset/Ischemia/PNG/12912.png,/root/StrokeDataset/Ischemia/MASK/12912.npy
459,/root/StrokeDataset/Ischemia/PNG/12919.png,/root/StrokeDataset/Ischemia/MASK/12919.npy
460,/root/StrokeDataset/Ischemia/PNG/12923.png,/root/StrokeDataset/Ischemia/MASK/12923.npy
461,/root/StrokeDataset/Ischemia/PNG/12927.png,/root/StrokeDataset/Ischemia/MASK/12927.npy
462,/root/StrokeDataset/Ischemia/PNG/12934.png,/root/StrokeDataset/Ischemia/MASK/12934.npy
463,/root/StrokeDataset/Ischemia/PNG/12950.png,/root/StrokeDataset/Ischemia/MASK/12950.npy
464,/root/StrokeDataset/Ischemia/PNG/12952.png,/root/StrokeDataset/Ischemia/MASK/12952.npy
465,/root/StrokeDataset/Ischemia/PNG/12954.png,/root/StrokeDataset/Ischemia/MASK/12954.npy
466,/root/StrokeDataset/Ischemia/PNG/12965.png,/root/StrokeDataset/Ischemia/MASK/12965.npy
467,/root/StrokeDataset/Ischemia/PNG/12985.png,/root/StrokeDataset/Ischemia/MASK/12985.npy
468,/root/StrokeDataset/Ischemia/PNG/13010.png,/root/StrokeDataset/Ischemia/MASK/13010.npy
469,/root/StrokeDataset/Ischemia/PNG/13011.png,/root/StrokeDataset/Ischemia/MASK/13011.npy
470,/root/StrokeDataset/Ischemia/PNG/13015.png,/root/StrokeDataset/Ischemia/MASK/13015.npy
471,/root/StrokeDataset/Ischemia/PNG/13025.png,/root/StrokeDataset/Ischemia/MASK/13025.npy
472,/root/StrokeDataset/Ischemia/PNG/13045.png,/root/StrokeDataset/Ischemia/MASK/13045.npy
473,/root/StrokeDataset/Ischemia/PNG/13046.png,/root/StrokeDataset/Ischemia/MASK/13046.npy
474,/root/StrokeDataset/Ischemia/PNG/13060.png,/root/StrokeDataset/Ischemia/MASK/13060.npy
475,/root/StrokeDataset/Ischemia/PNG/13062.png,/root/StrokeDataset/Ischemia/MASK/13062.npy
476,/root/StrokeDataset/Ischemia/PNG/13077.png,/root/StrokeDataset/Ischemia/MASK/13077.npy
477,/root/StrokeDataset/Ischemia/PNG/13078.png,/root/StrokeDataset/Ischemia/MASK/13078.npy
478,/root/StrokeDataset/Ischemia/PNG/13081.png,/root/StrokeDataset/Ischemia/MASK/13081.npy
479,/root/StrokeDataset/Ischemia/PNG/13083.png,/root/StrokeDataset/Ischemia/MASK/13083.npy
480,/root/StrokeDataset/Ischemia/PNG/13091.png,/root/StrokeDataset/Ischemia/MASK/13091.npy
481,/root/StrokeDataset/Ischemia/PNG/13092.png,/root/StrokeDataset/Ischemia/MASK/13092.npy
482,/root/StrokeDataset/Ischemia/PNG/13096.png,/root/StrokeDataset/Ischemia/MASK/13096.npy
483,/root/StrokeDataset/Ischemia/PNG/13100.png,/root/StrokeDataset/Ischemia/MASK/13100.npy
484,/root/StrokeDataset/Ischemia/PNG/13105.png,/root/StrokeDataset/Ischemia/MASK/13105.npy
485,/root/StrokeDataset/Ischemia/PNG/13108.png,/root/StrokeDataset/Ischemia/MASK/13108.npy
486,/root/StrokeDataset/Ischemia/PNG/13115.png,/root/StrokeDataset/Ischemia/MASK/13115.npy
487,/root/StrokeDataset/Ischemia/PNG/13125.png,/root/StrokeDataset/Ischemia/MASK/13125.npy
488,/root/StrokeDataset/Ischemia/PNG/13142.png,/root/StrokeDataset/Ischemia/MASK/13142.npy
489,/root/StrokeDataset/Ischemia/PNG/13151.png,/root/StrokeDataset/Ischemia/MASK/13151.npy
490,/root/StrokeDataset/Ischemia/PNG/13154.png,/root/StrokeDataset/Ischemia/MASK/13154.npy
491,/root/StrokeDataset/Ischemia/PNG/13156.png,/root/StrokeDataset/Ischemia/MASK/13156.npy
492,/root/StrokeDataset/Ischemia/PNG/13158.png,/root/StrokeDataset/Ischemia/MASK/13158.npy
493,/root/StrokeDataset/Ischemia/PNG/13161.png,/root/StrokeDataset/Ischemia/MASK/13161.npy
494,/root/StrokeDataset/Ischemia/PNG/13165.png,/root/StrokeDataset/Ischemia/MASK/13165.npy
495,/root/StrokeDataset/Ischemia/PNG/13173.png,/root/StrokeDataset/Ischemia/MASK/13173.npy
496,/root/StrokeDataset/Ischemia/PNG/13174.png,/root/StrokeDataset/Ischemia/MASK/13174.npy
497,/root/StrokeDataset/Ischemia/PNG/13183.png,/root/StrokeDataset/Ischemia/MASK/13183.npy
498,/root/StrokeDataset/Ischemia/PNG/13188.png,/root/StrokeDataset/Ischemia/MASK/13188.npy
499,/root/StrokeDataset/Ischemia/PNG/13192.png,/root/StrokeDataset/Ischemia/MASK/13192.npy
500,/root/StrokeDataset/Ischemia/PNG/13193.png,/root/StrokeDataset/Ischemia/MASK/13193.npy
501,/root/StrokeDataset/Ischemia/PNG/13195.png,/root/StrokeDataset/Ischemia/MASK/13195.npy
502,/root/StrokeDataset/Ischemia/PNG/13206.png,/root/StrokeDataset/Ischemia/MASK/13206.npy
503,/root/StrokeDataset/Ischemia/PNG/13217.png,/root/StrokeDataset/Ischemia/MASK/13217.npy
504,/root/StrokeDataset/Ischemia/PNG/13231.png,/root/StrokeDataset/Ischemia/MASK/13231.npy
505,/root/StrokeDataset/Ischemia/PNG/13233.png,/root/StrokeDataset/Ischemia/MASK/13233.npy
506,/root/StrokeDataset/Ischemia/PNG/13248.png,/root/StrokeDataset/Ischemia/MASK/13248.npy
507,/root/StrokeDataset/Ischemia/PNG/13253.png,/root/StrokeDataset/Ischemia/MASK/13253.npy
508,/root/StrokeDataset/Ischemia/PNG/13259.png,/root/StrokeDataset/Ischemia/MASK/13259.npy
509,/root/StrokeDataset/Ischemia/PNG/13261.png,/root/StrokeDataset/Ischemia/MASK/13261.npy
510,/root/StrokeDataset/Ischemia/PNG/13275.png,/root/StrokeDataset/Ischemia/MASK/13275.npy
511,/root/StrokeDataset/Ischemia/PNG/13283.png,/root/StrokeDataset/Ischemia/MASK/13283.npy
512,/root/StrokeDataset/Ischemia/PNG/13285.png,/root/StrokeDataset/Ischemia/MASK/13285.npy
513,/root/StrokeDataset/Ischemia/PNG/13297.png,/root/StrokeDataset/Ischemia/MASK/13297.npy
514,/root/StrokeDataset/Ischemia/PNG/13301.png,/root/StrokeDataset/Ischemia/MASK/13301.npy
515,/root/StrokeDataset/Ischemia/PNG/13313.png,/root/StrokeDataset/Ischemia/MASK/13313.npy
516,/root/StrokeDataset/Ischemia/PNG/13318.png,/root/StrokeDataset/Ischemia/MASK/13318.npy
517,/root/StrokeDataset/Ischemia/PNG/13324.png,/root/StrokeDataset/Ischemia/MASK/13324.npy
518,/root/StrokeDataset/Ischemia/PNG/13338.png,/root/StrokeDataset/Ischemia/MASK/13338.npy
519,/root/StrokeDataset/Ischemia/PNG/13339.png,/root/StrokeDataset/Ischemia/MASK/13339.npy
520,/root/StrokeDataset/Ischemia/PNG/13340.png,/root/StrokeDataset/Ischemia/MASK/13340.npy
521,/root/StrokeDataset/Ischemia/PNG/13343.png,/root/StrokeDataset/Ischemia/MASK/13343.npy
522,/root/StrokeDataset/Ischemia/PNG/13344.png,/root/StrokeDataset/Ischemia/MASK/13344.npy
523,/root/StrokeDataset/Ischemia/PNG/13364.png,/root/StrokeDataset/Ischemia/MASK/13364.npy
524,/root/StrokeDataset/Ischemia/PNG/13367.png,/root/StrokeDataset/Ischemia/MASK/13367.npy
525,/root/StrokeDataset/Ischemia/PNG/13377.png,/root/StrokeDataset/Ischemia/MASK/13377.npy
526,/root/StrokeDataset/Ischemia/PNG/13393.png,/root/StrokeDataset/Ischemia/MASK/13393.npy
527,/root/StrokeDataset/Ischemia/PNG/13409.png,/root/StrokeDataset/Ischemia/MASK/13409.npy
528,/root/StrokeDataset/Ischemia/PNG/13421.png,/root/StrokeDataset/Ischemia/MASK/13421.npy
529,/root/StrokeDataset/Ischemia/PNG/13433.png,/root/StrokeDataset/Ischemia/MASK/13433.npy
530,/root/StrokeDataset/Ischemia/PNG/13436.png,/root/StrokeDataset/Ischemia/MASK/13436.npy
531,/root/StrokeDataset/Ischemia/PNG/13440.png,/root/StrokeDataset/Ischemia/MASK/13440.npy
532,/root/StrokeDataset/Ischemia/PNG/13442.png,/root/StrokeDataset/Ischemia/MASK/13442.npy
533,/root/StrokeDataset/Ischemia/PNG/13443.png,/root/StrokeDataset/Ischemia/MASK/13443.npy
534,/root/StrokeDataset/Ischemia/PNG/13445.png,/root/StrokeDataset/Ischemia/MASK/13445.npy
535,/root/StrokeDataset/Ischemia/PNG/13448.png,/root/StrokeDataset/Ischemia/MASK/13448.npy
536,/root/StrokeDataset/Ischemia/PNG/13450.png,/root/StrokeDataset/Ischemia/MASK/13450.npy
537,/root/StrokeDataset/Ischemia/PNG/13456.png,/root/StrokeDataset/Ischemia/MASK/13456.npy
538,/root/StrokeDataset/Ischemia/PNG/13480.png,/root/StrokeDataset/Ischemia/MASK/13480.npy
539,/root/StrokeDataset/Ischemia/PNG/13486.png,/root/StrokeDataset/Ischemia/MASK/13486.npy
540,/root/StrokeDataset/Ischemia/PNG/13491.png,/root/StrokeDataset/Ischemia/MASK/13491.npy
541,/root/StrokeDataset/Ischemia/PNG/13511.png,/root/StrokeDataset/Ischemia/MASK/13511.npy
542,/root/StrokeDataset/Ischemia/PNG/13514.png,/root/StrokeDataset/Ischemia/MASK/13514.npy
543,/root/StrokeDataset/Ischemia/PNG/13517.png,/root/StrokeDataset/Ischemia/MASK/13517.npy
544,/root/StrokeDataset/Ischemia/PNG/13521.png,/root/StrokeDataset/Ischemia/MASK/13521.npy
545,/root/StrokeDataset/Ischemia/PNG/13525.png,/root/StrokeDataset/Ischemia/MASK/13525.npy
546,/root/StrokeDataset/Ischemia/PNG/13528.png,/root/StrokeDataset/Ischemia/MASK/13528.npy
547,/root/StrokeDataset/Ischemia/PNG/13531.png,/root/StrokeDataset/Ischemia/MASK/13531.npy
548,/root/StrokeDataset/Ischemia/PNG/13535.png,/root/StrokeDataset/Ischemia/MASK/13535.npy
549,/root/StrokeDataset/Ischemia/PNG/13548.png,/root/StrokeDataset/Ischemia/MASK/13548.npy
550,/root/StrokeDataset/Ischemia/PNG/13553.png,/root/StrokeDataset/Ischemia/MASK/13553.npy
551,/root/StrokeDataset/Ischemia/PNG/13555.png,/root/StrokeDataset/Ischemia/MASK/13555.npy
552,/root/StrokeDataset/Ischemia/PNG/13567.png,/root/StrokeDataset/Ischemia/MASK/13567.npy
553,/root/StrokeDataset/Ischemia/PNG/13573.png,/root/StrokeDataset/Ischemia/MASK/13573.npy
554,/root/StrokeDataset/Ischemia/PNG/13581.png,/root/StrokeDataset/Ischemia/MASK/13581.npy
555,/root/StrokeDataset/Ischemia/PNG/13582.png,/root/StrokeDataset/Ischemia/MASK/13582.npy
556,/root/StrokeDataset/Ischemia/PNG/13584.png,/root/StrokeDataset/Ischemia/MASK/13584.npy
557,/root/StrokeDataset/Ischemia/PNG/13587.png,/root/StrokeDataset/Ischemia/MASK/13587.npy
558,/root/StrokeDataset/Ischemia/PNG/13593.png,/root/StrokeDataset/Ischemia/MASK/13593.npy
559,/root/StrokeDataset/Ischemia/PNG/13599.png,/root/StrokeDataset/Ischemia/MASK/13599.npy
560,/root/StrokeDataset/Ischemia/PNG/13604.png,/root/StrokeDataset/Ischemia/MASK/13604.npy
561,/root/StrokeDataset/Ischemia/PNG/13613.png,/root/StrokeDataset/Ischemia/MASK/13613.npy
562,/root/StrokeDataset/Ischemia/PNG/13616.png,/root/StrokeDataset/Ischemia/MASK/13616.npy
563,/root/StrokeDataset/Ischemia/PNG/13623.png,/root/StrokeDataset/Ischemia/MASK/13623.npy
564,/root/StrokeDataset/Ischemia/PNG/13625.png,/root/StrokeDataset/Ischemia/MASK/13625.npy
565,/root/StrokeDataset/Ischemia/PNG/13626.png,/root/StrokeDataset/Ischemia/MASK/13626.npy
566,/root/StrokeDataset/Ischemia/PNG/13632.png,/root/StrokeDataset/Ischemia/MASK/13632.npy
567,/root/StrokeDataset/Ischemia/PNG/13640.png,/root/StrokeDataset/Ischemia/MASK/13640.npy
568,/root/StrokeDataset/Ischemia/PNG/13650.png,/root/StrokeDataset/Ischemia/MASK/13650.npy
569,/root/StrokeDataset/Ischemia/PNG/13667.png,/root/StrokeDataset/Ischemia/MASK/13667.npy
570,/root/StrokeDataset/Ischemia/PNG/13671.png,/root/StrokeDataset/Ischemia/MASK/13671.npy
571,/root/StrokeDataset/Ischemia/PNG/13674.png,/root/StrokeDataset/Ischemia/MASK/13674.npy
572,/root/StrokeDataset/Ischemia/PNG/13677.png,/root/StrokeDataset/Ischemia/MASK/13677.npy
573,/root/StrokeDataset/Ischemia/PNG/13692.png,/root/StrokeDataset/Ischemia/MASK/13692.npy
574,/root/StrokeDataset/Ischemia/PNG/13705.png,/root/StrokeDataset/Ischemia/MASK/13705.npy
575,/root/StrokeDataset/Ischemia/PNG/13724.png,/root/StrokeDataset/Ischemia/MASK/13724.npy
576,/root/StrokeDataset/Ischemia/PNG/13727.png,/root/StrokeDataset/Ischemia/MASK/13727.npy
577,/root/StrokeDataset/Ischemia/PNG/13738.png,/root/StrokeDataset/Ischemia/MASK/13738.npy
578,/root/StrokeDataset/Ischemia/PNG/13753.png,/root/StrokeDataset/Ischemia/MASK/13753.npy
579,/root/StrokeDataset/Ischemia/PNG/13754.png,/root/StrokeDataset/Ischemia/MASK/13754.npy
580,/root/StrokeDataset/Ischemia/PNG/13755.png,/root/StrokeDataset/Ischemia/MASK/13755.npy
581,/root/StrokeDataset/Ischemia/PNG/13766.png,/root/StrokeDataset/Ischemia/MASK/13766.npy
582,/root/StrokeDataset/Ischemia/PNG/13767.png,/root/StrokeDataset/Ischemia/MASK/13767.npy
583,/root/StrokeDataset/Ischemia/PNG/13772.png,/root/StrokeDataset/Ischemia/MASK/13772.npy
584,/root/StrokeDataset/Ischemia/PNG/13773.png,/root/StrokeDataset/Ischemia/MASK/13773.npy
585,/root/StrokeDataset/Ischemia/PNG/13776.png,/root/StrokeDataset/Ischemia/MASK/13776.npy
586,/root/StrokeDataset/Ischemia/PNG/13786.png,/root/StrokeDataset/Ischemia/MASK/13786.npy
587,/root/StrokeDataset/Ischemia/PNG/13797.png,/root/StrokeDataset/Ischemia/MASK/13797.npy
588,/root/StrokeDataset/Ischemia/PNG/13801.png,/root/StrokeDataset/Ischemia/MASK/13801.npy
589,/root/StrokeDataset/Ischemia/PNG/13809.png,/root/StrokeDataset/Ischemia/MASK/13809.npy
590,/root/StrokeDataset/Ischemia/PNG/13811.png,/root/StrokeDataset/Ischemia/MASK/13811.npy
591,/root/StrokeDataset/Ischemia/PNG/13833.png,/root/StrokeDataset/Ischemia/MASK/13833.npy
592,/root/StrokeDataset/Ischemia/PNG/13838.png,/root/StrokeDataset/Ischemia/MASK/13838.npy
593,/root/StrokeDataset/Ischemia/PNG/13848.png,/root/StrokeDataset/Ischemia/MASK/13848.npy
594,/root/StrokeDataset/Ischemia/PNG/13860.png,/root/StrokeDataset/Ischemia/MASK/13860.npy
595,/root/StrokeDataset/Ischemia/PNG/13867.png,/root/StrokeDataset/Ischemia/MASK/13867.npy
596,/root/StrokeDataset/Ischemia/PNG/13872.png,/root/StrokeDataset/Ischemia/MASK/13872.npy
597,/root/StrokeDataset/Ischemia/PNG/13888.png,/root/StrokeDataset/Ischemia/MASK/13888.npy
598,/root/StrokeDataset/Ischemia/PNG/13889.png,/root/StrokeDataset/Ischemia/MASK/13889.npy
599,/root/StrokeDataset/Ischemia/PNG/13892.png,/root/StrokeDataset/Ischemia/MASK/13892.npy
600,/root/StrokeDataset/Ischemia/PNG/13894.png,/root/StrokeDataset/Ischemia/MASK/13894.npy
601,/root/StrokeDataset/Ischemia/PNG/13895.png,/root/StrokeDataset/Ischemia/MASK/13895.npy
602,/root/StrokeDataset/Ischemia/PNG/13898.png,/root/StrokeDataset/Ischemia/MASK/13898.npy
603,/root/StrokeDataset/Ischemia/PNG/13911.png,/root/StrokeDataset/Ischemia/MASK/13911.npy
604,/root/StrokeDataset/Ischemia/PNG/13915.png,/root/StrokeDataset/Ischemia/MASK/13915.npy
605,/root/StrokeDataset/Ischemia/PNG/13922.png,/root/StrokeDataset/Ischemia/MASK/13922.npy
606,/root/StrokeDataset/Ischemia/PNG/13924.png,/root/StrokeDataset/Ischemia/MASK/13924.npy
607,/root/StrokeDataset/Ischemia/PNG/13925.png,/root/StrokeDataset/Ischemia/MASK/13925.npy
608,/root/StrokeDataset/Ischemia/PNG/13938.png,/root/StrokeDataset/Ischemia/MASK/13938.npy
609,/root/StrokeDataset/Ischemia/PNG/13945.png,/root/StrokeDataset/Ischemia/MASK/13945.npy
610,/root/StrokeDataset/Ischemia/PNG/13952.png,/root/StrokeDataset/Ischemia/MASK/13952.npy
611,/root/StrokeDataset/Ischemia/PNG/13968.png,/root/StrokeDataset/Ischemia/MASK/13968.npy
612,/root/StrokeDataset/Ischemia/PNG/13977.png,/root/StrokeDataset/Ischemia/MASK/13977.npy
613,/root/StrokeDataset/Ischemia/PNG/13989.png,/root/StrokeDataset/Ischemia/MASK/13989.npy
614,/root/StrokeDataset/Ischemia/PNG/13992.png,/root/StrokeDataset/Ischemia/MASK/13992.npy
615,/root/StrokeDataset/Ischemia/PNG/14000.png,/root/StrokeDataset/Ischemia/MASK/14000.npy
616,/root/StrokeDataset/Ischemia/PNG/14002.png,/root/StrokeDataset/Ischemia/MASK/14002.npy
617,/root/StrokeDataset/Ischemia/PNG/14015.png,/root/StrokeDataset/Ischemia/MASK/14015.npy
618,/root/StrokeDataset/Ischemia/PNG/14017.png,/root/StrokeDataset/Ischemia/MASK/14017.npy
619,/root/StrokeDataset/Ischemia/PNG/14018.png,/root/StrokeDataset/Ischemia/MASK/14018.npy
620,/root/StrokeDataset/Ischemia/PNG/14022.png,/root/StrokeDataset/Ischemia/MASK/14022.npy
621,/root/StrokeDataset/Ischemia/PNG/14029.png,/root/StrokeDataset/Ischemia/MASK/14029.npy
622,/root/StrokeDataset/Ischemia/PNG/14036.png,/root/StrokeDataset/Ischemia/MASK/14036.npy
623,/root/StrokeDataset/Ischemia/PNG/14038.png,/root/StrokeDataset/Ischemia/MASK/14038.npy
624,/root/StrokeDataset/Ischemia/PNG/14042.png,/root/StrokeDataset/Ischemia/MASK/14042.npy
625,/root/StrokeDataset/Ischemia/PNG/14047.png,/root/StrokeDataset/Ischemia/MASK/14047.npy
626,/root/StrokeDataset/Ischemia/PNG/14051.png,/root/StrokeDataset/Ischemia/MASK/14051.npy
627,/root/StrokeDataset/Ischemia/PNG/14055.png,/root/StrokeDataset/Ischemia/MASK/14055.npy
628,/root/StrokeDataset/Ischemia/PNG/14057.png,/root/StrokeDataset/Ischemia/MASK/14057.npy
629,/root/StrokeDataset/Ischemia/PNG/14066.png,/root/StrokeDataset/Ischemia/MASK/14066.npy
630,/root/StrokeDataset/Ischemia/PNG/14067.png,/root/StrokeDataset/Ischemia/MASK/14067.npy
631,/root/StrokeDataset/Ischemia/PNG/14071.png,/root/StrokeDataset/Ischemia/MASK/14071.npy
632,/root/StrokeDataset/Ischemia/PNG/14074.png,/root/StrokeDataset/Ischemia/MASK/14074.npy
633,/root/StrokeDataset/Ischemia/PNG/14078.png,/root/StrokeDataset/Ischemia/MASK/14078.npy
634,/root/StrokeDataset/Ischemia/PNG/14085.png,/root/StrokeDataset/Ischemia/MASK/14085.npy
635,/root/StrokeDataset/Ischemia/PNG/14087.png,/root/StrokeDataset/Ischemia/MASK/14087.npy
636,/root/StrokeDataset/Ischemia/PNG/14089.png,/root/StrokeDataset/Ischemia/MASK/14089.npy
637,/root/StrokeDataset/Ischemia/PNG/14104.png,/root/StrokeDataset/Ischemia/MASK/14104.npy
638,/root/StrokeDataset/Ischemia/PNG/14108.png,/root/StrokeDataset/Ischemia/MASK/14108.npy
639,/root/StrokeDataset/Ischemia/PNG/14125.png,/root/StrokeDataset/Ischemia/MASK/14125.npy
640,/root/StrokeDataset/Ischemia/PNG/14127.png,/root/StrokeDataset/Ischemia/MASK/14127.npy
641,/root/StrokeDataset/Ischemia/PNG/14137.png,/root/StrokeDataset/Ischemia/MASK/14137.npy
642,/root/StrokeDataset/Ischemia/PNG/14150.png,/root/StrokeDataset/Ischemia/MASK/14150.npy
643,/root/StrokeDataset/Ischemia/PNG/14159.png,/root/StrokeDataset/Ischemia/MASK/14159.npy
644,/root/StrokeDataset/Ischemia/PNG/14173.png,/root/StrokeDataset/Ischemia/MASK/14173.npy
645,/root/StrokeDataset/Ischemia/PNG/14174.png,/root/StrokeDataset/Ischemia/MASK/14174.npy
646,/root/StrokeDataset/Ischemia/PNG/14175.png,/root/StrokeDataset/Ischemia/MASK/14175.npy
647,/root/StrokeDataset/Ischemia/PNG/14180.png,/root/StrokeDataset/Ischemia/MASK/14180.npy
648,/root/StrokeDataset/Ischemia/PNG/14191.png,/root/StrokeDataset/Ischemia/MASK/14191.npy
649,/root/StrokeDataset/Ischemia/PNG/14200.png,/root/StrokeDataset/Ischemia/MASK/14200.npy
650,/root/StrokeDataset/Ischemia/PNG/14201.png,/root/StrokeDataset/Ischemia/MASK/14201.npy
651,/root/StrokeDataset/Ischemia/PNG/14204.png,/root/StrokeDataset/Ischemia/MASK/14204.npy
652,/root/StrokeDataset/Ischemia/PNG/14208.png,/root/StrokeDataset/Ischemia/MASK/14208.npy
653,/root/StrokeDataset/Ischemia/PNG/14224.png,/root/StrokeDataset/Ischemia/MASK/14224.npy
654,/root/StrokeDataset/Ischemia/PNG/14239.png,/root/StrokeDataset/Ischemia/MASK/14239.npy
655,/root/StrokeDataset/Ischemia/PNG/14242.png,/root/StrokeDataset/Ischemia/MASK/14242.npy
656,/root/StrokeDataset/Ischemia/PNG/14245.png,/root/StrokeDataset/Ischemia/MASK/14245.npy
657,/root/StrokeDataset/Ischemia/PNG/14247.png,/root/StrokeDataset/Ischemia/MASK/14247.npy
658,/root/StrokeDataset/Ischemia/PNG/14248.png,/root/StrokeDataset/Ischemia/MASK/14248.npy
659,/root/StrokeDataset/Ischemia/PNG/14254.png,/root/StrokeDataset/Ischemia/MASK/14254.npy
660,/root/StrokeDataset/Ischemia/PNG/14259.png,/root/StrokeDataset/Ischemia/MASK/14259.npy
661,/root/StrokeDataset/Ischemia/PNG/14264.png,/root/StrokeDataset/Ischemia/MASK/14264.npy
662,/root/StrokeDataset/Ischemia/PNG/14286.png,/root/StrokeDataset/Ischemia/MASK/14286.npy
663,/root/StrokeDataset/Ischemia/PNG/14290.png,/root/StrokeDataset/Ischemia/MASK/14290.npy
664,/root/StrokeDataset/Ischemia/PNG/14291.png,/root/StrokeDataset/Ischemia/MASK/14291.npy
665,/root/StrokeDataset/Ischemia/PNG/14296.png,/root/StrokeDataset/Ischemia/MASK/14296.npy
666,/root/StrokeDataset/Ischemia/PNG/14297.png,/root/StrokeDataset/Ischemia/MASK/14297.npy
667,/root/StrokeDataset/Ischemia/PNG/14307.png,/root/StrokeDataset/Ischemia/MASK/14307.npy
668,/root/StrokeDataset/Ischemia/PNG/14309.png,/root/StrokeDataset/Ischemia/MASK/14309.npy
669,/root/StrokeDataset/Ischemia/PNG/14322.png,/root/StrokeDataset/Ischemia/MASK/14322.npy
670,/root/StrokeDataset/Ischemia/PNG/14323.png,/root/StrokeDataset/Ischemia/MASK/14323.npy
671,/root/StrokeDataset/Ischemia/PNG/14324.png,/root/StrokeDataset/Ischemia/MASK/14324.npy
672,/root/StrokeDataset/Ischemia/PNG/14325.png,/root/StrokeDataset/Ischemia/MASK/14325.npy
673,/root/StrokeDataset/Ischemia/PNG/14327.png,/root/StrokeDataset/Ischemia/MASK/14327.npy
674,/root/StrokeDataset/Ischemia/PNG/14328.png,/root/StrokeDataset/Ischemia/MASK/14328.npy
675,/root/StrokeDataset/Ischemia/PNG/14335.png,/root/StrokeDataset/Ischemia/MASK/14335.npy
676,/root/StrokeDataset/Ischemia/PNG/14348.png,/root/StrokeDataset/Ischemia/MASK/14348.npy
677,/root/StrokeDataset/Ischemia/PNG/14350.png,/root/StrokeDataset/Ischemia/MASK/14350.npy
678,/root/StrokeDataset/Ischemia/PNG/14368.png,/root/StrokeDataset/Ischemia/MASK/14368.npy
679,/root/StrokeDataset/Ischemia/PNG/14371.png,/root/StrokeDataset/Ischemia/MASK/14371.npy
680,/root/StrokeDataset/Ischemia/PNG/14377.png,/root/StrokeDataset/Ischemia/MASK/14377.npy
681,/root/StrokeDataset/Ischemia/PNG/14382.png,/root/StrokeDataset/Ischemia/MASK/14382.npy
682,/root/StrokeDataset/Ischemia/PNG/14384.png,/root/StrokeDataset/Ischemia/MASK/14384.npy
683,/root/StrokeDataset/Ischemia/PNG/14389.png,/root/StrokeDataset/Ischemia/MASK/14389.npy
684,/root/StrokeDataset/Ischemia/PNG/14391.png,/root/StrokeDataset/Ischemia/MASK/14391.npy
685,/root/StrokeDataset/Ischemia/PNG/14407.png,/root/StrokeDataset/Ischemia/MASK/14407.npy
686,/root/StrokeDataset/Ischemia/PNG/14410.png,/root/StrokeDataset/Ischemia/MASK/14410.npy
687,/root/StrokeDataset/Ischemia/PNG/14411.png,/root/StrokeDataset/Ischemia/MASK/14411.npy
688,/root/StrokeDataset/Ischemia/PNG/14416.png,/root/StrokeDataset/Ischemia/MASK/14416.npy
689,/root/StrokeDataset/Ischemia/PNG/14424.png,/root/StrokeDataset/Ischemia/MASK/14424.npy
690,/root/StrokeDataset/Ischemia/PNG/14427.png,/root/StrokeDataset/Ischemia/MASK/14427.npy
691,/root/StrokeDataset/Ischemia/PNG/14445.png,/root/StrokeDataset/Ischemia/MASK/14445.npy
692,/root/StrokeDataset/Ischemia/PNG/14457.png,/root/StrokeDataset/Ischemia/MASK/14457.npy
693,/root/StrokeDataset/Ischemia/PNG/14474.png,/root/StrokeDataset/Ischemia/MASK/14474.npy
694,/root/StrokeDataset/Ischemia/PNG/14483.png,/root/StrokeDataset/Ischemia/MASK/14483.npy
695,/root/StrokeDataset/Ischemia/PNG/14485.png,/root/StrokeDataset/Ischemia/MASK/14485.npy
696,/root/StrokeDataset/Ischemia/PNG/14487.png,/root/StrokeDataset/Ischemia/MASK/14487.npy
697,/root/StrokeDataset/Ischemia/PNG/14489.png,/root/StrokeDataset/Ischemia/MASK/14489.npy
698,/root/StrokeDataset/Ischemia/PNG/14492.png,/root/StrokeDataset/Ischemia/MASK/14492.npy
699,/root/StrokeDataset/Ischemia/PNG/14494.png,/root/StrokeDataset/Ischemia/MASK/14494.npy
700,/root/StrokeDataset/Ischemia/PNG/14504.png,/root/StrokeDataset/Ischemia/MASK/14504.npy
701,/root/StrokeDataset/Ischemia/PNG/14505.png,/root/StrokeDataset/Ischemia/MASK/14505.npy
702,/root/StrokeDataset/Ischemia/PNG/14509.png,/root/StrokeDataset/Ischemia/MASK/14509.npy
703,/root/StrokeDataset/Ischemia/PNG/14512.png,/root/StrokeDataset/Ischemia/MASK/14512.npy
704,/root/StrokeDataset/Ischemia/PNG/14513.png,/root/StrokeDataset/Ischemia/MASK/14513.npy
705,/root/StrokeDataset/Ischemia/PNG/14514.png,/root/StrokeDataset/Ischemia/MASK/14514.npy
706,/root/StrokeDataset/Ischemia/PNG/14516.png,/root/StrokeDataset/Ischemia/MASK/14516.npy
707,/root/StrokeDataset/Ischemia/PNG/14525.png,/root/StrokeDataset/Ischemia/MASK/14525.npy
708,/root/StrokeDataset/Ischemia/PNG/14526.png,/root/StrokeDataset/Ischemia/MASK/14526.npy
709,/root/StrokeDataset/Ischemia/PNG/14533.png,/root/StrokeDataset/Ischemia/MASK/14533.npy
710,/root/StrokeDataset/Ischemia/PNG/14545.png,/root/StrokeDataset/Ischemia/MASK/14545.npy
711,/root/StrokeDataset/Ischemia/PNG/14546.png,/root/StrokeDataset/Ischemia/MASK/14546.npy
712,/root/StrokeDataset/Ischemia/PNG/14551.png,/root/StrokeDataset/Ischemia/MASK/14551.npy
713,/root/StrokeDataset/Ischemia/PNG/14575.png,/root/StrokeDataset/Ischemia/MASK/14575.npy
714,/root/StrokeDataset/Ischemia/PNG/14578.png,/root/StrokeDataset/Ischemia/MASK/14578.npy
715,/root/StrokeDataset/Ischemia/PNG/14584.png,/root/StrokeDataset/Ischemia/MASK/14584.npy
716,/root/StrokeDataset/Ischemia/PNG/14605.png,/root/StrokeDataset/Ischemia/MASK/14605.npy
717,/root/StrokeDataset/Ischemia/PNG/14610.png,/root/StrokeDataset/Ischemia/MASK/14610.npy
718,/root/StrokeDataset/Ischemia/PNG/14619.png,/root/StrokeDataset/Ischemia/MASK/14619.npy
719,/root/StrokeDataset/Ischemia/PNG/14620.png,/root/StrokeDataset/Ischemia/MASK/14620.npy
720,/root/StrokeDataset/Ischemia/PNG/14630.png,/root/StrokeDataset/Ischemia/MASK/14630.npy
721,/root/StrokeDataset/Ischemia/PNG/14631.png,/root/StrokeDataset/Ischemia/MASK/14631.npy
722,/root/StrokeDataset/Ischemia/PNG/14632.png,/root/StrokeDataset/Ischemia/MASK/14632.npy
723,/root/StrokeDataset/Ischemia/PNG/14644.png,/root/StrokeDataset/Ischemia/MASK/14644.npy
724,/root/StrokeDataset/Ischemia/PNG/14645.png,/root/StrokeDataset/Ischemia/MASK/14645.npy
725,/root/StrokeDataset/Ischemia/PNG/14659.png,/root/StrokeDataset/Ischemia/MASK/14659.npy
726,/root/StrokeDataset/Ischemia/PNG/14669.png,/root/StrokeDataset/Ischemia/MASK/14669.npy
727,/root/StrokeDataset/Ischemia/PNG/14673.png,/root/StrokeDataset/Ischemia/MASK/14673.npy
728,/root/StrokeDataset/Ischemia/PNG/14679.png,/root/StrokeDataset/Ischemia/MASK/14679.npy
729,/root/StrokeDataset/Ischemia/PNG/14685.png,/root/StrokeDataset/Ischemia/MASK/14685.npy
730,/root/StrokeDataset/Ischemia/PNG/14689.png,/root/StrokeDataset/Ischemia/MASK/14689.npy
731,/root/StrokeDataset/Ischemia/PNG/14697.png,/root/StrokeDataset/Ischemia/MASK/14697.npy
732,/root/StrokeDataset/Ischemia/PNG/14718.png,/root/StrokeDataset/Ischemia/MASK/14718.npy
733,/root/StrokeDataset/Ischemia/PNG/14722.png,/root/StrokeDataset/Ischemia/MASK/14722.npy
734,/root/StrokeDataset/Ischemia/PNG/14731.png,/root/StrokeDataset/Ischemia/MASK/14731.npy
735,/root/StrokeDataset/Ischemia/PNG/14741.png,/root/StrokeDataset/Ischemia/MASK/14741.npy
736,/root/StrokeDataset/Ischemia/PNG/14745.png,/root/StrokeDataset/Ischemia/MASK/14745.npy
737,/root/StrokeDataset/Ischemia/PNG/14752.png,/root/StrokeDataset/Ischemia/MASK/14752.npy
738,/root/StrokeDataset/Ischemia/PNG/14758.png,/root/StrokeDataset/Ischemia/MASK/14758.npy
739,/root/StrokeDataset/Ischemia/PNG/14766.png,/root/StrokeDataset/Ischemia/MASK/14766.npy
740,/root/StrokeDataset/Ischemia/PNG/14773.png,/root/StrokeDataset/Ischemia/MASK/14773.npy
741,/root/StrokeDataset/Ischemia/PNG/14784.png,/root/StrokeDataset/Ischemia/MASK/14784.npy
742,/root/StrokeDataset/Ischemia/PNG/14787.png,/root/StrokeDataset/Ischemia/MASK/14787.npy
743,/root/StrokeDataset/Ischemia/PNG/14792.png,/root/StrokeDataset/Ischemia/MASK/14792.npy
744,/root/StrokeDataset/Ischemia/PNG/14793.png,/root/StrokeDataset/Ischemia/MASK/14793.npy
745,/root/StrokeDataset/Ischemia/PNG/14796.png,/root/StrokeDataset/Ischemia/MASK/14796.npy
746,/root/StrokeDataset/Ischemia/PNG/14799.png,/root/StrokeDataset/Ischemia/MASK/14799.npy
747,/root/StrokeDataset/Ischemia/PNG/14804.png,/root/StrokeDataset/Ischemia/MASK/14804.npy
748,/root/StrokeDataset/Ischemia/PNG/14812.png,/root/StrokeDataset/Ischemia/MASK/14812.npy
749,/root/StrokeDataset/Ischemia/PNG/14815.png,/root/StrokeDataset/Ischemia/MASK/14815.npy
750,/root/StrokeDataset/Ischemia/PNG/14820.png,/root/StrokeDataset/Ischemia/MASK/14820.npy
751,/root/StrokeDataset/Ischemia/PNG/14829.png,/root/StrokeDataset/Ischemia/MASK/14829.npy
752,/root/StrokeDataset/Ischemia/PNG/14841.png,/root/StrokeDataset/Ischemia/MASK/14841.npy
753,/root/StrokeDataset/Ischemia/PNG/14848.png,/root/StrokeDataset/Ischemia/MASK/14848.npy
754,/root/StrokeDataset/Ischemia/PNG/14855.png,/root/StrokeDataset/Ischemia/MASK/14855.npy
755,/root/StrokeDataset/Ischemia/PNG/14856.png,/root/StrokeDataset/Ischemia/MASK/14856.npy
756,/root/StrokeDataset/Ischemia/PNG/14862.png,/root/StrokeDataset/Ischemia/MASK/14862.npy
757,/root/StrokeDataset/Ischemia/PNG/14863.png,/root/StrokeDataset/Ischemia/MASK/14863.npy
758,/root/StrokeDataset/Ischemia/PNG/14868.png,/root/StrokeDataset/Ischemia/MASK/14868.npy
759,/root/StrokeDataset/Ischemia/PNG/14881.png,/root/StrokeDataset/Ischemia/MASK/14881.npy
760,/root/StrokeDataset/Ischemia/PNG/14883.png,/root/StrokeDataset/Ischemia/MASK/14883.npy
761,/root/StrokeDataset/Ischemia/PNG/14886.png,/root/StrokeDataset/Ischemia/MASK/14886.npy
762,/root/StrokeDataset/Ischemia/PNG/14899.png,/root/StrokeDataset/Ischemia/MASK/14899.npy
763,/root/StrokeDataset/Ischemia/PNG/14900.png,/root/StrokeDataset/Ischemia/MASK/14900.npy
764,/root/StrokeDataset/Ischemia/PNG/14901.png,/root/StrokeDataset/Ischemia/MASK/14901.npy
765,/root/StrokeDataset/Ischemia/PNG/14905.png,/root/StrokeDataset/Ischemia/MASK/14905.npy
766,/root/StrokeDataset/Ischemia/PNG/14912.png,/root/StrokeDataset/Ischemia/MASK/14912.npy
767,/root/StrokeDataset/Ischemia/PNG/14914.png,/root/StrokeDataset/Ischemia/MASK/14914.npy
768,/root/StrokeDataset/Ischemia/PNG/14920.png,/root/StrokeDataset/Ischemia/MASK/14920.npy
769,/root/StrokeDataset/Ischemia/PNG/14931.png,/root/StrokeDataset/Ischemia/MASK/14931.npy
770,/root/StrokeDataset/Ischemia/PNG/14948.png,/root/StrokeDataset/Ischemia/MASK/14948.npy
771,/root/StrokeDataset/Ischemia/PNG/14949.png,/root/StrokeDataset/Ischemia/MASK/14949.npy
772,/root/StrokeDataset/Ischemia/PNG/14954.png,/root/StrokeDataset/Ischemia/MASK/14954.npy
773,/root/StrokeDataset/Ischemia/PNG/14962.png,/root/StrokeDataset/Ischemia/MASK/14962.npy
774,/root/StrokeDataset/Ischemia/PNG/14964.png,/root/StrokeDataset/Ischemia/MASK/14964.npy
775,/root/StrokeDataset/Ischemia/PNG/14968.png,/root/StrokeDataset/Ischemia/MASK/14968.npy
776,/root/StrokeDataset/Ischemia/PNG/14980.png,/root/StrokeDataset/Ischemia/MASK/14980.npy
777,/root/StrokeDataset/Ischemia/PNG/14986.png,/root/StrokeDataset/Ischemia/MASK/14986.npy
778,/root/StrokeDataset/Ischemia/PNG/15011.png,/root/StrokeDataset/Ischemia/MASK/15011.npy
779,/root/StrokeDataset/Ischemia/PNG/15012.png,/root/StrokeDataset/Ischemia/MASK/15012.npy
780,/root/StrokeDataset/Ischemia/PNG/15017.png,/root/StrokeDataset/Ischemia/MASK/15017.npy
781,/root/StrokeDataset/Ischemia/PNG/15018.png,/root/StrokeDataset/Ischemia/MASK/15018.npy
782,/root/StrokeDataset/Ischemia/PNG/15021.png,/root/StrokeDataset/Ischemia/MASK/15021.npy
783,/root/StrokeDataset/Ischemia/PNG/15025.png,/root/StrokeDataset/Ischemia/MASK/15025.npy
784,/root/StrokeDataset/Ischemia/PNG/15029.png,/root/StrokeDataset/Ischemia/MASK/15029.npy
785,/root/StrokeDataset/Ischemia/PNG/15031.png,/root/StrokeDataset/Ischemia/MASK/15031.npy
786,/root/StrokeDataset/Ischemia/PNG/15037.png,/root/StrokeDataset/Ischemia/MASK/15037.npy
787,/root/StrokeDataset/Ischemia/PNG/15040.png,/root/StrokeDataset/Ischemia/MASK/15040.npy
788,/root/StrokeDataset/Ischemia/PNG/15045.png,/root/StrokeDataset/Ischemia/MASK/15045.npy
789,/root/StrokeDataset/Ischemia/PNG/15055.png,/root/StrokeDataset/Ischemia/MASK/15055.npy
790,/root/StrokeDataset/Ischemia/PNG/15089.png,/root/StrokeDataset/Ischemia/MASK/15089.npy
791,/root/StrokeDataset/Ischemia/PNG/15101.png,/root/StrokeDataset/Ischemia/MASK/15101.npy
792,/root/StrokeDataset/Ischemia/PNG/15112.png,/root/StrokeDataset/Ischemia/MASK/15112.npy
793,/root/StrokeDataset/Ischemia/PNG/15114.png,/root/StrokeDataset/Ischemia/MASK/15114.npy
794,/root/StrokeDataset/Ischemia/PNG/15115.png,/root/StrokeDataset/Ischemia/MASK/15115.npy
795,/root/StrokeDataset/Ischemia/PNG/15119.png,/root/StrokeDataset/Ischemia/MASK/15119.npy
796,/root/StrokeDataset/Ischemia/PNG/15120.png,/root/StrokeDataset/Ischemia/MASK/15120.npy
797,/root/StrokeDataset/Ischemia/PNG/15121.png,/root/StrokeDataset/Ischemia/MASK/15121.npy
798,/root/StrokeDataset/Ischemia/PNG/15125.png,/root/StrokeDataset/Ischemia/MASK/15125.npy
799,/root/StrokeDataset/Ischemia/PNG/15136.png,/root/StrokeDataset/Ischemia/MASK/15136.npy
800,/root/StrokeDataset/Ischemia/PNG/15143.png,/root/StrokeDataset/Ischemia/MASK/15143.npy
801,/root/StrokeDataset/Ischemia/PNG/15144.png,/root/StrokeDataset/Ischemia/MASK/15144.npy
802,/root/StrokeDataset/Ischemia/PNG/15154.png,/root/StrokeDataset/Ischemia/MASK/15154.npy
803,/root/StrokeDataset/Ischemia/PNG/15166.png,/root/StrokeDataset/Ischemia/MASK/15166.npy
804,/root/StrokeDataset/Ischemia/PNG/15170.png,/root/StrokeDataset/Ischemia/MASK/15170.npy
805,/root/StrokeDataset/Ischemia/PNG/15175.png,/root/StrokeDataset/Ischemia/MASK/15175.npy
806,/root/StrokeDataset/Ischemia/PNG/15183.png,/root/StrokeDataset/Ischemia/MASK/15183.npy
807,/root/StrokeDataset/Ischemia/PNG/15184.png,/root/StrokeDataset/Ischemia/MASK/15184.npy
808,/root/StrokeDataset/Ischemia/PNG/15189.png,/root/StrokeDataset/Ischemia/MASK/15189.npy
809,/root/StrokeDataset/Ischemia/PNG/15191.png,/root/StrokeDataset/Ischemia/MASK/15191.npy
810,/root/StrokeDataset/Ischemia/PNG/15195.png,/root/StrokeDataset/Ischemia/MASK/15195.npy
811,/root/StrokeDataset/Ischemia/PNG/15199.png,/root/StrokeDataset/Ischemia/MASK/15199.npy
812,/root/StrokeDataset/Ischemia/PNG/15202.png,/root/StrokeDataset/Ischemia/MASK/15202.npy
813,/root/StrokeDataset/Ischemia/PNG/15211.png,/root/StrokeDataset/Ischemia/MASK/15211.npy
814,/root/StrokeDataset/Ischemia/PNG/15222.png,/root/StrokeDataset/Ischemia/MASK/15222.npy
815,/root/StrokeDataset/Ischemia/PNG/15229.png,/root/StrokeDataset/Ischemia/MASK/15229.npy
816,/root/StrokeDataset/Ischemia/PNG/15231.png,/root/StrokeDataset/Ischemia/MASK/15231.npy
817,/root/StrokeDataset/Ischemia/PNG/15236.png,/root/StrokeDataset/Ischemia/MASK/15236.npy
818,/root/StrokeDataset/Ischemia/PNG/15265.png,/root/StrokeDataset/Ischemia/MASK/15265.npy
819,/root/StrokeDataset/Ischemia/PNG/15267.png,/root/StrokeDataset/Ischemia/MASK/15267.npy
820,/root/StrokeDataset/Ischemia/PNG/15278.png,/root/StrokeDataset/Ischemia/MASK/15278.npy
821,/root/StrokeDataset/Ischemia/PNG/15283.png,/root/StrokeDataset/Ischemia/MASK/15283.npy
822,/root/StrokeDataset/Ischemia/PNG/15287.png,/root/StrokeDataset/Ischemia/MASK/15287.npy
823,/root/StrokeDataset/Ischemia/PNG/15299.png,/root/StrokeDataset/Ischemia/MASK/15299.npy
824,/root/StrokeDataset/Ischemia/PNG/15306.png,/root/StrokeDataset/Ischemia/MASK/15306.npy
825,/root/StrokeDataset/Ischemia/PNG/15328.png,/root/StrokeDataset/Ischemia/MASK/15328.npy
826,/root/StrokeDataset/Ischemia/PNG/15331.png,/root/StrokeDataset/Ischemia/MASK/15331.npy
827,/root/StrokeDataset/Ischemia/PNG/15336.png,/root/StrokeDataset/Ischemia/MASK/15336.npy
828,/root/StrokeDataset/Ischemia/PNG/15337.png,/root/StrokeDataset/Ischemia/MASK/15337.npy
829,/root/StrokeDataset/Ischemia/PNG/15343.png,/root/StrokeDataset/Ischemia/MASK/15343.npy
830,/root/StrokeDataset/Ischemia/PNG/15347.png,/root/StrokeDataset/Ischemia/MASK/15347.npy
831,/root/StrokeDataset/Ischemia/PNG/15348.png,/root/StrokeDataset/Ischemia/MASK/15348.npy
832,/root/StrokeDataset/Ischemia/PNG/15349.png,/root/StrokeDataset/Ischemia/MASK/15349.npy
833,/root/StrokeDataset/Ischemia/PNG/15355.png,/root/StrokeDataset/Ischemia/MASK/15355.npy
834,/root/StrokeDataset/Ischemia/PNG/15361.png,/root/StrokeDataset/Ischemia/MASK/15361.npy
835,/root/StrokeDataset/Ischemia/PNG/15370.png,/root/StrokeDataset/Ischemia/MASK/15370.npy
836,/root/StrokeDataset/Ischemia/PNG/15371.png,/root/StrokeDataset/Ischemia/MASK/15371.npy
837,/root/StrokeDataset/Ischemia/PNG/15375.png,/root/StrokeDataset/Ischemia/MASK/15375.npy
838,/root/StrokeDataset/Ischemia/PNG/15380.png,/root/StrokeDataset/Ischemia/MASK/15380.npy
839,/root/StrokeDataset/Ischemia/PNG/15403.png,/root/StrokeDataset/Ischemia/MASK/15403.npy
840,/root/StrokeDataset/Ischemia/PNG/15408.png,/root/StrokeDataset/Ischemia/MASK/15408.npy
841,/root/StrokeDataset/Ischemia/PNG/15410.png,/root/StrokeDataset/Ischemia/MASK/15410.npy
842,/root/StrokeDataset/Ischemia/PNG/15412.png,/root/StrokeDataset/Ischemia/MASK/15412.npy
843,/root/StrokeDataset/Ischemia/PNG/15413.png,/root/StrokeDataset/Ischemia/MASK/15413.npy
844,/root/StrokeDataset/Ischemia/PNG/15416.png,/root/StrokeDataset/Ischemia/MASK/15416.npy
845,/root/StrokeDataset/Ischemia/PNG/15423.png,/root/StrokeDataset/Ischemia/MASK/15423.npy
846,/root/StrokeDataset/Ischemia/PNG/15426.png,/root/StrokeDataset/Ischemia/MASK/15426.npy
847,/root/StrokeDataset/Ischemia/PNG/15433.png,/root/StrokeDataset/Ischemia/MASK/15433.npy
848,/root/StrokeDataset/Ischemia/PNG/15438.png,/root/StrokeDataset/Ischemia/MASK/15438.npy
849,/root/StrokeDataset/Ischemia/PNG/15439.png,/root/StrokeDataset/Ischemia/MASK/15439.npy
850,/root/StrokeDataset/Ischemia/PNG/15450.png,/root/StrokeDataset/Ischemia/MASK/15450.npy
851,/root/StrokeDataset/Ischemia/PNG/15456.png,/root/StrokeDataset/Ischemia/MASK/15456.npy
852,/root/StrokeDataset/Ischemia/PNG/15458.png,/root/StrokeDataset/Ischemia/MASK/15458.npy
853,/root/StrokeDataset/Ischemia/PNG/15459.png,/root/StrokeDataset/Ischemia/MASK/15459.npy
854,/root/StrokeDataset/Ischemia/PNG/15467.png,/root/StrokeDataset/Ischemia/MASK/15467.npy
855,/root/StrokeDataset/Ischemia/PNG/15477.png,/root/StrokeDataset/Ischemia/MASK/15477.npy
856,/root/StrokeDataset/Ischemia/PNG/15481.png,/root/StrokeDataset/Ischemia/MASK/15481.npy
857,/root/StrokeDataset/Ischemia/PNG/15483.png,/root/StrokeDataset/Ischemia/MASK/15483.npy
858,/root/StrokeDataset/Ischemia/PNG/15486.png,/root/StrokeDataset/Ischemia/MASK/15486.npy
859,/root/StrokeDataset/Ischemia/PNG/15498.png,/root/StrokeDataset/Ischemia/MASK/15498.npy
860,/root/StrokeDataset/Ischemia/PNG/15507.png,/root/StrokeDataset/Ischemia/MASK/15507.npy
861,/root/StrokeDataset/Ischemia/PNG/15514.png,/root/StrokeDataset/Ischemia/MASK/15514.npy
862,/root/StrokeDataset/Ischemia/PNG/15520.png,/root/StrokeDataset/Ischemia/MASK/15520.npy
863,/root/StrokeDataset/Ischemia/PNG/15525.png,/root/StrokeDataset/Ischemia/MASK/15525.npy
864,/root/StrokeDataset/Ischemia/PNG/15527.png,/root/StrokeDataset/Ischemia/MASK/15527.npy
865,/root/StrokeDataset/Ischemia/PNG/15539.png,/root/StrokeDataset/Ischemia/MASK/15539.npy
866,/root/StrokeDataset/Ischemia/PNG/15547.png,/root/StrokeDataset/Ischemia/MASK/15547.npy
867,/root/StrokeDataset/Ischemia/PNG/15551.png,/root/StrokeDataset/Ischemia/MASK/15551.npy
868,/root/StrokeDataset/Ischemia/PNG/15560.png,/root/StrokeDataset/Ischemia/MASK/15560.npy
869,/root/StrokeDataset/Ischemia/PNG/15571.png,/root/StrokeDataset/Ischemia/MASK/15571.npy
870,/root/StrokeDataset/Ischemia/PNG/15588.png,/root/StrokeDataset/Ischemia/MASK/15588.npy
871,/root/StrokeDataset/Ischemia/PNG/15601.png,/root/StrokeDataset/Ischemia/MASK/15601.npy
872,/root/StrokeDataset/Ischemia/PNG/15603.png,/root/StrokeDataset/Ischemia/MASK/15603.npy
873,/root/StrokeDataset/Ischemia/PNG/15610.png,/root/StrokeDataset/Ischemia/MASK/15610.npy
874,/root/StrokeDataset/Ischemia/PNG/15611.png,/root/StrokeDataset/Ischemia/MASK/15611.npy
875,/root/StrokeDataset/Ischemia/PNG/15620.png,/root/StrokeDataset/Ischemia/MASK/15620.npy
876,/root/StrokeDataset/Ischemia/PNG/15625.png,/root/StrokeDataset/Ischemia/MASK/15625.npy
877,/root/StrokeDataset/Ischemia/PNG/15626.png,/root/StrokeDataset/Ischemia/MASK/15626.npy
878,/root/StrokeDataset/Ischemia/PNG/15628.png,/root/StrokeDataset/Ischemia/MASK/15628.npy
879,/root/StrokeDataset/Ischemia/PNG/15633.png,/root/StrokeDataset/Ischemia/MASK/15633.npy
880,/root/StrokeDataset/Ischemia/PNG/15635.png,/root/StrokeDataset/Ischemia/MASK/15635.npy
881,/root/StrokeDataset/Ischemia/PNG/15640.png,/root/StrokeDataset/Ischemia/MASK/15640.npy
882,/root/StrokeDataset/Ischemia/PNG/15650.png,/root/StrokeDataset/Ischemia/MASK/15650.npy
883,/root/StrokeDataset/Ischemia/PNG/15665.png,/root/StrokeDataset/Ischemia/MASK/15665.npy
884,/root/StrokeDataset/Ischemia/PNG/15672.png,/root/StrokeDataset/Ischemia/MASK/15672.npy
885,/root/StrokeDataset/Ischemia/PNG/15674.png,/root/StrokeDataset/Ischemia/MASK/15674.npy
886,/root/StrokeDataset/Ischemia/PNG/15676.png,/root/StrokeDataset/Ischemia/MASK/15676.npy
887,/root/StrokeDataset/Ischemia/PNG/15677.png,/root/StrokeDataset/Ischemia/MASK/15677.npy
888,/root/StrokeDataset/Ischemia/PNG/15679.png,/root/StrokeDataset/Ischemia/MASK/15679.npy
889,/root/StrokeDataset/Ischemia/PNG/15681.png,/root/StrokeDataset/Ischemia/MASK/15681.npy
890,/root/StrokeDataset/Ischemia/PNG/15682.png,/root/StrokeDataset/Ischemia/MASK/15682.npy
891,/root/StrokeDataset/Ischemia/PNG/15683.png,/root/StrokeDataset/Ischemia/MASK/15683.npy
892,/root/StrokeDataset/Ischemia/PNG/15686.png,/root/StrokeDataset/Ischemia/MASK/15686.npy
893,/root/StrokeDataset/Ischemia/PNG/15688.png,/root/StrokeDataset/Ischemia/MASK/15688.npy
894,/root/StrokeDataset/Ischemia/PNG/15689.png,/root/StrokeDataset/Ischemia/MASK/15689.npy
895,/root/StrokeDataset/Ischemia/PNG/15695.png,/root/StrokeDataset/Ischemia/MASK/15695.npy
896,/root/StrokeDataset/Ischemia/PNG/15698.png,/root/StrokeDataset/Ischemia/MASK/15698.npy
897,/root/StrokeDataset/Ischemia/PNG/15703.png,/root/StrokeDataset/Ischemia/MASK/15703.npy
898,/root/StrokeDataset/Ischemia/PNG/15711.png,/root/StrokeDataset/Ischemia/MASK/15711.npy
899,/root/StrokeDataset/Ischemia/PNG/15721.png,/root/StrokeDataset/Ischemia/MASK/15721.npy
900,/root/StrokeDataset/Ischemia/PNG/15726.png,/root/StrokeDataset/Ischemia/MASK/15726.npy
901,/root/StrokeDataset/Ischemia/PNG/15728.png,/root/StrokeDataset/Ischemia/MASK/15728.npy
902,/root/StrokeDataset/Ischemia/PNG/15753.png,/root/StrokeDataset/Ischemia/MASK/15753.npy
903,/root/StrokeDataset/Ischemia/PNG/15754.png,/root/StrokeDataset/Ischemia/MASK/15754.npy
904,/root/StrokeDataset/Ischemia/PNG/15756.png,/root/StrokeDataset/Ischemia/MASK/15756.npy
905,/root/StrokeDataset/Ischemia/PNG/15759.png,/root/StrokeDataset/Ischemia/MASK/15759.npy
906,/root/StrokeDataset/Ischemia/PNG/15765.png,/root/StrokeDataset/Ischemia/MASK/15765.npy
907,/root/StrokeDataset/Ischemia/PNG/15767.png,/root/StrokeDataset/Ischemia/MASK/15767.npy
908,/root/StrokeDataset/Ischemia/PNG/15771.png,/root/StrokeDataset/Ischemia/MASK/15771.npy
909,/root/StrokeDataset/Ischemia/PNG/15787.png,/root/StrokeDataset/Ischemia/MASK/15787.npy
910,/root/StrokeDataset/Ischemia/PNG/15795.png,/root/StrokeDataset/Ischemia/MASK/15795.npy
911,/root/StrokeDataset/Ischemia/PNG/15799.png,/root/StrokeDataset/Ischemia/MASK/15799.npy
912,/root/StrokeDataset/Ischemia/PNG/15801.png,/root/StrokeDataset/Ischemia/MASK/15801.npy
913,/root/StrokeDataset/Ischemia/PNG/15804.png,/root/StrokeDataset/Ischemia/MASK/15804.npy
914,/root/StrokeDataset/Ischemia/PNG/15811.png,/root/StrokeDataset/Ischemia/MASK/15811.npy
915,/root/StrokeDataset/Ischemia/PNG/15824.png,/root/StrokeDataset/Ischemia/MASK/15824.npy
916,/root/StrokeDataset/Ischemia/PNG/15827.png,/root/StrokeDataset/Ischemia/MASK/15827.npy
917,/root/StrokeDataset/Ischemia/PNG/15832.png,/root/StrokeDataset/Ischemia/MASK/15832.npy
918,/root/StrokeDataset/Ischemia/PNG/15835.png,/root/StrokeDataset/Ischemia/MASK/15835.npy
919,/root/StrokeDataset/Ischemia/PNG/15842.png,/root/StrokeDataset/Ischemia/MASK/15842.npy
920,/root/StrokeDataset/Ischemia/PNG/15848.png,/root/StrokeDataset/Ischemia/MASK/15848.npy
921,/root/StrokeDataset/Ischemia/PNG/15850.png,/root/StrokeDataset/Ischemia/MASK/15850.npy
922,/root/StrokeDataset/Ischemia/PNG/15853.png,/root/StrokeDataset/Ischemia/MASK/15853.npy
923,/root/StrokeDataset/Ischemia/PNG/15857.png,/root/StrokeDataset/Ischemia/MASK/15857.npy
924,/root/StrokeDataset/Ischemia/PNG/15862.png,/root/StrokeDataset/Ischemia/MASK/15862.npy
925,/root/StrokeDataset/Ischemia/PNG/15884.png,/root/StrokeDataset/Ischemia/MASK/15884.npy
926,/root/StrokeDataset/Ischemia/PNG/15886.png,/root/StrokeDataset/Ischemia/MASK/15886.npy
927,/root/StrokeDataset/Ischemia/PNG/15895.png,/root/StrokeDataset/Ischemia/MASK/15895.npy
928,/root/StrokeDataset/Ischemia/PNG/15897.png,/root/StrokeDataset/Ischemia/MASK/15897.npy
929,/root/StrokeDataset/Ischemia/PNG/15903.png,/root/StrokeDataset/Ischemia/MASK/15903.npy
930,/root/StrokeDataset/Ischemia/PNG/15906.png,/root/StrokeDataset/Ischemia/MASK/15906.npy
931,/root/StrokeDataset/Ischemia/PNG/15907.png,/root/StrokeDataset/Ischemia/MASK/15907.npy
932,/root/StrokeDataset/Ischemia/PNG/15921.png,/root/StrokeDataset/Ischemia/MASK/15921.npy
933,/root/StrokeDataset/Ischemia/PNG/15927.png,/root/StrokeDataset/Ischemia/MASK/15927.npy
934,/root/StrokeDataset/Ischemia/PNG/15932.png,/root/StrokeDataset/Ischemia/MASK/15932.npy
935,/root/StrokeDataset/Ischemia/PNG/15941.png,/root/StrokeDataset/Ischemia/MASK/15941.npy
936,/root/StrokeDataset/Ischemia/PNG/15942.png,/root/StrokeDataset/Ischemia/MASK/15942.npy
937,/root/StrokeDataset/Ischemia/PNG/15943.png,/root/StrokeDataset/Ischemia/MASK/15943.npy
938,/root/StrokeDataset/Ischemia/PNG/15949.png,/root/StrokeDataset/Ischemia/MASK/15949.npy
939,/root/StrokeDataset/Ischemia/PNG/15954.png,/root/StrokeDataset/Ischemia/MASK/15954.npy
940,/root/StrokeDataset/Ischemia/PNG/15958.png,/root/StrokeDataset/Ischemia/MASK/15958.npy
941,/root/StrokeDataset/Ischemia/PNG/15959.png,/root/StrokeDataset/Ischemia/MASK/15959.npy
942,/root/StrokeDataset/Ischemia/PNG/15965.png,/root/StrokeDataset/Ischemia/MASK/15965.npy
943,/root/StrokeDataset/Ischemia/PNG/15970.png,/root/StrokeDataset/Ischemia/MASK/15970.npy
944,/root/StrokeDataset/Ischemia/PNG/15981.png,/root/StrokeDataset/Ischemia/MASK/15981.npy
945,/root/StrokeDataset/Ischemia/PNG/15986.png,/root/StrokeDataset/Ischemia/MASK/15986.npy
946,/root/StrokeDataset/Ischemia/PNG/15988.png,/root/StrokeDataset/Ischemia/MASK/15988.npy
947,/root/StrokeDataset/Ischemia/PNG/15991.png,/root/StrokeDataset/Ischemia/MASK/15991.npy
948,/root/StrokeDataset/Ischemia/PNG/15992.png,/root/StrokeDataset/Ischemia/MASK/15992.npy
949,/root/StrokeDataset/Ischemia/PNG/15993.png,/root/StrokeDataset/Ischemia/MASK/15993.npy
950,/root/StrokeDataset/Ischemia/PNG/15996.png,/root/StrokeDataset/Ischemia/MASK/15996.npy
951,/root/StrokeDataset/Ischemia/PNG/16000.png,/root/StrokeDataset/Ischemia/MASK/16000.npy
952,/root/StrokeDataset/Ischemia/PNG/16003.png,/root/StrokeDataset/Ischemia/MASK/16003.npy
953,/root/StrokeDataset/Ischemia/PNG/16016.png,/root/StrokeDataset/Ischemia/MASK/16016.npy
954,/root/StrokeDataset/Ischemia/PNG/16022.png,/root/StrokeDataset/Ischemia/MASK/16022.npy
955,/root/StrokeDataset/Ischemia/PNG/16031.png,/root/StrokeDataset/Ischemia/MASK/16031.npy
956,/root/StrokeDataset/Ischemia/PNG/16032.png,/root/StrokeDataset/Ischemia/MASK/16032.npy
957,/root/StrokeDataset/Ischemia/PNG/16041.png,/root/StrokeDataset/Ischemia/MASK/16041.npy
958,/root/StrokeDataset/Ischemia/PNG/16043.png,/root/StrokeDataset/Ischemia/MASK/16043.npy
959,/root/StrokeDataset/Ischemia/PNG/16044.png,/root/StrokeDataset/Ischemia/MASK/16044.npy
960,/root/StrokeDataset/Ischemia/PNG/16062.png,/root/StrokeDataset/Ischemia/MASK/16062.npy
961,/root/StrokeDataset/Ischemia/PNG/16064.png,/root/StrokeDataset/Ischemia/MASK/16064.npy
962,/root/StrokeDataset/Ischemia/PNG/16086.png,/root/StrokeDataset/Ischemia/MASK/16086.npy
963,/root/StrokeDataset/Ischemia/PNG/16096.png,/root/StrokeDataset/Ischemia/MASK/16096.npy
964,/root/StrokeDataset/Ischemia/PNG/16097.png,/root/StrokeDataset/Ischemia/MASK/16097.npy
965,/root/StrokeDataset/Ischemia/PNG/16101.png,/root/StrokeDataset/Ischemia/MASK/16101.npy
966,/root/StrokeDataset/Ischemia/PNG/16104.png,/root/StrokeDataset/Ischemia/MASK/16104.npy
967,/root/StrokeDataset/Ischemia/PNG/16113.png,/root/StrokeDataset/Ischemia/MASK/16113.npy
968,/root/StrokeDataset/Ischemia/PNG/16117.png,/root/StrokeDataset/Ischemia/MASK/16117.npy
969,/root/StrokeDataset/Ischemia/PNG/16121.png,/root/StrokeDataset/Ischemia/MASK/16121.npy
970,/root/StrokeDataset/Ischemia/PNG/16139.png,/root/StrokeDataset/Ischemia/MASK/16139.npy
971,/root/StrokeDataset/Ischemia/PNG/16140.png,/root/StrokeDataset/Ischemia/MASK/16140.npy
972,/root/StrokeDataset/Ischemia/PNG/16142.png,/root/StrokeDataset/Ischemia/MASK/16142.npy
973,/root/StrokeDataset/Ischemia/PNG/16143.png,/root/StrokeDataset/Ischemia/MASK/16143.npy
974,/root/StrokeDataset/Ischemia/PNG/16151.png,/root/StrokeDataset/Ischemia/MASK/16151.npy
975,/root/StrokeDataset/Ischemia/PNG/16158.png,/root/StrokeDataset/Ischemia/MASK/16158.npy
976,/root/StrokeDataset/Ischemia/PNG/16160.png,/root/StrokeDataset/Ischemia/MASK/16160.npy
977,/root/StrokeDataset/Ischemia/PNG/16166.png,/root/StrokeDataset/Ischemia/MASK/16166.npy
978,/root/StrokeDataset/Ischemia/PNG/16168.png,/root/StrokeDataset/Ischemia/MASK/16168.npy
979,/root/StrokeDataset/Ischemia/PNG/16169.png,/root/StrokeDataset/Ischemia/MASK/16169.npy
980,/root/StrokeDataset/Ischemia/PNG/16173.png,/root/StrokeDataset/Ischemia/MASK/16173.npy
981,/root/StrokeDataset/Ischemia/PNG/16181.png,/root/StrokeDataset/Ischemia/MASK/16181.npy
982,/root/StrokeDataset/Ischemia/PNG/16182.png,/root/StrokeDataset/Ischemia/MASK/16182.npy
983,/root/StrokeDataset/Ischemia/PNG/16184.png,/root/StrokeDataset/Ischemia/MASK/16184.npy
984,/root/StrokeDataset/Ischemia/PNG/16193.png,/root/StrokeDataset/Ischemia/MASK/16193.npy
985,/root/StrokeDataset/Ischemia/PNG/16203.png,/root/StrokeDataset/Ischemia/MASK/16203.npy
986,/root/StrokeDataset/Ischemia/PNG/16214.png,/root/StrokeDataset/Ischemia/MASK/16214.npy
987,/root/StrokeDataset/Ischemia/PNG/16215.png,/root/StrokeDataset/Ischemia/MASK/16215.npy
988,/root/StrokeDataset/Ischemia/PNG/16219.png,/root/StrokeDataset/Ischemia/MASK/16219.npy
989,/root/StrokeDataset/Ischemia/PNG/16232.png,/root/StrokeDataset/Ischemia/MASK/16232.npy
990,/root/StrokeDataset/Ischemia/PNG/16238.png,/root/StrokeDataset/Ischemia/MASK/16238.npy
991,/root/StrokeDataset/Ischemia/PNG/16240.png,/root/StrokeDataset/Ischemia/MASK/16240.npy
992,/root/StrokeDataset/Ischemia/PNG/16241.png,/root/StrokeDataset/Ischemia/MASK/16241.npy
993,/root/StrokeDataset/Ischemia/PNG/16258.png,/root/StrokeDataset/Ischemia/MASK/16258.npy
994,/root/StrokeDataset/Ischemia/PNG/16264.png,/root/StrokeDataset/Ischemia/MASK/16264.npy
995,/root/StrokeDataset/Ischemia/PNG/16278.png,/root/StrokeDataset/Ischemia/MASK/16278.npy
996,/root/StrokeDataset/Ischemia/PNG/16280.png,/root/StrokeDataset/Ischemia/MASK/16280.npy
997,/root/StrokeDataset/Ischemia/PNG/16284.png,/root/StrokeDataset/Ischemia/MASK/16284.npy
998,/root/StrokeDataset/Ischemia/PNG/16287.png,/root/StrokeDataset/Ischemia/MASK/16287.npy
999,/root/StrokeDataset/Ischemia/PNG/16288.png,/root/StrokeDataset/Ischemia/MASK/16288.npy
1000,/root/StrokeDataset/Ischemia/PNG/16295.png,/root/StrokeDataset/Ischemia/MASK/16295.npy
1001,/root/StrokeDataset/Ischemia/PNG/16301.png,/root/StrokeDataset/Ischemia/MASK/16301.npy
1002,/root/StrokeDataset/Ischemia/PNG/16304.png,/root/StrokeDataset/Ischemia/MASK/16304.npy
1003,/root/StrokeDataset/Ischemia/PNG/16309.png,/root/StrokeDataset/Ischemia/MASK/16309.npy
1004,/root/StrokeDataset/Ischemia/PNG/16317.png,/root/StrokeDataset/Ischemia/MASK/16317.npy
1005,/root/StrokeDataset/Ischemia/PNG/16319.png,/root/StrokeDataset/Ischemia/MASK/16319.npy
1006,/root/StrokeDataset/Ischemia/PNG/16322.png,/root/StrokeDataset/Ischemia/MASK/16322.npy
1007,/root/StrokeDataset/Ischemia/PNG/16327.png,/root/StrokeDataset/Ischemia/MASK/16327.npy
1008,/root/StrokeDataset/Ischemia/PNG/16330.png,/root/StrokeDataset/Ischemia/MASK/16330.npy
1009,/root/StrokeDataset/Ischemia/PNG/16335.png,/root/StrokeDataset/Ischemia/MASK/16335.npy
1010,/root/StrokeDataset/Ischemia/PNG/16338.png,/root/StrokeDataset/Ischemia/MASK/16338.npy
1011,/root/StrokeDataset/Ischemia/PNG/16342.png,/root/StrokeDataset/Ischemia/MASK/16342.npy
1012,/root/StrokeDataset/Ischemia/PNG/16345.png,/root/StrokeDataset/Ischemia/MASK/16345.npy
1013,/root/StrokeDataset/Ischemia/PNG/16346.png,/root/StrokeDataset/Ischemia/MASK/16346.npy
1014,/root/StrokeDataset/Ischemia/PNG/16349.png,/root/StrokeDataset/Ischemia/MASK/16349.npy
1015,/root/StrokeDataset/Ischemia/PNG/16352.png,/root/StrokeDataset/Ischemia/MASK/16352.npy
1016,/root/StrokeDataset/Ischemia/PNG/16355.png,/root/StrokeDataset/Ischemia/MASK/16355.npy
1017,/root/StrokeDataset/Ischemia/PNG/16362.png,/root/StrokeDataset/Ischemia/MASK/16362.npy
1018,/root/StrokeDataset/Ischemia/PNG/16371.png,/root/StrokeDataset/Ischemia/MASK/16371.npy
1019,/root/StrokeDataset/Ischemia/PNG/16372.png,/root/StrokeDataset/Ischemia/MASK/16372.npy
1020,/root/StrokeDataset/Ischemia/PNG/16384.png,/root/StrokeDataset/Ischemia/MASK/16384.npy
1021,/root/StrokeDataset/Ischemia/PNG/16394.png,/root/StrokeDataset/Ischemia/MASK/16394.npy
1022,/root/StrokeDataset/Ischemia/PNG/16395.png,/root/StrokeDataset/Ischemia/MASK/16395.npy
1023,/root/StrokeDataset/Ischemia/PNG/16400.png,/root/StrokeDataset/Ischemia/MASK/16400.npy
1024,/root/StrokeDataset/Ischemia/PNG/16408.png,/root/StrokeDataset/Ischemia/MASK/16408.npy
1025,/root/StrokeDataset/Ischemia/PNG/16409.png,/root/StrokeDataset/Ischemia/MASK/16409.npy
1026,/root/StrokeDataset/Ischemia/PNG/16420.png,/root/StrokeDataset/Ischemia/MASK/16420.npy
1027,/root/StrokeDataset/Ischemia/PNG/16432.png,/root/StrokeDataset/Ischemia/MASK/16432.npy
1028,/root/StrokeDataset/Ischemia/PNG/16436.png,/root/StrokeDataset/Ischemia/MASK/16436.npy
1029,/root/StrokeDataset/Ischemia/PNG/16437.png,/root/StrokeDataset/Ischemia/MASK/16437.npy
1030,/root/StrokeDataset/Ischemia/PNG/16445.png,/root/StrokeDataset/Ischemia/MASK/16445.npy
1031,/root/StrokeDataset/Ischemia/PNG/16449.png,/root/StrokeDataset/Ischemia/MASK/16449.npy
1032,/root/StrokeDataset/Ischemia/PNG/16450.png,/root/StrokeDataset/Ischemia/MASK/16450.npy
1033,/root/StrokeDataset/Ischemia/PNG/16457.png,/root/StrokeDataset/Ischemia/MASK/16457.npy
1034,/root/StrokeDataset/Ischemia/PNG/16465.png,/root/StrokeDataset/Ischemia/MASK/16465.npy
1035,/root/StrokeDataset/Ischemia/PNG/16467.png,/root/StrokeDataset/Ischemia/MASK/16467.npy
1036,/root/StrokeDataset/Ischemia/PNG/16491.png,/root/StrokeDataset/Ischemia/MASK/16491.npy
1037,/root/StrokeDataset/Ischemia/PNG/16495.png,/root/StrokeDataset/Ischemia/MASK/16495.npy
1038,/root/StrokeDataset/Ischemia/PNG/16496.png,/root/StrokeDataset/Ischemia/MASK/16496.npy
1039,/root/StrokeDataset/Ischemia/PNG/16505.png,/root/StrokeDataset/Ischemia/MASK/16505.npy
1040,/root/StrokeDataset/Ischemia/PNG/16511.png,/root/StrokeDataset/Ischemia/MASK/16511.npy
1041,/root/StrokeDataset/Ischemia/PNG/16514.png,/root/StrokeDataset/Ischemia/MASK/16514.npy
1042,/root/StrokeDataset/Ischemia/PNG/16520.png,/root/StrokeDataset/Ischemia/MASK/16520.npy
1043,/root/StrokeDataset/Ischemia/PNG/16522.png,/root/StrokeDataset/Ischemia/MASK/16522.npy
1044,/root/StrokeDataset/Ischemia/PNG/16530.png,/root/StrokeDataset/Ischemia/MASK/16530.npy
1045,/root/StrokeDataset/Ischemia/PNG/16536.png,/root/StrokeDataset/Ischemia/MASK/16536.npy
1046,/root/StrokeDataset/Ischemia/PNG/16549.png,/root/StrokeDataset/Ischemia/MASK/16549.npy
1047,/root/StrokeDataset/Ischemia/PNG/16550.png,/root/StrokeDataset/Ischemia/MASK/16550.npy
1048,/root/StrokeDataset/Ischemia/PNG/16556.png,/root/StrokeDataset/Ischemia/MASK/16556.npy
1049,/root/StrokeDataset/Ischemia/PNG/16561.png,/root/StrokeDataset/Ischemia/MASK/16561.npy
1050,/root/StrokeDataset/Ischemia/PNG/16567.png,/root/StrokeDataset/Ischemia/MASK/16567.npy
1051,/root/StrokeDataset/Ischemia/PNG/16573.png,/root/StrokeDataset/Ischemia/MASK/16573.npy
1052,/root/StrokeDataset/Ischemia/PNG/16582.png,/root/StrokeDataset/Ischemia/MASK/16582.npy
1053,/root/StrokeDataset/Ischemia/PNG/16586.png,/root/StrokeDataset/Ischemia/MASK/16586.npy
1054,/root/StrokeDataset/Ischemia/PNG/16587.png,/root/StrokeDataset/Ischemia/MASK/16587.npy
1055,/root/StrokeDataset/Ischemia/PNG/16592.png,/root/StrokeDataset/Ischemia/MASK/16592.npy
1056,/root/StrokeDataset/Ischemia/PNG/16613.png,/root/StrokeDataset/Ischemia/MASK/16613.npy
1057,/root/StrokeDataset/Ischemia/PNG/16614.png,/root/StrokeDataset/Ischemia/MASK/16614.npy
1058,/root/StrokeDataset/Ischemia/PNG/16630.png,/root/StrokeDataset/Ischemia/MASK/16630.npy
1059,/root/StrokeDataset/Ischemia/PNG/16631.png,/root/StrokeDataset/Ischemia/MASK/16631.npy
1060,/root/StrokeDataset/Ischemia/PNG/16635.png,/root/StrokeDataset/Ischemia/MASK/16635.npy
1061,/root/StrokeDataset/Ischemia/PNG/16645.png,/root/StrokeDataset/Ischemia/MASK/16645.npy
1062,/root/StrokeDataset/Ischemia/PNG/16652.png,/root/StrokeDataset/Ischemia/MASK/16652.npy
1063,/root/StrokeDataset/Ischemia/PNG/16653.png,/root/StrokeDataset/Ischemia/MASK/16653.npy
1064,/root/StrokeDataset/Ischemia/PNG/16668.png,/root/StrokeDataset/Ischemia/MASK/16668.npy
1065,/root/StrokeDataset/Ischemia/PNG/16673.png,/root/StrokeDataset/Ischemia/MASK/16673.npy
1066,/root/StrokeDataset/Ischemia/PNG/16674.png,/root/StrokeDataset/Ischemia/MASK/16674.npy
1067,/root/StrokeDataset/Ischemia/PNG/16676.png,/root/StrokeDataset/Ischemia/MASK/16676.npy
1068,/root/StrokeDataset/Ischemia/PNG/16680.png,/root/StrokeDataset/Ischemia/MASK/16680.npy
1069,/root/StrokeDataset/Ischemia/PNG/16683.png,/root/StrokeDataset/Ischemia/MASK/16683.npy
1070,/root/StrokeDataset/Ischemia/PNG/16697.png,/root/StrokeDataset/Ischemia/MASK/16697.npy
1071,/root/StrokeDataset/Ischemia/PNG/16698.png,/root/StrokeDataset/Ischemia/MASK/16698.npy
1072,/root/StrokeDataset/Ischemia/PNG/16702.png,/root/StrokeDataset/Ischemia/MASK/16702.npy
1073,/root/StrokeDataset/Ischemia/PNG/16715.png,/root/StrokeDataset/Ischemia/MASK/16715.npy
1074,/root/StrokeDataset/Ischemia/PNG/16716.png,/root/StrokeDataset/Ischemia/MASK/16716.npy
1075,/root/StrokeDataset/Ischemia/PNG/16730.png,/root/StrokeDataset/Ischemia/MASK/16730.npy
1076,/root/StrokeDataset/Ischemia/PNG/16737.png,/root/StrokeDataset/Ischemia/MASK/16737.npy
1077,/root/StrokeDataset/Ischemia/PNG/16740.png,/root/StrokeDataset/Ischemia/MASK/16740.npy
1078,/root/StrokeDataset/Ischemia/PNG/16748.png,/root/StrokeDataset/Ischemia/MASK/16748.npy
1079,/root/StrokeDataset/Ischemia/PNG/16752.png,/root/StrokeDataset/Ischemia/MASK/16752.npy
1080,/root/StrokeDataset/Ischemia/PNG/16753.png,/root/StrokeDataset/Ischemia/MASK/16753.npy
1081,/root/StrokeDataset/Ischemia/PNG/16758.png,/root/StrokeDataset/Ischemia/MASK/16758.npy
1082,/root/StrokeDataset/Ischemia/PNG/16772.png,/root/StrokeDataset/Ischemia/MASK/16772.npy
1083,/root/StrokeDataset/Ischemia/PNG/16781.png,/root/StrokeDataset/Ischemia/MASK/16781.npy
1084,/root/StrokeDataset/Ischemia/PNG/16784.png,/root/StrokeDataset/Ischemia/MASK/16784.npy
1085,/root/StrokeDataset/Ischemia/PNG/16797.png,/root/StrokeDataset/Ischemia/MASK/16797.npy
1086,/root/StrokeDataset/Ischemia/PNG/16815.png,/root/StrokeDataset/Ischemia/MASK/16815.npy
1087,/root/StrokeDataset/Ischemia/PNG/16820.png,/root/StrokeDataset/Ischemia/MASK/16820.npy
1088,/root/StrokeDataset/Ischemia/PNG/16821.png,/root/StrokeDataset/Ischemia/MASK/16821.npy
1089,/root/StrokeDataset/Ischemia/PNG/16825.png,/root/StrokeDataset/Ischemia/MASK/16825.npy
1090,/root/StrokeDataset/Ischemia/PNG/16829.png,/root/StrokeDataset/Ischemia/MASK/16829.npy
1091,/root/StrokeDataset/Ischemia/PNG/16830.png,/root/StrokeDataset/Ischemia/MASK/16830.npy
1092,/root/StrokeDataset/Ischemia/PNG/16834.png,/root/StrokeDataset/Ischemia/MASK/16834.npy
1093,/root/StrokeDataset/Ischemia/PNG/16837.png,/root/StrokeDataset/Ischemia/MASK/16837.npy
1094,/root/StrokeDataset/Ischemia/PNG/16839.png,/root/StrokeDataset/Ischemia/MASK/16839.npy
1095,/root/StrokeDataset/Ischemia/PNG/16841.png,/root/StrokeDataset/Ischemia/MASK/16841.npy
1096,/root/StrokeDataset/Ischemia/PNG/16847.png,/root/StrokeDataset/Ischemia/MASK/16847.npy
1097,/root/StrokeDataset/Ischemia/PNG/16850.png,/root/StrokeDataset/Ischemia/MASK/16850.npy
1098,/root/StrokeDataset/Ischemia/PNG/16864.png,/root/StrokeDataset/Ischemia/MASK/16864.npy
1099,/root/StrokeDataset/Ischemia/PNG/16870.png,/root/StrokeDataset/Ischemia/MASK/16870.npy
1100,/root/StrokeDataset/Ischemia/PNG/16872.png,/root/StrokeDataset/Ischemia/MASK/16872.npy
1101,/root/StrokeDataset/Ischemia/PNG/16873.png,/root/StrokeDataset/Ischemia/MASK/16873.npy
1102,/root/StrokeDataset/Ischemia/PNG/16876.png,/root/StrokeDataset/Ischemia/MASK/16876.npy
1103,/root/StrokeDataset/Ischemia/PNG/16878.png,/root/StrokeDataset/Ischemia/MASK/16878.npy
1104,/root/StrokeDataset/Ischemia/PNG/16881.png,/root/StrokeDataset/Ischemia/MASK/16881.npy
1105,/root/StrokeDataset/Ischemia/PNG/16883.png,/root/StrokeDataset/Ischemia/MASK/16883.npy
1106,/root/StrokeDataset/Ischemia/PNG/16884.png,/root/StrokeDataset/Ischemia/MASK/16884.npy
1107,/root/StrokeDataset/Ischemia/PNG/16888.png,/root/StrokeDataset/Ischemia/MASK/16888.npy
1108,/root/StrokeDataset/Ischemia/PNG/16893.png,/root/StrokeDataset/Ischemia/MASK/16893.npy
1109,/root/StrokeDataset/Ischemia/PNG/16913.png,/root/StrokeDataset/Ischemia/MASK/16913.npy
1110,/root/StrokeDataset/Ischemia/PNG/16917.png,/root/StrokeDataset/Ischemia/MASK/16917.npy
1111,/root/StrokeDataset/Ischemia/PNG/16918.png,/root/StrokeDataset/Ischemia/MASK/16918.npy
1112,/root/StrokeDataset/Ischemia/PNG/16920.png,/root/StrokeDataset/Ischemia/MASK/16920.npy
1113,/root/StrokeDataset/Ischemia/PNG/16923.png,/root/StrokeDataset/Ischemia/MASK/16923.npy
1114,/root/StrokeDataset/Ischemia/PNG/16924.png,/root/StrokeDataset/Ischemia/MASK/16924.npy
1115,/root/StrokeDataset/Ischemia/PNG/16928.png,/root/StrokeDataset/Ischemia/MASK/16928.npy
1116,/root/StrokeDataset/Ischemia/PNG/16931.png,/root/StrokeDataset/Ischemia/MASK/16931.npy
1117,/root/StrokeDataset/Ischemia/PNG/16939.png,/root/StrokeDataset/Ischemia/MASK/16939.npy
1118,/root/StrokeDataset/Ischemia/PNG/16942.png,/root/StrokeDataset/Ischemia/MASK/16942.npy
1119,/root/StrokeDataset/Ischemia/PNG/16943.png,/root/StrokeDataset/Ischemia/MASK/16943.npy
1120,/root/StrokeDataset/Ischemia/PNG/16951.png,/root/StrokeDataset/Ischemia/MASK/16951.npy
1121,/root/StrokeDataset/Ischemia/PNG/16972.png,/root/StrokeDataset/Ischemia/MASK/16972.npy
1122,/root/StrokeDataset/Ischemia/PNG/16978.png,/root/StrokeDataset/Ischemia/MASK/16978.npy
1123,/root/StrokeDataset/Ischemia/PNG/16980.png,/root/StrokeDataset/Ischemia/MASK/16980.npy
1124,/root/StrokeDataset/Ischemia/PNG/16981.png,/root/StrokeDataset/Ischemia/MASK/16981.npy
1125,/root/StrokeDataset/Ischemia/PNG/16999.png,/root/StrokeDataset/Ischemia/MASK/16999.npy
1126,/root/StrokeDataset/Ischemia/PNG/17015.png,/root/StrokeDataset/Ischemia/MASK/17015.npy
1127,/root/StrokeDataset/Ischemia/PNG/17019.png,/root/StrokeDataset/Ischemia/MASK/17019.npy
1128,/root/StrokeDataset/Ischemia/PNG/17025.png,/root/StrokeDataset/Ischemia/MASK/17025.npy
1129,/root/StrokeDataset/Ischemia/PNG/17032.png,/root/StrokeDataset/Ischemia/MASK/17032.npy
