,Iamge Path,Iamge Label
0,/root/StrokeDataset/Normal/PNG/16286.png,0
1,/root/StrokeDataset/Normal/PNG/11009.png,0
2,/root/StrokeDataset/Normal/PNG/13916.png,0
3,/root/StrokeDataset/Normal/PNG/10275.png,0
4,/root/StrokeDataset/Normal/PNG/16085.png,0
5,/root/StrokeDataset/Normal/PNG/15624.png,0
6,/root/StrokeDataset/Ischemia/PNG/15231.png,1
7,/root/StrokeDataset/Normal/PNG/10316.png,0
8,/root/StrokeDataset/Normal/PNG/10482.png,0
9,/root/StrokeDataset/Bleeding/PNG/12454.png,2
10,/root/StrokeDataset/Normal/PNG/12733.png,0
11,/root/StrokeDataset/Normal/PNG/13550.png,0
12,/root/StrokeDataset/Ischemia/PNG/12309.png,1
13,/root/StrokeDataset/Bleeding/PNG/11548.png,2
14,/root/StrokeDataset/Ischemia/PNG/16748.png,1
15,/root/StrokeDataset/Normal/PNG/12418.png,0
16,/root/StrokeDataset/Bleeding/PNG/12179.png,2
17,/root/StrokeDataset/Normal/PNG/16708.png,0
18,/root/StrokeDataset/Normal/PNG/11451.png,0
19,/root/StrokeDataset/Normal/PNG/13438.png,0
20,/root/StrokeDataset/Normal/PNG/15587.png,0
21,/root/StrokeDataset/Normal/PNG/13856.png,0
22,/root/StrokeDataset/Normal/PNG/13761.png,0
23,/root/StrokeDataset/Ischemia/PNG/14348.png,1
24,/root/StrokeDataset/Normal/PNG/14769.png,0
25,/root/StrokeDataset/Bleeding/PNG/10223.png,2
26,/root/StrokeDataset/Bleeding/PNG/15892.png,2
27,/root/StrokeDataset/Ischemia/PNG/10599.png,1
28,/root/StrokeDataset/Normal/PNG/12469.png,0
29,/root/StrokeDataset/Normal/PNG/10142.png,0
30,/root/StrokeDataset/Normal/PNG/14388.png,0
31,/root/StrokeDataset/Normal/PNG/10229.png,0
32,/root/StrokeDataset/Normal/PNG/14109.png,0
33,/root/StrokeDataset/Normal/PNG/14258.png,0
34,/root/StrokeDataset/Normal/PNG/14383.png,0
35,/root/StrokeDataset/Normal/PNG/14060.png,0
36,/root/StrokeDataset/Bleeding/PNG/12658.png,2
37,/root/StrokeDataset/Normal/PNG/12870.png,0
38,/root/StrokeDataset/Normal/PNG/11111.png,0
39,/root/StrokeDataset/Normal/PNG/16982.png,0
40,/root/StrokeDataset/Normal/PNG/15836.png,0
41,/root/StrokeDataset/Bleeding/PNG/15558.png,2
42,/root/StrokeDataset/Normal/PNG/11628.png,0
43,/root/StrokeDataset/Ischemia/PNG/14057.png,1
44,/root/StrokeDataset/Normal/PNG/15036.png,0
45,/root/StrokeDataset/Normal/PNG/14567.png,0
46,/root/StrokeDataset/Bleeding/PNG/13111.png,2
47,/root/StrokeDataset/Normal/PNG/13040.png,0
48,/root/StrokeDataset/Normal/PNG/12117.png,0
49,/root/StrokeDataset/Bleeding/PNG/14833.png,2
50,/root/StrokeDataset/Normal/PNG/11051.png,0
51,/root/StrokeDataset/Normal/PNG/12588.png,0
52,/root/StrokeDataset/Normal/PNG/13732.png,0
53,/root/StrokeDataset/Normal/PNG/14987.png,0
54,/root/StrokeDataset/Normal/PNG/10291.png,0
55,/root/StrokeDataset/Normal/PNG/14981.png,0
56,/root/StrokeDataset/Normal/PNG/11937.png,0
57,/root/StrokeDataset/Normal/PNG/13323.png,0
58,/root/StrokeDataset/Normal/PNG/10246.png,0
59,/root/StrokeDataset/Normal/PNG/14540.png,0
60,/root/StrokeDataset/Bleeding/PNG/11952.png,2
61,/root/StrokeDataset/Normal/PNG/11972.png,0
62,/root/StrokeDataset/Normal/PNG/15713.png,0
63,/root/StrokeDataset/Normal/PNG/14266.png,0
64,/root/StrokeDataset/Normal/PNG/13322.png,0
65,/root/StrokeDataset/Ischemia/PNG/15981.png,1
66,/root/StrokeDataset/Bleeding/PNG/11789.png,2
67,/root/StrokeDataset/Normal/PNG/12754.png,0
68,/root/StrokeDataset/Normal/PNG/12793.png,0
69,/root/StrokeDataset/Normal/PNG/16506.png,0
70,/root/StrokeDataset/Bleeding/PNG/13160.png,2
71,/root/StrokeDataset/Ischemia/PNG/14036.png,1
72,/root/StrokeDataset/Normal/PNG/15663.png,0
73,/root/StrokeDataset/Normal/PNG/10428.png,0
74,/root/StrokeDataset/Normal/PNG/11895.png,0
75,/root/StrokeDataset/Ischemia/PNG/13409.png,1
76,/root/StrokeDataset/Ischemia/PNG/11033.png,1
77,/root/StrokeDataset/Normal/PNG/13219.png,0
78,/root/StrokeDataset/Ischemia/PNG/13174.png,1
79,/root/StrokeDataset/Normal/PNG/10133.png,0
80,/root/StrokeDataset/Normal/PNG/13707.png,0
81,/root/StrokeDataset/Ischemia/PNG/10694.png,1
82,/root/StrokeDataset/Bleeding/PNG/13424.png,2
83,/root/StrokeDataset/Normal/PNG/13832.png,0
84,/root/StrokeDataset/Bleeding/PNG/15569.png,2
85,/root/StrokeDataset/Normal/PNG/10411.png,0
86,/root/StrokeDataset/Normal/PNG/11876.png,0
87,/root/StrokeDataset/Normal/PNG/10084.png,0
88,/root/StrokeDataset/Bleeding/PNG/14133.png,2
89,/root/StrokeDataset/Normal/PNG/14231.png,0
90,/root/StrokeDataset/Bleeding/PNG/16867.png,2
91,/root/StrokeDataset/Normal/PNG/16937.png,0
92,/root/StrokeDataset/Ischemia/PNG/17015.png,1
93,/root/StrokeDataset/Ischemia/PNG/15650.png,1
94,/root/StrokeDataset/Bleeding/PNG/10214.png,2
95,/root/StrokeDataset/Normal/PNG/15317.png,0
96,/root/StrokeDataset/Normal/PNG/16957.png,0
97,/root/StrokeDataset/Ischemia/PNG/14224.png,1
98,/root/StrokeDataset/Bleeding/PNG/14872.png,2
99,/root/StrokeDataset/Normal/PNG/15882.png,0
100,/root/StrokeDataset/Normal/PNG/13847.png,0
101,/root/StrokeDataset/Normal/PNG/10862.png,0
102,/root/StrokeDataset/Normal/PNG/15127.png,0
103,/root/StrokeDataset/Normal/PNG/13086.png,0
104,/root/StrokeDataset/Normal/PNG/11473.png,0
105,/root/StrokeDataset/Ischemia/PNG/15040.png,1
106,/root/StrokeDataset/Normal/PNG/11426.png,0
107,/root/StrokeDataset/Normal/PNG/17010.png,0
108,/root/StrokeDataset/Normal/PNG/11828.png,0
109,/root/StrokeDataset/Normal/PNG/12113.png,0
110,/root/StrokeDataset/Normal/PNG/13432.png,0
111,/root/StrokeDataset/Normal/PNG/14349.png,0
112,/root/StrokeDataset/Normal/PNG/13661.png,0
113,/root/StrokeDataset/Bleeding/PNG/14012.png,2
114,/root/StrokeDataset/Normal/PNG/15291.png,0
115,/root/StrokeDataset/Normal/PNG/12826.png,0
116,/root/StrokeDataset/Normal/PNG/14434.png,0
117,/root/StrokeDataset/Ischemia/PNG/14784.png,1
118,/root/StrokeDataset/Normal/PNG/15746.png,0
119,/root/StrokeDataset/Normal/PNG/16826.png,0
120,/root/StrokeDataset/Normal/PNG/12801.png,0
121,/root/StrokeDataset/Bleeding/PNG/15985.png,2
122,/root/StrokeDataset/Normal/PNG/11850.png,0
123,/root/StrokeDataset/Bleeding/PNG/14953.png,2
124,/root/StrokeDataset/Ischemia/PNG/15765.png,1
125,/root/StrokeDataset/Normal/PNG/16658.png,0
126,/root/StrokeDataset/Bleeding/PNG/14629.png,2
127,/root/StrokeDataset/Normal/PNG/14436.png,0
128,/root/StrokeDataset/Bleeding/PNG/16080.png,2
129,/root/StrokeDataset/Normal/PNG/16906.png,0
130,/root/StrokeDataset/Ischemia/PNG/15507.png,1
131,/root/StrokeDataset/Normal/PNG/12476.png,0
132,/root/StrokeDataset/Normal/PNG/10161.png,0
133,/root/StrokeDataset/Normal/PNG/12528.png,0
134,/root/StrokeDataset/Ischemia/PNG/13217.png,1
135,/root/StrokeDataset/Bleeding/PNG/12048.png,2
136,/root/StrokeDataset/Normal/PNG/12790.png,0
137,/root/StrokeDataset/Bleeding/PNG/13276.png,2
138,/root/StrokeDataset/Normal/PNG/11449.png,0
139,/root/StrokeDataset/Normal/PNG/16347.png,0
140,/root/StrokeDataset/Ischemia/PNG/11323.png,1
141,/root/StrokeDataset/Bleeding/PNG/15272.png,2
142,/root/StrokeDataset/Normal/PNG/14052.png,0
143,/root/StrokeDataset/Normal/PNG/16639.png,0
144,/root/StrokeDataset/Ischemia/PNG/14912.png,1
145,/root/StrokeDataset/Ischemia/PNG/13011.png,1
146,/root/StrokeDataset/Normal/PNG/12148.png,0
147,/root/StrokeDataset/Normal/PNG/14977.png,0
148,/root/StrokeDataset/Ischemia/PNG/10153.png,1
149,/root/StrokeDataset/Normal/PNG/16402.png,0
150,/root/StrokeDataset/Normal/PNG/14507.png,0
151,/root/StrokeDataset/Normal/PNG/10533.png,0
152,/root/StrokeDataset/Normal/PNG/14678.png,0
153,/root/StrokeDataset/Normal/PNG/11865.png,0
154,/root/StrokeDataset/Normal/PNG/11089.png,0
155,/root/StrokeDataset/Normal/PNG/11178.png,0
156,/root/StrokeDataset/Normal/PNG/13549.png,0
157,/root/StrokeDataset/Ischemia/PNG/11151.png,1
158,/root/StrokeDataset/Normal/PNG/15387.png,0
159,/root/StrokeDataset/Normal/PNG/16649.png,0
160,/root/StrokeDataset/Bleeding/PNG/15880.png,2
161,/root/StrokeDataset/Normal/PNG/10496.png,0
162,/root/StrokeDataset/Normal/PNG/16270.png,0
163,/root/StrokeDataset/Normal/PNG/15074.png,0
164,/root/StrokeDataset/Normal/PNG/14837.png,0
165,/root/StrokeDataset/Normal/PNG/13986.png,0
166,/root/StrokeDataset/Bleeding/PNG/13749.png,2
167,/root/StrokeDataset/Bleeding/PNG/13865.png,2
168,/root/StrokeDataset/Normal/PNG/13711.png,0
169,/root/StrokeDataset/Bleeding/PNG/13505.png,2
170,/root/StrokeDataset/Normal/PNG/13533.png,0
171,/root/StrokeDataset/Normal/PNG/11024.png,0
172,/root/StrokeDataset/Normal/PNG/13947.png,0
173,/root/StrokeDataset/Normal/PNG/10576.png,0
174,/root/StrokeDataset/Normal/PNG/15364.png,0
175,/root/StrokeDataset/Ischemia/PNG/13888.png,1
176,/root/StrokeDataset/Bleeding/PNG/12287.png,2
177,/root/StrokeDataset/Bleeding/PNG/15902.png,2
178,/root/StrokeDataset/Bleeding/PNG/15901.png,2
179,/root/StrokeDataset/Ischemia/PNG/12433.png,1
180,/root/StrokeDataset/Bleeding/PNG/13682.png,2
181,/root/StrokeDataset/Normal/PNG/10548.png,0
182,/root/StrokeDataset/Normal/PNG/13076.png,0
183,/root/StrokeDataset/Bleeding/PNG/12172.png,2
184,/root/StrokeDataset/Normal/PNG/13907.png,0
185,/root/StrokeDataset/Ischemia/PNG/10355.png,1
186,/root/StrokeDataset/Ischemia/PNG/16913.png,1
187,/root/StrokeDataset/Normal/PNG/10337.png,0
188,/root/StrokeDataset/Normal/PNG/13396.png,0
189,/root/StrokeDataset/Bleeding/PNG/12796.png,2
190,/root/StrokeDataset/Normal/PNG/14795.png,0
191,/root/StrokeDataset/Bleeding/PNG/10927.png,2
192,/root/StrokeDataset/Normal/PNG/15631.png,0
193,/root/StrokeDataset/Normal/PNG/11616.png,0
194,/root/StrokeDataset/Normal/PNG/11585.png,0
195,/root/StrokeDataset/Ischemia/PNG/11624.png,1
196,/root/StrokeDataset/Normal/PNG/14776.png,0
197,/root/StrokeDataset/Normal/PNG/13891.png,0
198,/root/StrokeDataset/Ischemia/PNG/11680.png,1
199,/root/StrokeDataset/Normal/PNG/10511.png,0
200,/root/StrokeDataset/Bleeding/PNG/11766.png,2
201,/root/StrokeDataset/Normal/PNG/11989.png,0
202,/root/StrokeDataset/Bleeding/PNG/16363.png,2
203,/root/StrokeDataset/Normal/PNG/16177.png,0
204,/root/StrokeDataset/Ischemia/PNG/14208.png,1
205,/root/StrokeDataset/Normal/PNG/12094.png,0
206,/root/StrokeDataset/Normal/PNG/12892.png,0
207,/root/StrokeDataset/Bleeding/PNG/14960.png,2
208,/root/StrokeDataset/Normal/PNG/12766.png,0
209,/root/StrokeDataset/Bleeding/PNG/10870.png,2
210,/root/StrokeDataset/Ischemia/PNG/14487.png,1
211,/root/StrokeDataset/Ischemia/PNG/15756.png,1
212,/root/StrokeDataset/Bleeding/PNG/13365.png,2
213,/root/StrokeDataset/Normal/PNG/10423.png,0
214,/root/StrokeDataset/Normal/PNG/16711.png,0
215,/root/StrokeDataset/Normal/PNG/16661.png,0
216,/root/StrokeDataset/Ischemia/PNG/14089.png,1
217,/root/StrokeDataset/Normal/PNG/11995.png,0
218,/root/StrokeDataset/Ischemia/PNG/13599.png,1
219,/root/StrokeDataset/Normal/PNG/16480.png,0
220,/root/StrokeDataset/Normal/PNG/15453.png,0
221,/root/StrokeDataset/Ischemia/PNG/14766.png,1
222,/root/StrokeDataset/Normal/PNG/16528.png,0
223,/root/StrokeDataset/Bleeding/PNG/15448.png,2
224,/root/StrokeDataset/Normal/PNG/13056.png,0
225,/root/StrokeDataset/Normal/PNG/12910.png,0
226,/root/StrokeDataset/Ischemia/PNG/11545.png,1
227,/root/StrokeDataset/Ischemia/PNG/15835.png,1
228,/root/StrokeDataset/Normal/PNG/14593.png,0
229,/root/StrokeDataset/Bleeding/PNG/10611.png,2
230,/root/StrokeDataset/Normal/PNG/10254.png,0
231,/root/StrokeDataset/Normal/PNG/14460.png,0
232,/root/StrokeDataset/Normal/PNG/14059.png,0
233,/root/StrokeDataset/Normal/PNG/12449.png,0
234,/root/StrokeDataset/Bleeding/PNG/15788.png,2
235,/root/StrokeDataset/Bleeding/PNG/12945.png,2
236,/root/StrokeDataset/Normal/PNG/14656.png,0
237,/root/StrokeDataset/Normal/PNG/11608.png,0
238,/root/StrokeDataset/Normal/PNG/15421.png,0
239,/root/StrokeDataset/Normal/PNG/14070.png,0
240,/root/StrokeDataset/Bleeding/PNG/13353.png,2
241,/root/StrokeDataset/Normal/PNG/15960.png,0
242,/root/StrokeDataset/Normal/PNG/12957.png,0
243,/root/StrokeDataset/Ischemia/PNG/16784.png,1
244,/root/StrokeDataset/Ischemia/PNG/15433.png,1
245,/root/StrokeDataset/Normal/PNG/16009.png,0
246,/root/StrokeDataset/Ischemia/PNG/10697.png,1
247,/root/StrokeDataset/Normal/PNG/13464.png,0
248,/root/StrokeDataset/Normal/PNG/14147.png,0
249,/root/StrokeDataset/Normal/PNG/13428.png,0
250,/root/StrokeDataset/Normal/PNG/10015.png,0
251,/root/StrokeDataset/Normal/PNG/13564.png,0
252,/root/StrokeDataset/Normal/PNG/10756.png,0
253,/root/StrokeDataset/Normal/PNG/10414.png,0
254,/root/StrokeDataset/Normal/PNG/12626.png,0
255,/root/StrokeDataset/Normal/PNG/16200.png,0
256,/root/StrokeDataset/Ischemia/PNG/14015.png,1
257,/root/StrokeDataset/Normal/PNG/12051.png,0
258,/root/StrokeDataset/Normal/PNG/13905.png,0
259,/root/StrokeDataset/Normal/PNG/14838.png,0
260,/root/StrokeDataset/Bleeding/PNG/11834.png,2
261,/root/StrokeDataset/Normal/PNG/11873.png,0
262,/root/StrokeDataset/Bleeding/PNG/16230.png,2
263,/root/StrokeDataset/Normal/PNG/15333.png,0
264,/root/StrokeDataset/Normal/PNG/14001.png,0
265,/root/StrokeDataset/Normal/PNG/12456.png,0
266,/root/StrokeDataset/Normal/PNG/12166.png,0
267,/root/StrokeDataset/Bleeding/PNG/11049.png,2
268,/root/StrokeDataset/Normal/PNG/12549.png,0
269,/root/StrokeDataset/Bleeding/PNG/13196.png,2
270,/root/StrokeDataset/Normal/PNG/13124.png,0
271,/root/StrokeDataset/Normal/PNG/15951.png,0
272,/root/StrokeDataset/Normal/PNG/11707.png,0
273,/root/StrokeDataset/Normal/PNG/14768.png,0
274,/root/StrokeDataset/Normal/PNG/12710.png,0
275,/root/StrokeDataset/Normal/PNG/13123.png,0
276,/root/StrokeDataset/Ischemia/PNG/12306.png,1
277,/root/StrokeDataset/Normal/PNG/15752.png,0
278,/root/StrokeDataset/Bleeding/PNG/12873.png,2
279,/root/StrokeDataset/Bleeding/PNG/15969.png,2
280,/root/StrokeDataset/Normal/PNG/15077.png,0
281,/root/StrokeDataset/Normal/PNG/10972.png,0
282,/root/StrokeDataset/Bleeding/PNG/16541.png,2
283,/root/StrokeDataset/Normal/PNG/13586.png,0
284,/root/StrokeDataset/Normal/PNG/10055.png,0
285,/root/StrokeDataset/Normal/PNG/11435.png,0
286,/root/StrokeDataset/Normal/PNG/14810.png,0
287,/root/StrokeDataset/Normal/PNG/13736.png,0
288,/root/StrokeDataset/Normal/PNG/11894.png,0
289,/root/StrokeDataset/Bleeding/PNG/12984.png,2
290,/root/StrokeDataset/Normal/PNG/11978.png,0
291,/root/StrokeDataset/Normal/PNG/15069.png,0
292,/root/StrokeDataset/Normal/PNG/15130.png,0
293,/root/StrokeDataset/Normal/PNG/15104.png,0
294,/root/StrokeDataset/Normal/PNG/16719.png,0
295,/root/StrokeDataset/Bleeding/PNG/12156.png,2
296,/root/StrokeDataset/Ischemia/PNG/10650.png,1
297,/root/StrokeDataset/Normal/PNG/16843.png,0
298,/root/StrokeDataset/Bleeding/PNG/10440.png,2
299,/root/StrokeDataset/Bleeding/PNG/12641.png,2
300,/root/StrokeDataset/Normal/PNG/16498.png,0
301,/root/StrokeDataset/Normal/PNG/11958.png,0
302,/root/StrokeDataset/Bleeding/PNG/12118.png,2
303,/root/StrokeDataset/Normal/PNG/13547.png,0
304,/root/StrokeDataset/Normal/PNG/10938.png,0
305,/root/StrokeDataset/Normal/PNG/10558.png,0
306,/root/StrokeDataset/Normal/PNG/13570.png,0
307,/root/StrokeDataset/Normal/PNG/16373.png,0
308,/root/StrokeDataset/Normal/PNG/16071.png,0
309,/root/StrokeDataset/Bleeding/PNG/12689.png,2
310,/root/StrokeDataset/Bleeding/PNG/11266.png,2
311,/root/StrokeDataset/Normal/PNG/16971.png,0
312,/root/StrokeDataset/Bleeding/PNG/14973.png,2
313,/root/StrokeDataset/Normal/PNG/12263.png,0
314,/root/StrokeDataset/Normal/PNG/13310.png,0
315,/root/StrokeDataset/Normal/PNG/15925.png,0
316,/root/StrokeDataset/Normal/PNG/14366.png,0
317,/root/StrokeDataset/Normal/PNG/14043.png,0
318,/root/StrokeDataset/Normal/PNG/16691.png,0
319,/root/StrokeDataset/Normal/PNG/15126.png,0
320,/root/StrokeDataset/Normal/PNG/10780.png,0
321,/root/StrokeDataset/Normal/PNG/11831.png,0
322,/root/StrokeDataset/Normal/PNG/13386.png,0
323,/root/StrokeDataset/Bleeding/PNG/15353.png,2
324,/root/StrokeDataset/Bleeding/PNG/10332.png,2
325,/root/StrokeDataset/Ischemia/PNG/10459.png,1
326,/root/StrokeDataset/Normal/PNG/14338.png,0
327,/root/StrokeDataset/Normal/PNG/15060.png,0
328,/root/StrokeDataset/Normal/PNG/11762.png,0
329,/root/StrokeDataset/Normal/PNG/16692.png,0
330,/root/StrokeDataset/Normal/PNG/10899.png,0
331,/root/StrokeDataset/Normal/PNG/11122.png,0
332,/root/StrokeDataset/Normal/PNG/13720.png,0
333,/root/StrokeDataset/Normal/PNG/16618.png,0
334,/root/StrokeDataset/Ischemia/PNG/10460.png,1
335,/root/StrokeDataset/Ischemia/PNG/16355.png,1
336,/root/StrokeDataset/Normal/PNG/12926.png,0
337,/root/StrokeDataset/Normal/PNG/12296.png,0
338,/root/StrokeDataset/Normal/PNG/12382.png,0
339,/root/StrokeDataset/Normal/PNG/13463.png,0
340,/root/StrokeDataset/Bleeding/PNG/11180.png,2
341,/root/StrokeDataset/Normal/PNG/10672.png,0
342,/root/StrokeDataset/Normal/PNG/11038.png,0
343,/root/StrokeDataset/Bleeding/PNG/10770.png,2
344,/root/StrokeDataset/Normal/PNG/12320.png,0
345,/root/StrokeDataset/Normal/PNG/12662.png,0
346,/root/StrokeDataset/Normal/PNG/15579.png,0
347,/root/StrokeDataset/Ischemia/PNG/13667.png,1
348,/root/StrokeDataset/Normal/PNG/10324.png,0
349,/root/StrokeDataset/Normal/PNG/12564.png,0
350,/root/StrokeDataset/Normal/PNG/14398.png,0
351,/root/StrokeDataset/Normal/PNG/16251.png,0
352,/root/StrokeDataset/Normal/PNG/15395.png,0
353,/root/StrokeDataset/Ischemia/PNG/16797.png,1
354,/root/StrokeDataset/Ischemia/PNG/15547.png,1
355,/root/StrokeDataset/Normal/PNG/10724.png,0
356,/root/StrokeDataset/Normal/PNG/12011.png,0
357,/root/StrokeDataset/Ischemia/PNG/16409.png,1
358,/root/StrokeDataset/Ischemia/PNG/10931.png,1
359,/root/StrokeDataset/Bleeding/PNG/14926.png,2
360,/root/StrokeDataset/Ischemia/PNG/10485.png,1
361,/root/StrokeDataset/Normal/PNG/11692.png,0
362,/root/StrokeDataset/Normal/PNG/12177.png,0
363,/root/StrokeDataset/Bleeding/PNG/15952.png,2
364,/root/StrokeDataset/Normal/PNG/12629.png,0
365,/root/StrokeDataset/Normal/PNG/16250.png,0
366,/root/StrokeDataset/Normal/PNG/12536.png,0
367,/root/StrokeDataset/Ischemia/PNG/12840.png,1
368,/root/StrokeDataset/Normal/PNG/11397.png,0
369,/root/StrokeDataset/Normal/PNG/12816.png,0
370,/root/StrokeDataset/Normal/PNG/13410.png,0
371,/root/StrokeDataset/Normal/PNG/15071.png,0
372,/root/StrokeDataset/Normal/PNG/12196.png,0
373,/root/StrokeDataset/Normal/PNG/16455.png,0
374,/root/StrokeDataset/Normal/PNG/11902.png,0
375,/root/StrokeDataset/Normal/PNG/14306.png,0
376,/root/StrokeDataset/Bleeding/PNG/10047.png,2
377,/root/StrokeDataset/Ischemia/PNG/13192.png,1
378,/root/StrokeDataset/Normal/PNG/16897.png,0
379,/root/StrokeDataset/Normal/PNG/14591.png,0
380,/root/StrokeDataset/Bleeding/PNG/10894.png,2
381,/root/StrokeDataset/Normal/PNG/14375.png,0
382,/root/StrokeDataset/Normal/PNG/14846.png,0
383,/root/StrokeDataset/Normal/PNG/11627.png,0
384,/root/StrokeDataset/Ischemia/PNG/15498.png,1
385,/root/StrokeDataset/Normal/PNG/15917.png,0
386,/root/StrokeDataset/Normal/PNG/13957.png,0
387,/root/StrokeDataset/Ischemia/PNG/16830.png,1
388,/root/StrokeDataset/Normal/PNG/15377.png,0
389,/root/StrokeDataset/Normal/PNG/12842.png,0
390,/root/StrokeDataset/Normal/PNG/15966.png,0
391,/root/StrokeDataset/Normal/PNG/16782.png,0
392,/root/StrokeDataset/Normal/PNG/16713.png,0
393,/root/StrokeDataset/Ischemia/PNG/11118.png,1
394,/root/StrokeDataset/Normal/PNG/10284.png,0
395,/root/StrokeDataset/Normal/PNG/14626.png,0
396,/root/StrokeDataset/Normal/PNG/16231.png,0
397,/root/StrokeDataset/Normal/PNG/16106.png,0
398,/root/StrokeDataset/Normal/PNG/10166.png,0
399,/root/StrokeDataset/Ischemia/PNG/16143.png,1
400,/root/StrokeDataset/Normal/PNG/11434.png,0
401,/root/StrokeDataset/Bleeding/PNG/10878.png,2
402,/root/StrokeDataset/Bleeding/PNG/12083.png,2
403,/root/StrokeDataset/Normal/PNG/15687.png,0
404,/root/StrokeDataset/Normal/PNG/12633.png,0
405,/root/StrokeDataset/Normal/PNG/10006.png,0
406,/root/StrokeDataset/Normal/PNG/10508.png,0
407,/root/StrokeDataset/Normal/PNG/15675.png,0
408,/root/StrokeDataset/Normal/PNG/16268.png,0
409,/root/StrokeDataset/Normal/PNG/15511.png,0
410,/root/StrokeDataset/Ischemia/PNG/15514.png,1
411,/root/StrokeDataset/Normal/PNG/16887.png,0
412,/root/StrokeDataset/Normal/PNG/13042.png,0
413,/root/StrokeDataset/Bleeding/PNG/10078.png,2
414,/root/StrokeDataset/Normal/PNG/14541.png,0
415,/root/StrokeDataset/Bleeding/PNG/10039.png,2
416,/root/StrokeDataset/Normal/PNG/11126.png,0
417,/root/StrokeDataset/Normal/PNG/10385.png,0
418,/root/StrokeDataset/Ischemia/PNG/13797.png,1
419,/root/StrokeDataset/Bleeding/PNG/12666.png,2
420,/root/StrokeDataset/Ischemia/PNG/11433.png,1
421,/root/StrokeDataset/Ischemia/PNG/13046.png,1
422,/root/StrokeDataset/Normal/PNG/15007.png,0
423,/root/StrokeDataset/Normal/PNG/16908.png,0
424,/root/StrokeDataset/Ischemia/PNG/16304.png,1
425,/root/StrokeDataset/Normal/PNG/11851.png,0
426,/root/StrokeDataset/Normal/PNG/14823.png,0
427,/root/StrokeDataset/Normal/PNG/15034.png,0
428,/root/StrokeDataset/Normal/PNG/12452.png,0
429,/root/StrokeDataset/Normal/PNG/11595.png,0
430,/root/StrokeDataset/Normal/PNG/13733.png,0
431,/root/StrokeDataset/Bleeding/PNG/12046.png,2
432,/root/StrokeDataset/Normal/PNG/13314.png,0
433,/root/StrokeDataset/Ischemia/PNG/12193.png,1
434,/root/StrokeDataset/Normal/PNG/16302.png,0
435,/root/StrokeDataset/Bleeding/PNG/14587.png,2
436,/root/StrokeDataset/Normal/PNG/13524.png,0
437,/root/StrokeDataset/Normal/PNG/10626.png,0
438,/root/StrokeDataset/Normal/PNG/12550.png,0
439,/root/StrokeDataset/Normal/PNG/16320.png,0
440,/root/StrokeDataset/Ischemia/PNG/11556.png,1
441,/root/StrokeDataset/Normal/PNG/14171.png,0
442,/root/StrokeDataset/Normal/PNG/12562.png,0
443,/root/StrokeDataset/Normal/PNG/13254.png,0
444,/root/StrokeDataset/Ischemia/PNG/15857.png,1
445,/root/StrokeDataset/Normal/PNG/10733.png,0
446,/root/StrokeDataset/Normal/PNG/15147.png,0
447,/root/StrokeDataset/Bleeding/PNG/14684.png,2
448,/root/StrokeDataset/Normal/PNG/17021.png,0
449,/root/StrokeDataset/Normal/PNG/16084.png,0
450,/root/StrokeDataset/Normal/PNG/13807.png,0
451,/root/StrokeDataset/Normal/PNG/14581.png,0
452,/root/StrokeDataset/Bleeding/PNG/11862.png,2
453,/root/StrokeDataset/Normal/PNG/12871.png,0
454,/root/StrokeDataset/Ischemia/PNG/13766.png,1
455,/root/StrokeDataset/Normal/PNG/11863.png,0
456,/root/StrokeDataset/Normal/PNG/12713.png,0
457,/root/StrokeDataset/Normal/PNG/11970.png,0
458,/root/StrokeDataset/Normal/PNG/12808.png,0
459,/root/StrokeDataset/Normal/PNG/10695.png,0
460,/root/StrokeDataset/Bleeding/PNG/13321.png,2
461,/root/StrokeDataset/Normal/PNG/14405.png,0
462,/root/StrokeDataset/Normal/PNG/15563.png,0
463,/root/StrokeDataset/Normal/PNG/11288.png,0
464,/root/StrokeDataset/Ischemia/PNG/15031.png,1
465,/root/StrokeDataset/Ischemia/PNG/14773.png,1
466,/root/StrokeDataset/Bleeding/PNG/14604.png,2
467,/root/StrokeDataset/Normal/PNG/14106.png,0
468,/root/StrokeDataset/Normal/PNG/14433.png,0
469,/root/StrokeDataset/Normal/PNG/13289.png,0
470,/root/StrokeDataset/Bleeding/PNG/16540.png,2
471,/root/StrokeDataset/Bleeding/PNG/12297.png,2
472,/root/StrokeDataset/Ischemia/PNG/14309.png,1
473,/root/StrokeDataset/Normal/PNG/14440.png,0
474,/root/StrokeDataset/Normal/PNG/12144.png,0
475,/root/StrokeDataset/Normal/PNG/11712.png,0
476,/root/StrokeDataset/Normal/PNG/13112.png,0
477,/root/StrokeDataset/Normal/PNG/15935.png,0
478,/root/StrokeDataset/Normal/PNG/15847.png,0
479,/root/StrokeDataset/Normal/PNG/10521.png,0
480,/root/StrokeDataset/Normal/PNG/16762.png,0
481,/root/StrokeDataset/Normal/PNG/16228.png,0
482,/root/StrokeDataset/Bleeding/PNG/12863.png,2
483,/root/StrokeDataset/Ischemia/PNG/10158.png,1
484,/root/StrokeDataset/Normal/PNG/16325.png,0
485,/root/StrokeDataset/Normal/PNG/14562.png,0
486,/root/StrokeDataset/Bleeding/PNG/12229.png,2
487,/root/StrokeDataset/Bleeding/PNG/13561.png,2
488,/root/StrokeDataset/Normal/PNG/14744.png,0
489,/root/StrokeDataset/Normal/PNG/12856.png,0
490,/root/StrokeDataset/Bleeding/PNG/12270.png,2
491,/root/StrokeDataset/Bleeding/PNG/12651.png,2
492,/root/StrokeDataset/Normal/PNG/11731.png,0
493,/root/StrokeDataset/Bleeding/PNG/13710.png,2
494,/root/StrokeDataset/Normal/PNG/11054.png,0
495,/root/StrokeDataset/Ischemia/PNG/15121.png,1
496,/root/StrokeDataset/Bleeding/PNG/11279.png,2
497,/root/StrokeDataset/Normal/PNG/12760.png,0
498,/root/StrokeDataset/Ischemia/PNG/16158.png,1
499,/root/StrokeDataset/Normal/PNG/12178.png,0
500,/root/StrokeDataset/Normal/PNG/10264.png,0
501,/root/StrokeDataset/Normal/PNG/13242.png,0
502,/root/StrokeDataset/Normal/PNG/13109.png,0
503,/root/StrokeDataset/Normal/PNG/15076.png,0
504,/root/StrokeDataset/Ischemia/PNG/13772.png,1
505,/root/StrokeDataset/Normal/PNG/15111.png,0
506,/root/StrokeDataset/Normal/PNG/10456.png,0
507,/root/StrokeDataset/Normal/PNG/14439.png,0
508,/root/StrokeDataset/Normal/PNG/16581.png,0
509,/root/StrokeDataset/Ischemia/PNG/11355.png,1
510,/root/StrokeDataset/Normal/PNG/14850.png,0
511,/root/StrokeDataset/Bleeding/PNG/11561.png,2
512,/root/StrokeDataset/Normal/PNG/16998.png,0
513,/root/StrokeDataset/Bleeding/PNG/10701.png,2
514,/root/StrokeDataset/Normal/PNG/13745.png,0
515,/root/StrokeDataset/Normal/PNG/16262.png,0
516,/root/StrokeDataset/Normal/PNG/14955.png,0
517,/root/StrokeDataset/Bleeding/PNG/14345.png,2
518,/root/StrokeDataset/Bleeding/PNG/12314.png,2
519,/root/StrokeDataset/Ischemia/PNG/14841.png,1
520,/root/StrokeDataset/Bleeding/PNG/15488.png,2
521,/root/StrokeDataset/Normal/PNG/10030.png,0
522,/root/StrokeDataset/Normal/PNG/11943.png,0
523,/root/StrokeDataset/Bleeding/PNG/15630.png,2
524,/root/StrokeDataset/Ischemia/PNG/14856.png,1
525,/root/StrokeDataset/Bleeding/PNG/12486.png,2
526,/root/StrokeDataset/Ischemia/PNG/16449.png,1
527,/root/StrokeDataset/Normal/PNG/13666.png,0
528,/root/StrokeDataset/Normal/PNG/14379.png,0
529,/root/StrokeDataset/Normal/PNG/11558.png,0
530,/root/StrokeDataset/Normal/PNG/16958.png,0
531,/root/StrokeDataset/Normal/PNG/10950.png,0
532,/root/StrokeDataset/Ischemia/PNG/11946.png,1
533,/root/StrokeDataset/Normal/PNG/11050.png,0
534,/root/StrokeDataset/Ischemia/PNG/12694.png,1
535,/root/StrokeDataset/Normal/PNG/12559.png,0
536,/root/StrokeDataset/Normal/PNG/11366.png,0
537,/root/StrokeDataset/Normal/PNG/12932.png,0
538,/root/StrokeDataset/Normal/PNG/14332.png,0
539,/root/StrokeDataset/Normal/PNG/15048.png,0
540,/root/StrokeDataset/Normal/PNG/13655.png,0
541,/root/StrokeDataset/Ischemia/PNG/13809.png,1
542,/root/StrokeDataset/Normal/PNG/15693.png,0
543,/root/StrokeDataset/Bleeding/PNG/10261.png,2
544,/root/StrokeDataset/Normal/PNG/10132.png,0
545,/root/StrokeDataset/Normal/PNG/11493.png,0
546,/root/StrokeDataset/Ischemia/PNG/16408.png,1
547,/root/StrokeDataset/Bleeding/PNG/10476.png,2
548,/root/StrokeDataset/Normal/PNG/13644.png,0
549,/root/StrokeDataset/Bleeding/PNG/16811.png,2
550,/root/StrokeDataset/Normal/PNG/15432.png,0
551,/root/StrokeDataset/Normal/PNG/10844.png,0
552,/root/StrokeDataset/Normal/PNG/12903.png,0
553,/root/StrokeDataset/Normal/PNG/11700.png,0
554,/root/StrokeDataset/Normal/PNG/16282.png,0
555,/root/StrokeDataset/Normal/PNG/14346.png,0
556,/root/StrokeDataset/Normal/PNG/16594.png,0
557,/root/StrokeDataset/Ischemia/PNG/15403.png,1
558,/root/StrokeDataset/Normal/PNG/12220.png,0
559,/root/StrokeDataset/Normal/PNG/13808.png,0
560,/root/StrokeDataset/Normal/PNG/10614.png,0
561,/root/StrokeDataset/Bleeding/PNG/16679.png,2
562,/root/StrokeDataset/Normal/PNG/11656.png,0
563,/root/StrokeDataset/Normal/PNG/12054.png,0
564,/root/StrokeDataset/Normal/PNG/15763.png,0
565,/root/StrokeDataset/Bleeding/PNG/10547.png,2
566,/root/StrokeDataset/Bleeding/PNG/16817.png,2
567,/root/StrokeDataset/Normal/PNG/15518.png,0
568,/root/StrokeDataset/Ischemia/PNG/15688.png,1
569,/root/StrokeDataset/Ischemia/PNG/10682.png,1
570,/root/StrokeDataset/Normal/PNG/12668.png,0
571,/root/StrokeDataset/Normal/PNG/16885.png,0
572,/root/StrokeDataset/Bleeding/PNG/11183.png,2
573,/root/StrokeDataset/Normal/PNG/13465.png,0
574,/root/StrokeDataset/Ischemia/PNG/11629.png,1
575,/root/StrokeDataset/Normal/PNG/14592.png,0
576,/root/StrokeDataset/Normal/PNG/14590.png,0
577,/root/StrokeDataset/Normal/PNG/10170.png,0
578,/root/StrokeDataset/Normal/PNG/13789.png,0
579,/root/StrokeDataset/Ischemia/PNG/10845.png,1
580,/root/StrokeDataset/Normal/PNG/16236.png,0
581,/root/StrokeDataset/Normal/PNG/13824.png,0
582,/root/StrokeDataset/Normal/PNG/10019.png,0
583,/root/StrokeDataset/Normal/PNG/11883.png,0
584,/root/StrokeDataset/Bleeding/PNG/16124.png,2
585,/root/StrokeDataset/Normal/PNG/14818.png,0
586,/root/StrokeDataset/Normal/PNG/15064.png,0
587,/root/StrokeDataset/Normal/PNG/13719.png,0
588,/root/StrokeDataset/Ischemia/PNG/14055.png,1
589,/root/StrokeDataset/Normal/PNG/13873.png,0
590,/root/StrokeDataset/Bleeding/PNG/10155.png,2
591,/root/StrokeDataset/Normal/PNG/14336.png,0
592,/root/StrokeDataset/Normal/PNG/16442.png,0
593,/root/StrokeDataset/Normal/PNG/14482.png,0
594,/root/StrokeDataset/Ischemia/PNG/15551.png,1
595,/root/StrokeDataset/Bleeding/PNG/16940.png,2
596,/root/StrokeDataset/Normal/PNG/11788.png,0
597,/root/StrokeDataset/Normal/PNG/11954.png,0
598,/root/StrokeDataset/Bleeding/PNG/10853.png,2
599,/root/StrokeDataset/Normal/PNG/13075.png,0
600,/root/StrokeDataset/Bleeding/PNG/15372.png,2
601,/root/StrokeDataset/Ischemia/PNG/12882.png,1
602,/root/StrokeDataset/Normal/PNG/11621.png,0
603,/root/StrokeDataset/Bleeding/PNG/14300.png,2
604,/root/StrokeDataset/Normal/PNG/11512.png,0
605,/root/StrokeDataset/Normal/PNG/12735.png,0
606,/root/StrokeDataset/Normal/PNG/14342.png,0
607,/root/StrokeDataset/Normal/PNG/10292.png,0
608,/root/StrokeDataset/Bleeding/PNG/12275.png,2
609,/root/StrokeDataset/Ischemia/PNG/10568.png,1
610,/root/StrokeDataset/Normal/PNG/16376.png,0
611,/root/StrokeDataset/Ischemia/PNG/12019.png,1
612,/root/StrokeDataset/Normal/PNG/15324.png,0
613,/root/StrokeDataset/Bleeding/PNG/13400.png,2
614,/root/StrokeDataset/Ischemia/PNG/13283.png,1
615,/root/StrokeDataset/Ischemia/PNG/16288.png,1
616,/root/StrokeDataset/Bleeding/PNG/13819.png,2
617,/root/StrokeDataset/Ischemia/PNG/14752.png,1
618,/root/StrokeDataset/Ischemia/PNG/12628.png,1
619,/root/StrokeDataset/Normal/PNG/16034.png,0
620,/root/StrokeDataset/Normal/PNG/15521.png,0
621,/root/StrokeDataset/Ischemia/PNG/10989.png,1
622,/root/StrokeDataset/Normal/PNG/12738.png,0
623,/root/StrokeDataset/Normal/PNG/10043.png,0
624,/root/StrokeDataset/Normal/PNG/15775.png,0
625,/root/StrokeDataset/Normal/PNG/10152.png,0
626,/root/StrokeDataset/Normal/PNG/16308.png,0
627,/root/StrokeDataset/Normal/PNG/16027.png,0
628,/root/StrokeDataset/Bleeding/PNG/15975.png,2
629,/root/StrokeDataset/Ischemia/PNG/16342.png,1
630,/root/StrokeDataset/Normal/PNG/13307.png,0
631,/root/StrokeDataset/Normal/PNG/15733.png,0
632,/root/StrokeDataset/Normal/PNG/12907.png,0
633,/root/StrokeDataset/Normal/PNG/13337.png,0
634,/root/StrokeDataset/Ischemia/PNG/12519.png,1
635,/root/StrokeDataset/Normal/PNG/15684.png,0
636,/root/StrokeDataset/Normal/PNG/14243.png,0
637,/root/StrokeDataset/Normal/PNG/13191.png,0
638,/root/StrokeDataset/Bleeding/PNG/10715.png,2
639,/root/StrokeDataset/Normal/PNG/15169.png,0
640,/root/StrokeDataset/Ischemia/PNG/15370.png,1
641,/root/StrokeDataset/Normal/PNG/12783.png,0
642,/root/StrokeDataset/Ischemia/PNG/13593.png,1
643,/root/StrokeDataset/Ischemia/PNG/15665.png,1
644,/root/StrokeDataset/Normal/PNG/15390.png,0
645,/root/StrokeDataset/Normal/PNG/10821.png,0
646,/root/StrokeDataset/Normal/PNG/10392.png,0
647,/root/StrokeDataset/Bleeding/PNG/12087.png,2
648,/root/StrokeDataset/Normal/PNG/12162.png,0
649,/root/StrokeDataset/Ischemia/PNG/14881.png,1
650,/root/StrokeDataset/Ischemia/PNG/15018.png,1
651,/root/StrokeDataset/Normal/PNG/16224.png,0
652,/root/StrokeDataset/Normal/PNG/12008.png,0
653,/root/StrokeDataset/Normal/PNG/16853.png,0
654,/root/StrokeDataset/Ischemia/PNG/13724.png,1
655,/root/StrokeDataset/Bleeding/PNG/15704.png,2
656,/root/StrokeDataset/Bleeding/PNG/11059.png,2
657,/root/StrokeDataset/Ischemia/PNG/16630.png,1
658,/root/StrokeDataset/Normal/PNG/12620.png,0
659,/root/StrokeDataset/Bleeding/PNG/14414.png,2
660,/root/StrokeDataset/Normal/PNG/15440.png,0
661,/root/StrokeDataset/Bleeding/PNG/11254.png,2
662,/root/StrokeDataset/Normal/PNG/15856.png,0
663,/root/StrokeDataset/Normal/PNG/15725.png,0
664,/root/StrokeDataset/Normal/PNG/12108.png,0
665,/root/StrokeDataset/Bleeding/PNG/15843.png,2
666,/root/StrokeDataset/Normal/PNG/10034.png,0
667,/root/StrokeDataset/Normal/PNG/16388.png,0
668,/root/StrokeDataset/Normal/PNG/14355.png,0
669,/root/StrokeDataset/Ischemia/PNG/15907.png,1
670,/root/StrokeDataset/Normal/PNG/11229.png,0
671,/root/StrokeDataset/Normal/PNG/11452.png,0
672,/root/StrokeDataset/Normal/PNG/13559.png,0
673,/root/StrokeDataset/Normal/PNG/16546.png,0
674,/root/StrokeDataset/Normal/PNG/11848.png,0
675,/root/StrokeDataset/Normal/PNG/14138.png,0
676,/root/StrokeDataset/Normal/PNG/16896.png,0
677,/root/StrokeDataset/Normal/PNG/16403.png,0
678,/root/StrokeDataset/Bleeding/PNG/11352.png,2
679,/root/StrokeDataset/Normal/PNG/11199.png,0
680,/root/StrokeDataset/Normal/PNG/12392.png,0
681,/root/StrokeDataset/Normal/PNG/16134.png,0
682,/root/StrokeDataset/Normal/PNG/16932.png,0
683,/root/StrokeDataset/Normal/PNG/13146.png,0
684,/root/StrokeDataset/Normal/PNG/15552.png,0
685,/root/StrokeDataset/Ischemia/PNG/14022.png,1
686,/root/StrokeDataset/Normal/PNG/12917.png,0
687,/root/StrokeDataset/Bleeding/PNG/10113.png,2
688,/root/StrokeDataset/Ischemia/PNG/16653.png,1
689,/root/StrokeDataset/Normal/PNG/16638.png,0
690,/root/StrokeDataset/Normal/PNG/11907.png,0
691,/root/StrokeDataset/Bleeding/PNG/11227.png,2
692,/root/StrokeDataset/Bleeding/PNG/13071.png,2
693,/root/StrokeDataset/Bleeding/PNG/13311.png,2
694,/root/StrokeDataset/Normal/PNG/10839.png,0
695,/root/StrokeDataset/Normal/PNG/16328.png,0
696,/root/StrokeDataset/Bleeding/PNG/13249.png,2
697,/root/StrokeDataset/Normal/PNG/13928.png,0
698,/root/StrokeDataset/Normal/PNG/16593.png,0
699,/root/StrokeDataset/Bleeding/PNG/13722.png,2
700,/root/StrokeDataset/Normal/PNG/15254.png,0
701,/root/StrokeDataset/Bleeding/PNG/12939.png,2
702,/root/StrokeDataset/Ischemia/PNG/16041.png,1
703,/root/StrokeDataset/Normal/PNG/10353.png,0
704,/root/StrokeDataset/Normal/PNG/13333.png,0
705,/root/StrokeDataset/Ischemia/PNG/14485.png,1
706,/root/StrokeDataset/Normal/PNG/12396.png,0
707,/root/StrokeDataset/Normal/PNG/15161.png,0
708,/root/StrokeDataset/Normal/PNG/14347.png,0
709,/root/StrokeDataset/Bleeding/PNG/16150.png,2
710,/root/StrokeDataset/Normal/PNG/14381.png,0
711,/root/StrokeDataset/Normal/PNG/15051.png,0
712,/root/StrokeDataset/Ischemia/PNG/10884.png,1
713,/root/StrokeDataset/Normal/PNG/15075.png,0
714,/root/StrokeDataset/Normal/PNG/16519.png,0
715,/root/StrokeDataset/Normal/PNG/16947.png,0
716,/root/StrokeDataset/Normal/PNG/14260.png,0
717,/root/StrokeDataset/Normal/PNG/12821.png,0
718,/root/StrokeDataset/Normal/PNG/12007.png,0
719,/root/StrokeDataset/Normal/PNG/12509.png,0
720,/root/StrokeDataset/Normal/PNG/12979.png,0
721,/root/StrokeDataset/Normal/PNG/11252.png,0
722,/root/StrokeDataset/Normal/PNG/12377.png,0
723,/root/StrokeDataset/Bleeding/PNG/12037.png,2
724,/root/StrokeDataset/Normal/PNG/10237.png,0
725,/root/StrokeDataset/Bleeding/PNG/16045.png,2
726,/root/StrokeDataset/Normal/PNG/11261.png,0
727,/root/StrokeDataset/Normal/PNG/11870.png,0
728,/root/StrokeDataset/Normal/PNG/10610.png,0
729,/root/StrokeDataset/Normal/PNG/10653.png,0
730,/root/StrokeDataset/Normal/PNG/12545.png,0
731,/root/StrokeDataset/Normal/PNG/16967.png,0
732,/root/StrokeDataset/Ischemia/PNG/10003.png,1
733,/root/StrokeDataset/Bleeding/PNG/16494.png,2
734,/root/StrokeDataset/Normal/PNG/10193.png,0
735,/root/StrokeDataset/Bleeding/PNG/12887.png,2
736,/root/StrokeDataset/Normal/PNG/11549.png,0
737,/root/StrokeDataset/Normal/PNG/15318.png,0
738,/root/StrokeDataset/Normal/PNG/10441.png,0
739,/root/StrokeDataset/Normal/PNG/11270.png,0
740,/root/StrokeDataset/Ischemia/PNG/15265.png,1
741,/root/StrokeDataset/Ischemia/PNG/12757.png,1
742,/root/StrokeDataset/Normal/PNG/13942.png,0
743,/root/StrokeDataset/Normal/PNG/11891.png,0
744,/root/StrokeDataset/Normal/PNG/11214.png,0
745,/root/StrokeDataset/Bleeding/PNG/10703.png,2
746,/root/StrokeDataset/Ischemia/PNG/12076.png,1
747,/root/StrokeDataset/Ischemia/PNG/13517.png,1
748,/root/StrokeDataset/Bleeding/PNG/15727.png,2
749,/root/StrokeDataset/Normal/PNG/14428.png,0
750,/root/StrokeDataset/Normal/PNG/10421.png,0
751,/root/StrokeDataset/Normal/PNG/16492.png,0
752,/root/StrokeDataset/Bleeding/PNG/15526.png,2
753,/root/StrokeDataset/Ischemia/PNG/13677.png,1
754,/root/StrokeDataset/Normal/PNG/12416.png,0
755,/root/StrokeDataset/Normal/PNG/11705.png,0
756,/root/StrokeDataset/Normal/PNG/12963.png,0
757,/root/StrokeDataset/Ischemia/PNG/10017.png,1
758,/root/StrokeDataset/Normal/PNG/14929.png,0
759,/root/StrokeDataset/Normal/PNG/15537.png,0
760,/root/StrokeDataset/Ischemia/PNG/13525.png,1
761,/root/StrokeDataset/Normal/PNG/15042.png,0
762,/root/StrokeDataset/Normal/PNG/11287.png,0
763,/root/StrokeDataset/Ischemia/PNG/10062.png,1
764,/root/StrokeDataset/Bleeding/PNG/10528.png,2
765,/root/StrokeDataset/Normal/PNG/14751.png,0
766,/root/StrokeDataset/Normal/PNG/14164.png,0
767,/root/StrokeDataset/Normal/PNG/10240.png,0
768,/root/StrokeDataset/Normal/PNG/10081.png,0
769,/root/StrokeDataset/Normal/PNG/13303.png,0
770,/root/StrokeDataset/Ischemia/PNG/11106.png,1
771,/root/StrokeDataset/Ischemia/PNG/15191.png,1
772,/root/StrokeDataset/Ischemia/PNG/11626.png,1
773,/root/StrokeDataset/Normal/PNG/12073.png,0
774,/root/StrokeDataset/Normal/PNG/11069.png,0
775,/root/StrokeDataset/Ischemia/PNG/13105.png,1
776,/root/StrokeDataset/Normal/PNG/10211.png,0
777,/root/StrokeDataset/Normal/PNG/14155.png,0
778,/root/StrokeDataset/Normal/PNG/13598.png,0
779,/root/StrokeDataset/Normal/PNG/10718.png,0
780,/root/StrokeDataset/Normal/PNG/12023.png,0
781,/root/StrokeDataset/Normal/PNG/15312.png,0
782,/root/StrokeDataset/Normal/PNG/11265.png,0
783,/root/StrokeDataset/Normal/PNG/15524.png,0
784,/root/StrokeDataset/Normal/PNG/11369.png,0
785,/root/StrokeDataset/Bleeding/PNG/10036.png,2
786,/root/StrokeDataset/Normal/PNG/12316.png,0
787,/root/StrokeDataset/Normal/PNG/16365.png,0
788,/root/StrokeDataset/Bleeding/PNG/16332.png,2
789,/root/StrokeDataset/Normal/PNG/12828.png,0
790,/root/StrokeDataset/Normal/PNG/14884.png,0
791,/root/StrokeDataset/Normal/PNG/12260.png,0
792,/root/StrokeDataset/Normal/PNG/13170.png,0
793,/root/StrokeDataset/Ischemia/PNG/12409.png,1
794,/root/StrokeDataset/Ischemia/PNG/15331.png,1
795,/root/StrokeDataset/Normal/PNG/15266.png,0
796,/root/StrokeDataset/Ischemia/PNG/12380.png,1
797,/root/StrokeDataset/Bleeding/PNG/15159.png,2
798,/root/StrokeDataset/Normal/PNG/16153.png,0
799,/root/StrokeDataset/Normal/PNG/10218.png,0
800,/root/StrokeDataset/Bleeding/PNG/10787.png,2
801,/root/StrokeDataset/Normal/PNG/16130.png,0
802,/root/StrokeDataset/Normal/PNG/10740.png,0
803,/root/StrokeDataset/Normal/PNG/10340.png,0
804,/root/StrokeDataset/Normal/PNG/16095.png,0
805,/root/StrokeDataset/Normal/PNG/16751.png,0
806,/root/StrokeDataset/Normal/PNG/11234.png,0
807,/root/StrokeDataset/Normal/PNG/10085.png,0
808,/root/StrokeDataset/Normal/PNG/15200.png,0
809,/root/StrokeDataset/Normal/PNG/16046.png,0
810,/root/StrokeDataset/Bleeding/PNG/11790.png,2
811,/root/StrokeDataset/Ischemia/PNG/12650.png,1
812,/root/StrokeDataset/Normal/PNG/16170.png,0
813,/root/StrokeDataset/Ischemia/PNG/13811.png,1
814,/root/StrokeDataset/Bleeding/PNG/15769.png,2
815,/root/StrokeDataset/Bleeding/PNG/15737.png,2
816,/root/StrokeDataset/Normal/PNG/13575.png,0
817,/root/StrokeDataset/Ischemia/PNG/12318.png,1
818,/root/StrokeDataset/Normal/PNG/14944.png,0
819,/root/StrokeDataset/Normal/PNG/12279.png,0
820,/root/StrokeDataset/Normal/PNG/12914.png,0
821,/root/StrokeDataset/Normal/PNG/13663.png,0
822,/root/StrokeDataset/Normal/PNG/10287.png,0
823,/root/StrokeDataset/Normal/PNG/13588.png,0
824,/root/StrokeDataset/Ischemia/PNG/11159.png,1
825,/root/StrokeDataset/Normal/PNG/12131.png,0
826,/root/StrokeDataset/Ischemia/PNG/11171.png,1
827,/root/StrokeDataset/Normal/PNG/15223.png,0
828,/root/StrokeDataset/Bleeding/PNG/13279.png,2
829,/root/StrokeDataset/Normal/PNG/12767.png,0
830,/root/StrokeDataset/Normal/PNG/15247.png,0
831,/root/StrokeDataset/Ischemia/PNG/15906.png,1
832,/root/StrokeDataset/Normal/PNG/11837.png,0
833,/root/StrokeDataset/Normal/PNG/16125.png,0
834,/root/StrokeDataset/Normal/PNG/11899.png,0
835,/root/StrokeDataset/Normal/PNG/16621.png,0
836,/root/StrokeDataset/Normal/PNG/11898.png,0
837,/root/StrokeDataset/Normal/PNG/15593.png,0
838,/root/StrokeDataset/Normal/PNG/10454.png,0
839,/root/StrokeDataset/Normal/PNG/10735.png,0
840,/root/StrokeDataset/Normal/PNG/14065.png,0
841,/root/StrokeDataset/Normal/PNG/13513.png,0
842,/root/StrokeDataset/Bleeding/PNG/10388.png,2
843,/root/StrokeDataset/Ischemia/PNG/13340.png,1
844,/root/StrokeDataset/Normal/PNG/16162.png,0
845,/root/StrokeDataset/Normal/PNG/16156.png,0
846,/root/StrokeDataset/Normal/PNG/11194.png,0
847,/root/StrokeDataset/Normal/PNG/13468.png,0
848,/root/StrokeDataset/Ischemia/PNG/13285.png,1
849,/root/StrokeDataset/Normal/PNG/15422.png,0
850,/root/StrokeDataset/Normal/PNG/16390.png,0
851,/root/StrokeDataset/Normal/PNG/10895.png,0
852,/root/StrokeDataset/Normal/PNG/10891.png,0
853,/root/StrokeDataset/Bleeding/PNG/13840.png,2
854,/root/StrokeDataset/Normal/PNG/16434.png,0
855,/root/StrokeDataset/Normal/PNG/16836.png,0
856,/root/StrokeDataset/Normal/PNG/14396.png,0
857,/root/StrokeDataset/Bleeding/PNG/10539.png,2
858,/root/StrokeDataset/Bleeding/PNG/15376.png,2
859,/root/StrokeDataset/Ischemia/PNG/12242.png,1
860,/root/StrokeDataset/Ischemia/PNG/10444.png,1
861,/root/StrokeDataset/Normal/PNG/13850.png,0
862,/root/StrokeDataset/Normal/PNG/14966.png,0
863,/root/StrokeDataset/Ischemia/PNG/11551.png,1
864,/root/StrokeDataset/Normal/PNG/12288.png,0
865,/root/StrokeDataset/Normal/PNG/15290.png,0
866,/root/StrokeDataset/Normal/PNG/10996.png,0
867,/root/StrokeDataset/Normal/PNG/13562.png,0
868,/root/StrokeDataset/Normal/PNG/13931.png,0
869,/root/StrokeDataset/Normal/PNG/10419.png,0
870,/root/StrokeDataset/Normal/PNG/11477.png,0
871,/root/StrokeDataset/Normal/PNG/15366.png,0
872,/root/StrokeDataset/Normal/PNG/14318.png,0
873,/root/StrokeDataset/Bleeding/PNG/12283.png,2
874,/root/StrokeDataset/Normal/PNG/13053.png,0
875,/root/StrokeDataset/Ischemia/PNG/11103.png,1
876,/root/StrokeDataset/Ischemia/PNG/16362.png,1
877,/root/StrokeDataset/Normal/PNG/16271.png,0
878,/root/StrokeDataset/Normal/PNG/15604.png,0
879,/root/StrokeDataset/Normal/PNG/11932.png,0
880,/root/StrokeDataset/Normal/PNG/10224.png,0
881,/root/StrokeDataset/Normal/PNG/14640.png,0
882,/root/StrokeDataset/Ischemia/PNG/12370.png,1
883,/root/StrokeDataset/Normal/PNG/15281.png,0
884,/root/StrokeDataset/Bleeding/PNG/13384.png,2
885,/root/StrokeDataset/Normal/PNG/10529.png,0
886,/root/StrokeDataset/Normal/PNG/12894.png,0
887,/root/StrokeDataset/Bleeding/PNG/10501.png,2
888,/root/StrokeDataset/Bleeding/PNG/11162.png,2
889,/root/StrokeDataset/Normal/PNG/15248.png,0
890,/root/StrokeDataset/Ischemia/PNG/15055.png,1
891,/root/StrokeDataset/Normal/PNG/12776.png,0
892,/root/StrokeDataset/Normal/PNG/12573.png,0
893,/root/StrokeDataset/Normal/PNG/16089.png,0
894,/root/StrokeDataset/Normal/PNG/14263.png,0
895,/root/StrokeDataset/Normal/PNG/11604.png,0
896,/root/StrokeDataset/Normal/PNG/13238.png,0
897,/root/StrokeDataset/Normal/PNG/14190.png,0
898,/root/StrokeDataset/Normal/PNG/14707.png,0
899,/root/StrokeDataset/Normal/PNG/15179.png,0
900,/root/StrokeDataset/Normal/PNG/14451.png,0
901,/root/StrokeDataset/Normal/PNG/11658.png,0
902,/root/StrokeDataset/Normal/PNG/13765.png,0
903,/root/StrokeDataset/Normal/PNG/15623.png,0
904,/root/StrokeDataset/Ischemia/PNG/10808.png,1
905,/root/StrokeDataset/Normal/PNG/15639.png,0
906,/root/StrokeDataset/Normal/PNG/11251.png,0
907,/root/StrokeDataset/Normal/PNG/16510.png,0
908,/root/StrokeDataset/Bleeding/PNG/11911.png,2
909,/root/StrokeDataset/Normal/PNG/17018.png,0
910,/root/StrokeDataset/Normal/PNG/15443.png,0
911,/root/StrokeDataset/Ischemia/PNG/15903.png,1
912,/root/StrokeDataset/Ischemia/PNG/13860.png,1
913,/root/StrokeDataset/Bleeding/PNG/16391.png,2
914,/root/StrokeDataset/Normal/PNG/13048.png,0
915,/root/StrokeDataset/Normal/PNG/15822.png,0
916,/root/StrokeDataset/Normal/PNG/15102.png,0
917,/root/StrokeDataset/Normal/PNG/11428.png,0
918,/root/StrokeDataset/Normal/PNG/16660.png,0
919,/root/StrokeDataset/Bleeding/PNG/13132.png,2
920,/root/StrokeDataset/Ischemia/PNG/12711.png,1
921,/root/StrokeDataset/Ischemia/PNG/14457.png,1
922,/root/StrokeDataset/Normal/PNG/15909.png,0
923,/root/StrokeDataset/Normal/PNG/15608.png,0
924,/root/StrokeDataset/Normal/PNG/12495.png,0
925,/root/StrokeDataset/Normal/PNG/15401.png,0
926,/root/StrokeDataset/Normal/PNG/10093.png,0
927,/root/StrokeDataset/Normal/PNG/15228.png,0
928,/root/StrokeDataset/Ischemia/PNG/14245.png,1
929,/root/StrokeDataset/Normal/PNG/13580.png,0
930,/root/StrokeDataset/Ischemia/PNG/10073.png,1
931,/root/StrokeDataset/Normal/PNG/13490.png,0
932,/root/StrokeDataset/Bleeding/PNG/13869.png,2
933,/root/StrokeDataset/Normal/PNG/11247.png,0
934,/root/StrokeDataset/Normal/PNG/12227.png,0
935,/root/StrokeDataset/Normal/PNG/12911.png,0
936,/root/StrokeDataset/Normal/PNG/16802.png,0
937,/root/StrokeDataset/Normal/PNG/16651.png,0
938,/root/StrokeDataset/Bleeding/PNG/15292.png,2
939,/root/StrokeDataset/Normal/PNG/16987.png,0
940,/root/StrokeDataset/Ischemia/PNG/16140.png,1
941,/root/StrokeDataset/Normal/PNG/12533.png,0
942,/root/StrokeDataset/Normal/PNG/14634.png,0
943,/root/StrokeDataset/Normal/PNG/16310.png,0
944,/root/StrokeDataset/Ischemia/PNG/15119.png,1
945,/root/StrokeDataset/Bleeding/PNG/11560.png,2
946,/root/StrokeDataset/Normal/PNG/10001.png,0
947,/root/StrokeDataset/Normal/PNG/12496.png,0
948,/root/StrokeDataset/Normal/PNG/16831.png,0
949,/root/StrokeDataset/Normal/PNG/16960.png,0
950,/root/StrokeDataset/Normal/PNG/16183.png,0
951,/root/StrokeDataset/Normal/PNG/13038.png,0
952,/root/StrokeDataset/Normal/PNG/14105.png,0
953,/root/StrokeDataset/Normal/PNG/12740.png,0
954,/root/StrokeDataset/Normal/PNG/16610.png,0
955,/root/StrokeDataset/Normal/PNG/14469.png,0
956,/root/StrokeDataset/Normal/PNG/11668.png,0
957,/root/StrokeDataset/Normal/PNG/13648.png,0
958,/root/StrokeDataset/Normal/PNG/13659.png,0
959,/root/StrokeDataset/Normal/PNG/16348.png,0
960,/root/StrokeDataset/Normal/PNG/14873.png,0
961,/root/StrokeDataset/Normal/PNG/12198.png,0
962,/root/StrokeDataset/Ischemia/PNG/11202.png,1
963,/root/StrokeDataset/Normal/PNG/14114.png,0
964,/root/StrokeDataset/Normal/PNG/15319.png,0
965,/root/StrokeDataset/Ischemia/PNG/15175.png,1
966,/root/StrokeDataset/Normal/PNG/12812.png,0
967,/root/StrokeDataset/Bleeding/PNG/10309.png,2
968,/root/StrokeDataset/Normal/PNG/10277.png,0
969,/root/StrokeDataset/Ischemia/PNG/12090.png,1
970,/root/StrokeDataset/Normal/PNG/15750.png,0
971,/root/StrokeDataset/Normal/PNG/13308.png,0
972,/root/StrokeDataset/Normal/PNG/16965.png,0
973,/root/StrokeDataset/Normal/PNG/11590.png,0
974,/root/StrokeDataset/Normal/PNG/12450.png,0
975,/root/StrokeDataset/Bleeding/PNG/16066.png,2
976,/root/StrokeDataset/Normal/PNG/13963.png,0
977,/root/StrokeDataset/Normal/PNG/16578.png,0
978,/root/StrokeDataset/Ischemia/PNG/12214.png,1
979,/root/StrokeDataset/Bleeding/PNG/10975.png,2
980,/root/StrokeDataset/Normal/PNG/14904.png,0
981,/root/StrokeDataset/Normal/PNG/10679.png,0
982,/root/StrokeDataset/Ischemia/PNG/16371.png,1
983,/root/StrokeDataset/Normal/PNG/14723.png,0
984,/root/StrokeDataset/Normal/PNG/14295.png,0
985,/root/StrokeDataset/Normal/PNG/13392.png,0
986,/root/StrokeDataset/Normal/PNG/12066.png,0
987,/root/StrokeDataset/Normal/PNG/13134.png,0
988,/root/StrokeDataset/Normal/PNG/14736.png,0
989,/root/StrokeDataset/Normal/PNG/17007.png,0
990,/root/StrokeDataset/Bleeding/PNG/13391.png,2
991,/root/StrokeDataset/Normal/PNG/15503.png,0
992,/root/StrokeDataset/Bleeding/PNG/16146.png,2
993,/root/StrokeDataset/Normal/PNG/14680.png,0
994,/root/StrokeDataset/Ischemia/PNG/14632.png,1
995,/root/StrokeDataset/Bleeding/PNG/11704.png,2
996,/root/StrokeDataset/Normal/PNG/10393.png,0
997,/root/StrokeDataset/Normal/PNG/15937.png,0
998,/root/StrokeDataset/Bleeding/PNG/15893.png,2
999,/root/StrokeDataset/Normal/PNG/12103.png,0
1000,/root/StrokeDataset/Normal/PNG/12579.png,0
1001,/root/StrokeDataset/Ischemia/PNG/11320.png,1
1002,/root/StrokeDataset/Ischemia/PNG/12395.png,1
1003,/root/StrokeDataset/Bleeding/PNG/15928.png,2
1004,/root/StrokeDataset/Ischemia/PNG/13083.png,1
1005,/root/StrokeDataset/Normal/PNG/11423.png,0
1006,/root/StrokeDataset/Normal/PNG/13097.png,0
1007,/root/StrokeDataset/Normal/PNG/16069.png,0
1008,/root/StrokeDataset/Bleeding/PNG/13606.png,2
1009,/root/StrokeDataset/Normal/PNG/10174.png,0
1010,/root/StrokeDataset/Normal/PNG/13022.png,0
1011,/root/StrokeDataset/Bleeding/PNG/15241.png,2
1012,/root/StrokeDataset/Ischemia/PNG/15012.png,1
1013,/root/StrokeDataset/Normal/PNG/12003.png,0
1014,/root/StrokeDataset/Normal/PNG/12813.png,0
1015,/root/StrokeDataset/Ischemia/PNG/13528.png,1
1016,/root/StrokeDataset/Ischemia/PNG/15824.png,1
1017,/root/StrokeDataset/Normal/PNG/14652.png,0
1018,/root/StrokeDataset/Bleeding/PNG/12900.png,2
1019,/root/StrokeDataset/Normal/PNG/12483.png,0
1020,/root/StrokeDataset/Bleeding/PNG/11677.png,2
1021,/root/StrokeDataset/Ischemia/PNG/11036.png,1
1022,/root/StrokeDataset/Bleeding/PNG/13278.png,2
1023,/root/StrokeDataset/Normal/PNG/11979.png,0
1024,/root/StrokeDataset/Normal/PNG/16731.png,0
1025,/root/StrokeDataset/Normal/PNG/14413.png,0
1026,/root/StrokeDataset/Normal/PNG/11897.png,0
1027,/root/StrokeDataset/Ischemia/PNG/16549.png,1
1028,/root/StrokeDataset/Normal/PNG/13557.png,0
1029,/root/StrokeDataset/Normal/PNG/16648.png,0
1030,/root/StrokeDataset/Normal/PNG/10318.png,0
1031,/root/StrokeDataset/Bleeding/PNG/13095.png,2
1032,/root/StrokeDataset/Bleeding/PNG/15809.png,2
1033,/root/StrokeDataset/Normal/PNG/10326.png,0
1034,/root/StrokeDataset/Normal/PNG/14597.png,0
1035,/root/StrokeDataset/Ischemia/PNG/11052.png,1
1036,/root/StrokeDataset/Normal/PNG/14096.png,0
1037,/root/StrokeDataset/Normal/PNG/15230.png,0
1038,/root/StrokeDataset/Normal/PNG/14220.png,0
1039,/root/StrokeDataset/Normal/PNG/16235.png,0
1040,/root/StrokeDataset/Normal/PNG/14993.png,0
1041,/root/StrokeDataset/Normal/PNG/16369.png,0
1042,/root/StrokeDataset/Ischemia/PNG/11010.png,1
1043,/root/StrokeDataset/Normal/PNG/15262.png,0
1044,/root/StrokeDataset/Normal/PNG/10988.png,0
1045,/root/StrokeDataset/Normal/PNG/15414.png,0
1046,/root/StrokeDataset/Normal/PNG/13001.png,0
1047,/root/StrokeDataset/Ischemia/PNG/12621.png,1
1048,/root/StrokeDataset/Normal/PNG/13884.png,0
1049,/root/StrokeDataset/Ischemia/PNG/15267.png,1
1050,/root/StrokeDataset/Normal/PNG/13546.png,0
1051,/root/StrokeDataset/Normal/PNG/16935.png,0
1052,/root/StrokeDataset/Normal/PNG/12222.png,0
1053,/root/StrokeDataset/Normal/PNG/16382.png,0
1054,/root/StrokeDataset/Normal/PNG/13316.png,0
1055,/root/StrokeDataset/Bleeding/PNG/12175.png,2
1056,/root/StrokeDataset/Ischemia/PNG/16631.png,1
1057,/root/StrokeDataset/Normal/PNG/14932.png,0
1058,/root/StrokeDataset/Normal/PNG/13431.png,0
1059,/root/StrokeDataset/Normal/PNG/16678.png,0
1060,/root/StrokeDataset/Ischemia/PNG/10992.png,1
1061,/root/StrokeDataset/Normal/PNG/10710.png,0
1062,/root/StrokeDataset/Bleeding/PNG/10788.png,2
1063,/root/StrokeDataset/Normal/PNG/11844.png,0
1064,/root/StrokeDataset/Ischemia/PNG/10729.png,1
1065,/root/StrokeDataset/Ischemia/PNG/16215.png,1
1066,/root/StrokeDataset/Bleeding/PNG/15555.png,2
1067,/root/StrokeDataset/Bleeding/PNG/12471.png,2
1068,/root/StrokeDataset/Normal/PNG/16788.png,0
1069,/root/StrokeDataset/Normal/PNG/10781.png,0
1070,/root/StrokeDataset/Ischemia/PNG/15089.png,1
1071,/root/StrokeDataset/Normal/PNG/13985.png,0
1072,/root/StrokeDataset/Normal/PNG/14425.png,0
1073,/root/StrokeDataset/Ischemia/PNG/15184.png,1
1074,/root/StrokeDataset/Normal/PNG/14094.png,0
1075,/root/StrokeDataset/Normal/PNG/15024.png,0
1076,/root/StrokeDataset/Ischemia/PNG/13045.png,1
1077,/root/StrokeDataset/Bleeding/PNG/11193.png,2
1078,/root/StrokeDataset/Normal/PNG/10760.png,0
1079,/root/StrokeDataset/Normal/PNG/14861.png,0
1080,/root/StrokeDataset/Normal/PNG/12832.png,0
1081,/root/StrokeDataset/Bleeding/PNG/12679.png,2
1082,/root/StrokeDataset/Normal/PNG/12605.png,0
1083,/root/StrokeDataset/Normal/PNG/16356.png,0
1084,/root/StrokeDataset/Normal/PNG/15619.png,0
1085,/root/StrokeDataset/Normal/PNG/16448.png,0
1086,/root/StrokeDataset/Normal/PNG/12004.png,0
1087,/root/StrokeDataset/Normal/PNG/12250.png,0
1088,/root/StrokeDataset/Normal/PNG/10308.png,0
1089,/root/StrokeDataset/Ischemia/PNG/16395.png,1
1090,/root/StrokeDataset/Ischemia/PNG/15560.png,1
1091,/root/StrokeDataset/Bleeding/PNG/15198.png,2
1092,/root/StrokeDataset/Normal/PNG/12157.png,0
1093,/root/StrokeDataset/Normal/PNG/10157.png,0
1094,/root/StrokeDataset/Normal/PNG/14163.png,0
1095,/root/StrokeDataset/Bleeding/PNG/12274.png,2
1096,/root/StrokeDataset/Normal/PNG/12599.png,0
1097,/root/StrokeDataset/Normal/PNG/14519.png,0
1098,/root/StrokeDataset/Normal/PNG/12430.png,0
1099,/root/StrokeDataset/Normal/PNG/14998.png,0
1100,/root/StrokeDataset/Normal/PNG/13621.png,0
1101,/root/StrokeDataset/Bleeding/PNG/14712.png,2
1102,/root/StrokeDataset/Normal/PNG/15690.png,0
1103,/root/StrokeDataset/Normal/PNG/13420.png,0
1104,/root/StrokeDataset/Bleeding/PNG/14098.png,2
1105,/root/StrokeDataset/Normal/PNG/10574.png,0
1106,/root/StrokeDataset/Normal/PNG/16689.png,0
1107,/root/StrokeDataset/Ischemia/PNG/11860.png,1
1108,/root/StrokeDataset/Normal/PNG/16147.png,0
1109,/root/StrokeDataset/Normal/PNG/16809.png,0
1110,/root/StrokeDataset/Normal/PNG/14989.png,0
1111,/root/StrokeDataset/Bleeding/PNG/14877.png,2
1112,/root/StrokeDataset/Normal/PNG/16307.png,0
1113,/root/StrokeDataset/Normal/PNG/12484.png,0
1114,/root/StrokeDataset/Normal/PNG/11447.png,0
1115,/root/StrokeDataset/Normal/PNG/14775.png,0
1116,/root/StrokeDataset/Normal/PNG/17020.png,0
1117,/root/StrokeDataset/Normal/PNG/12481.png,0
1118,/root/StrokeDataset/Normal/PNG/15181.png,0
1119,/root/StrokeDataset/Ischemia/PNG/12161.png,1
1120,/root/StrokeDataset/Normal/PNG/15797.png,0
1121,/root/StrokeDataset/Normal/PNG/10939.png,0
1122,/root/StrokeDataset/Normal/PNG/10534.png,0
1123,/root/StrokeDataset/Normal/PNG/14547.png,0
1124,/root/StrokeDataset/Ischemia/PNG/15703.png,1
1125,/root/StrokeDataset/Normal/PNG/10472.png,0
1126,/root/StrokeDataset/Normal/PNG/12466.png,0
1127,/root/StrokeDataset/Normal/PNG/11406.png,0
1128,/root/StrokeDataset/Normal/PNG/10118.png,0
1129,/root/StrokeDataset/Normal/PNG/14906.png,0
1130,/root/StrokeDataset/Normal/PNG/10465.png,0
1131,/root/StrokeDataset/Normal/PNG/11132.png,0
1132,/root/StrokeDataset/Ischemia/PNG/11729.png,1
1133,/root/StrokeDataset/Normal/PNG/13152.png,0
1134,/root/StrokeDataset/Normal/PNG/10556.png,0
1135,/root/StrokeDataset/Ischemia/PNG/12191.png,1
1136,/root/StrokeDataset/Ischemia/PNG/11331.png,1
1137,/root/StrokeDataset/Normal/PNG/16565.png,0
1138,/root/StrokeDataset/Normal/PNG/12916.png,0
1139,/root/StrokeDataset/Ischemia/PNG/11597.png,1
1140,/root/StrokeDataset/Normal/PNG/10195.png,0
1141,/root/StrokeDataset/Normal/PNG/14594.png,0
1142,/root/StrokeDataset/Normal/PNG/12568.png,0
1143,/root/StrokeDataset/Normal/PNG/12597.png,0
1144,/root/StrokeDataset/Ischemia/PNG/15211.png,1
1145,/root/StrokeDataset/Normal/PNG/13473.png,0
1146,/root/StrokeDataset/Normal/PNG/10422.png,0
1147,/root/StrokeDataset/Bleeding/PNG/12836.png,2
1148,/root/StrokeDataset/Normal/PNG/10175.png,0
1149,/root/StrokeDataset/Normal/PNG/14008.png,0
1150,/root/StrokeDataset/Normal/PNG/12947.png,0
1151,/root/StrokeDataset/Bleeding/PNG/11415.png,2
1152,/root/StrokeDataset/Normal/PNG/14897.png,0
1153,/root/StrokeDataset/Normal/PNG/11383.png,0
1154,/root/StrokeDataset/Bleeding/PNG/12459.png,2
1155,/root/StrokeDataset/Normal/PNG/11736.png,0
1156,/root/StrokeDataset/Ischemia/PNG/10928.png,1
1157,/root/StrokeDataset/Ischemia/PNG/15520.png,1
1158,/root/StrokeDataset/Bleeding/PNG/14889.png,2
1159,/root/StrokeDataset/Normal/PNG/11664.png,0
1160,/root/StrokeDataset/Ischemia/PNG/12721.png,1
1161,/root/StrokeDataset/Normal/PNG/15978.png,0
1162,/root/StrokeDataset/Normal/PNG/12948.png,0
1163,/root/StrokeDataset/Normal/PNG/14946.png,0
1164,/root/StrokeDataset/Normal/PNG/16525.png,0
1165,/root/StrokeDataset/Normal/PNG/14771.png,0
1166,/root/StrokeDataset/Ischemia/PNG/16445.png,1
1167,/root/StrokeDataset/Normal/PNG/10673.png,0
1168,/root/StrokeDataset/Normal/PNG/13544.png,0
1169,/root/StrokeDataset/Normal/PNG/14007.png,0
1170,/root/StrokeDataset/Ischemia/PNG/15801.png,1
1171,/root/StrokeDataset/Normal/PNG/12652.png,0
1172,/root/StrokeDataset/Normal/PNG/13502.png,0
1173,/root/StrokeDataset/Bleeding/PNG/10397.png,2
1174,/root/StrokeDataset/Normal/PNG/14161.png,0
1175,/root/StrokeDataset/Bleeding/PNG/14565.png,2
1176,/root/StrokeDataset/Normal/PNG/17004.png,0
1177,/root/StrokeDataset/Ischemia/PNG/11695.png,1
1178,/root/StrokeDataset/Normal/PNG/16306.png,0
1179,/root/StrokeDataset/Ischemia/PNG/14787.png,1
1180,/root/StrokeDataset/Ischemia/PNG/14391.png,1
1181,/root/StrokeDataset/Bleeding/PNG/14708.png,2
1182,/root/StrokeDataset/Normal/PNG/16208.png,0
1183,/root/StrokeDataset/Bleeding/PNG/10052.png,2
1184,/root/StrokeDataset/Ischemia/PNG/15029.png,1
1185,/root/StrokeDataset/Normal/PNG/11232.png,0
1186,/root/StrokeDataset/Ischemia/PNG/10618.png,1
1187,/root/StrokeDataset/Ischemia/PNG/12865.png,1
1188,/root/StrokeDataset/Ischemia/PNG/14525.png,1
1189,/root/StrokeDataset/Normal/PNG/11481.png,0
1190,/root/StrokeDataset/Bleeding/PNG/12881.png,2
1191,/root/StrokeDataset/Ischemia/PNG/12831.png,1
1192,/root/StrokeDataset/Normal/PNG/13685.png,0
1193,/root/StrokeDataset/Bleeding/PNG/16703.png,2
1194,/root/StrokeDataset/Normal/PNG/15129.png,0
1195,/root/StrokeDataset/Normal/PNG/11682.png,0
1196,/root/StrokeDataset/Normal/PNG/11957.png,0
1197,/root/StrokeDataset/Ischemia/PNG/10943.png,1
1198,/root/StrokeDataset/Normal/PNG/12482.png,0
1199,/root/StrokeDataset/Normal/PNG/16255.png,0
1200,/root/StrokeDataset/Normal/PNG/12936.png,0
1201,/root/StrokeDataset/Ischemia/PNG/15676.png,1
1202,/root/StrokeDataset/Bleeding/PNG/12029.png,2
1203,/root/StrokeDataset/Normal/PNG/16534.png,0
1204,/root/StrokeDataset/Bleeding/PNG/10898.png,2
1205,/root/StrokeDataset/Normal/PNG/12869.png,0
1206,/root/StrokeDataset/Normal/PNG/11469.png,0
1207,/root/StrokeDataset/Bleeding/PNG/11117.png,2
1208,/root/StrokeDataset/Ischemia/PNG/15410.png,1
1209,/root/StrokeDataset/Normal/PNG/13670.png,0
1210,/root/StrokeDataset/Normal/PNG/12230.png,0
1211,/root/StrokeDataset/Bleeding/PNG/10063.png,2
1212,/root/StrokeDataset/Normal/PNG/10368.png,0
1213,/root/StrokeDataset/Normal/PNG/10121.png,0
1214,/root/StrokeDataset/Normal/PNG/12040.png,0
1215,/root/StrokeDataset/Normal/PNG/12872.png,0
1216,/root/StrokeDataset/Normal/PNG/10516.png,0
1217,/root/StrokeDataset/Bleeding/PNG/12851.png,2
1218,/root/StrokeDataset/Normal/PNG/12345.png,0
1219,/root/StrokeDataset/Normal/PNG/11620.png,0
1220,/root/StrokeDataset/Normal/PNG/11109.png,0
1221,/root/StrokeDataset/Normal/PNG/14216.png,0
1222,/root/StrokeDataset/Normal/PNG/10667.png,0
1223,/root/StrokeDataset/Bleeding/PNG/15046.png,2
1224,/root/StrokeDataset/Normal/PNG/13379.png,0
1225,/root/StrokeDataset/Normal/PNG/14149.png,0
1226,/root/StrokeDataset/Normal/PNG/15185.png,0
1227,/root/StrokeDataset/Ischemia/PNG/16280.png,1
1228,/root/StrokeDataset/Normal/PNG/10674.png,0
1229,/root/StrokeDataset/Normal/PNG/10417.png,0
1230,/root/StrokeDataset/Normal/PNG/13074.png,0
1231,/root/StrokeDataset/Normal/PNG/10182.png,0
1232,/root/StrokeDataset/Ischemia/PNG/14242.png,1
1233,/root/StrokeDataset/Normal/PNG/15615.png,0
1234,/root/StrokeDataset/Bleeding/PNG/13260.png,2
1235,/root/StrokeDataset/Normal/PNG/16490.png,0
1236,/root/StrokeDataset/Normal/PNG/13317.png,0
1237,/root/StrokeDataset/Normal/PNG/14913.png,0
1238,/root/StrokeDataset/Bleeding/PNG/14915.png,2
1239,/root/StrokeDataset/Normal/PNG/11439.png,0
1240,/root/StrokeDataset/Bleeding/PNG/12582.png,2
1241,/root/StrokeDataset/Ischemia/PNG/10754.png,1
1242,/root/StrokeDataset/Normal/PNG/15362.png,0
1243,/root/StrokeDataset/Normal/PNG/12612.png,0
1244,/root/StrokeDataset/Ischemia/PNG/13773.png,1
1245,/root/StrokeDataset/Normal/PNG/15415.png,0
1246,/root/StrokeDataset/Normal/PNG/10768.png,0
1247,/root/StrokeDataset/Bleeding/PNG/12768.png,2
1248,/root/StrokeDataset/Normal/PNG/10315.png,0
1249,/root/StrokeDataset/Normal/PNG/11748.png,0
1250,/root/StrokeDataset/Normal/PNG/11022.png,0
1251,/root/StrokeDataset/Normal/PNG/16650.png,0
1252,/root/StrokeDataset/Normal/PNG/11670.png,0
1253,/root/StrokeDataset/Normal/PNG/16152.png,0
1254,/root/StrokeDataset/Normal/PNG/15592.png,0
1255,/root/StrokeDataset/Bleeding/PNG/16966.png,2
1256,/root/StrokeDataset/Ischemia/PNG/10846.png,1
1257,/root/StrokeDataset/Normal/PNG/11757.png,0
1258,/root/StrokeDataset/Normal/PNG/15616.png,0
1259,/root/StrokeDataset/Normal/PNG/12780.png,0
1260,/root/StrokeDataset/Ischemia/PNG/10038.png,1
1261,/root/StrokeDataset/Ischemia/PNG/14074.png,1
1262,/root/StrokeDataset/Normal/PNG/11769.png,0
1263,/root/StrokeDataset/Bleeding/PNG/14790.png,2
1264,/root/StrokeDataset/Normal/PNG/13702.png,0
1265,/root/StrokeDataset/Normal/PNG/14694.png,0
1266,/root/StrokeDataset/Bleeding/PNG/11776.png,2
1267,/root/StrokeDataset/Normal/PNG/11269.png,0
1268,/root/StrokeDataset/Normal/PNG/10668.png,0
1269,/root/StrokeDataset/Normal/PNG/11499.png,0
1270,/root/StrokeDataset/Bleeding/PNG/13166.png,2
1271,/root/StrokeDataset/Normal/PNG/15669.png,0
1272,/root/StrokeDataset/Ischemia/PNG/16338.png,1
1273,/root/StrokeDataset/Normal/PNG/11042.png,0
1274,/root/StrokeDataset/Normal/PNG/14334.png,0
1275,/root/StrokeDataset/Normal/PNG/16974.png,0
1276,/root/StrokeDataset/Ischemia/PNG/10761.png,1
1277,/root/StrokeDataset/Normal/PNG/14991.png,0
1278,/root/StrokeDataset/Normal/PNG/14749.png,0
1279,/root/StrokeDataset/Normal/PNG/15744.png,0
1280,/root/StrokeDataset/Normal/PNG/10993.png,0
1281,/root/StrokeDataset/Bleeding/PNG/16107.png,2
1282,/root/StrokeDataset/Normal/PNG/12594.png,0
1283,/root/StrokeDataset/Normal/PNG/12129.png,0
1284,/root/StrokeDataset/Bleeding/PNG/15803.png,2
1285,/root/StrokeDataset/Bleeding/PNG/13504.png,2
1286,/root/StrokeDataset/Normal/PNG/12154.png,0
1287,/root/StrokeDataset/Normal/PNG/11362.png,0
1288,/root/StrokeDataset/Normal/PNG/11486.png,0
1289,/root/StrokeDataset/Normal/PNG/13542.png,0
1290,/root/StrokeDataset/Normal/PNG/11719.png,0
1291,/root/StrokeDataset/Normal/PNG/13488.png,0
1292,/root/StrokeDataset/Bleeding/PNG/11090.png,2
1293,/root/StrokeDataset/Normal/PNG/13012.png,0
1294,/root/StrokeDataset/Normal/PNG/10455.png,0
1295,/root/StrokeDataset/Normal/PNG/16529.png,0
1296,/root/StrokeDataset/Ischemia/PNG/16876.png,1
1297,/root/StrokeDataset/Normal/PNG/11931.png,0
1298,/root/StrokeDataset/Ischemia/PNG/14427.png,1
1299,/root/StrokeDataset/Normal/PNG/12269.png,0
1300,/root/StrokeDataset/Normal/PNG/10559.png,0
1301,/root/StrokeDataset/Ischemia/PNG/11055.png,1
1302,/root/StrokeDataset/Normal/PNG/12749.png,0
1303,/root/StrokeDataset/Bleeding/PNG/10395.png,2
1304,/root/StrokeDataset/Ischemia/PNG/10268.png,1
1305,/root/StrokeDataset/Normal/PNG/10233.png,0
1306,/root/StrokeDataset/Normal/PNG/10774.png,0
1307,/root/StrokeDataset/Normal/PNG/15793.png,0
1308,/root/StrokeDataset/Normal/PNG/14236.png,0
1309,/root/StrokeDataset/Ischemia/PNG/11721.png,1
1310,/root/StrokeDataset/Bleeding/PNG/10420.png,2
1311,/root/StrokeDataset/Bleeding/PNG/15658.png,2
1312,/root/StrokeDataset/Bleeding/PNG/15812.png,2
1313,/root/StrokeDataset/Ischemia/PNG/14175.png,1
1314,/root/StrokeDataset/Ischemia/PNG/12206.png,1
1315,/root/StrokeDataset/Normal/PNG/10025.png,0
1316,/root/StrokeDataset/Normal/PNG/13072.png,0
1317,/root/StrokeDataset/Normal/PNG/11982.png,0
1318,/root/StrokeDataset/Ischemia/PNG/10726.png,1
1319,/root/StrokeDataset/Bleeding/PNG/10889.png,2
1320,/root/StrokeDataset/Ischemia/PNG/11007.png,1
1321,/root/StrokeDataset/Bleeding/PNG/16667.png,2
1322,/root/StrokeDataset/Ischemia/PNG/15932.png,1
1323,/root/StrokeDataset/Normal/PNG/12224.png,0
1324,/root/StrokeDataset/Ischemia/PNG/16240.png,1
1325,/root/StrokeDataset/Ischemia/PNG/11113.png,1
1326,/root/StrokeDataset/Normal/PNG/12402.png,0
1327,/root/StrokeDataset/Normal/PNG/13244.png,0
1328,/root/StrokeDataset/Normal/PNG/14739.png,0
1329,/root/StrokeDataset/Normal/PNG/16339.png,0
1330,/root/StrokeDataset/Normal/PNG/16570.png,0
1331,/root/StrokeDataset/Normal/PNG/13933.png,0
1332,/root/StrokeDataset/Bleeding/PNG/11720.png,2
1333,/root/StrokeDataset/Normal/PNG/14928.png,0
1334,/root/StrokeDataset/Normal/PNG/10406.png,0
1335,/root/StrokeDataset/Bleeding/PNG/15702.png,2
1336,/root/StrokeDataset/Normal/PNG/14374.png,0
1337,/root/StrokeDataset/Normal/PNG/11869.png,0
1338,/root/StrokeDataset/Normal/PNG/13594.png,0
1339,/root/StrokeDataset/Ischemia/PNG/16978.png,1
1340,/root/StrokeDataset/Normal/PNG/15368.png,0
1341,/root/StrokeDataset/Bleeding/PNG/12271.png,2
1342,/root/StrokeDataset/Bleeding/PNG/12440.png,2
1343,/root/StrokeDataset/Bleeding/PNG/15006.png,2
1344,/root/StrokeDataset/Ischemia/PNG/16349.png,1
1345,/root/StrokeDataset/Bleeding/PNG/11693.png,2
1346,/root/StrokeDataset/Normal/PNG/14139.png,0
1347,/root/StrokeDataset/Normal/PNG/15700.png,0
1348,/root/StrokeDataset/Ischemia/PNG/12716.png,1
1349,/root/StrokeDataset/Normal/PNG/12015.png,0
1350,/root/StrokeDataset/Normal/PNG/14664.png,0
1351,/root/StrokeDataset/Bleeding/PNG/10253.png,2
1352,/root/StrokeDataset/Normal/PNG/10473.png,0
1353,/root/StrokeDataset/Normal/PNG/13485.png,0
1354,/root/StrokeDataset/Bleeding/PNG/14072.png,2
1355,/root/StrokeDataset/Normal/PNG/14740.png,0
1356,/root/StrokeDataset/Ischemia/PNG/12149.png,1
1357,/root/StrokeDataset/Normal/PNG/10631.png,0
1358,/root/StrokeDataset/Normal/PNG/12669.png,0
1359,/root/StrokeDataset/Normal/PNG/11167.png,0
1360,/root/StrokeDataset/Normal/PNG/12570.png,0
1361,/root/StrokeDataset/Normal/PNG/12771.png,0
1362,/root/StrokeDataset/Normal/PNG/14719.png,0
1363,/root/StrokeDataset/Bleeding/PNG/16191.png,2
1364,/root/StrokeDataset/Normal/PNG/16848.png,0
1365,/root/StrokeDataset/Normal/PNG/13935.png,0
1366,/root/StrokeDataset/Bleeding/PNG/15054.png,2
1367,/root/StrokeDataset/Normal/PNG/16542.png,0
1368,/root/StrokeDataset/Normal/PNG/12319.png,0
1369,/root/StrokeDataset/Ischemia/PNG/10088.png,1
1370,/root/StrokeDataset/Normal/PNG/10345.png,0
1371,/root/StrokeDataset/Normal/PNG/14084.png,0
1372,/root/StrokeDataset/Normal/PNG/16851.png,0
1373,/root/StrokeDataset/Bleeding/PNG/15444.png,2
1374,/root/StrokeDataset/Normal/PNG/14027.png,0
1375,/root/StrokeDataset/Bleeding/PNG/10872.png,2
1376,/root/StrokeDataset/Normal/PNG/14869.png,0
1377,/root/StrokeDataset/Normal/PNG/11594.png,0
1378,/root/StrokeDataset/Normal/PNG/10256.png,0
1379,/root/StrokeDataset/Normal/PNG/14136.png,0
1380,/root/StrokeDataset/Normal/PNG/10402.png,0
1381,/root/StrokeDataset/Bleeding/PNG/15783.png,2
1382,/root/StrokeDataset/Normal/PNG/13880.png,0
1383,/root/StrokeDataset/Normal/PNG/15237.png,0
1384,/root/StrokeDataset/Normal/PNG/15065.png,0
1385,/root/StrokeDataset/Normal/PNG/16566.png,0
1386,/root/StrokeDataset/Normal/PNG/10800.png,0
1387,/root/StrokeDataset/Normal/PNG/16800.png,0
1388,/root/StrokeDataset/Normal/PNG/13936.png,0
1389,/root/StrokeDataset/Bleeding/PNG/14444.png,2
1390,/root/StrokeDataset/Bleeding/PNG/15203.png,2
1391,/root/StrokeDataset/Normal/PNG/16223.png,0
1392,/root/StrokeDataset/Normal/PNG/11613.png,0
1393,/root/StrokeDataset/Bleeding/PNG/11622.png,2
1394,/root/StrokeDataset/Normal/PNG/15591.png,0
1395,/root/StrokeDataset/Normal/PNG/17013.png,0
1396,/root/StrokeDataset/Normal/PNG/12244.png,0
1397,/root/StrokeDataset/Normal/PNG/11085.png,0
1398,/root/StrokeDataset/Normal/PNG/13131.png,0
1399,/root/StrokeDataset/Ischemia/PNG/10737.png,1
1400,/root/StrokeDataset/Normal/PNG/10892.png,0
1401,/root/StrokeDataset/Normal/PNG/13775.png,0
1402,/root/StrokeDataset/Normal/PNG/11245.png,0
1403,/root/StrokeDataset/Normal/PNG/11346.png,0
1404,/root/StrokeDataset/Bleeding/PNG/11794.png,2
1405,/root/StrokeDataset/Normal/PNG/15696.png,0
1406,/root/StrokeDataset/Bleeding/PNG/16360.png,2
1407,/root/StrokeDataset/Normal/PNG/12981.png,0
1408,/root/StrokeDataset/Normal/PNG/11602.png,0
1409,/root/StrokeDataset/Normal/PNG/10114.png,0
1410,/root/StrokeDataset/Normal/PNG/10480.png,0
1411,/root/StrokeDataset/Ischemia/PNG/10635.png,1
1412,/root/StrokeDataset/Normal/PNG/11100.png,0
1413,/root/StrokeDataset/Normal/PNG/12569.png,0
1414,/root/StrokeDataset/Normal/PNG/10732.png,0
1415,/root/StrokeDataset/Bleeding/PNG/11674.png,2
1416,/root/StrokeDataset/Normal/PNG/13689.png,0
1417,/root/StrokeDataset/Normal/PNG/11026.png,0
1418,/root/StrokeDataset/Normal/PNG/16765.png,0
1419,/root/StrokeDataset/Normal/PNG/14847.png,0
1420,/root/StrokeDataset/Normal/PNG/15662.png,0
1421,/root/StrokeDataset/Normal/PNG/10425.png,0
1422,/root/StrokeDataset/Bleeding/PNG/10542.png,2
1423,/root/StrokeDataset/Ischemia/PNG/15683.png,1
1424,/root/StrokeDataset/Normal/PNG/10639.png,0
1425,/root/StrokeDataset/Normal/PNG/12060.png,0
1426,/root/StrokeDataset/Normal/PNG/15420.png,0
1427,/root/StrokeDataset/Normal/PNG/13595.png,0
1428,/root/StrokeDataset/Bleeding/PNG/12548.png,2
1429,/root/StrokeDataset/Normal/PNG/11187.png,0
1430,/root/StrokeDataset/Normal/PNG/15379.png,0
1431,/root/StrokeDataset/Normal/PNG/11503.png,0
1432,/root/StrokeDataset/Bleeding/PNG/14978.png,2
1433,/root/StrokeDataset/Normal/PNG/14759.png,0
1434,/root/StrokeDataset/Normal/PNG/14281.png,0
1435,/root/StrokeDataset/Normal/PNG/16743.png,0
1436,/root/StrokeDataset/Ischemia/PNG/12364.png,1
1437,/root/StrokeDataset/Normal/PNG/11155.png,0
1438,/root/StrokeDataset/Bleeding/PNG/12341.png,2
1439,/root/StrokeDataset/Ischemia/PNG/12567.png,1
1440,/root/StrokeDataset/Normal/PNG/12415.png,0
1441,/root/StrokeDataset/Normal/PNG/15670.png,0
1442,/root/StrokeDataset/Normal/PNG/10744.png,0
1443,/root/StrokeDataset/Normal/PNG/15063.png,0
1444,/root/StrokeDataset/Ischemia/PNG/16815.png,1
1445,/root/StrokeDataset/Ischemia/PNG/14722.png,1
1446,/root/StrokeDataset/Normal/PNG/12531.png,0
1447,/root/StrokeDataset/Normal/PNG/12104.png,0
1448,/root/StrokeDataset/Ischemia/PNG/12492.png,1
1449,/root/StrokeDataset/Normal/PNG/13232.png,0
1450,/root/StrokeDataset/Normal/PNG/11280.png,0
1451,/root/StrokeDataset/Normal/PNG/13500.png,0
1452,/root/StrokeDataset/Normal/PNG/14037.png,0
1453,/root/StrokeDataset/Normal/PNG/16399.png,0
1454,/root/StrokeDataset/Normal/PNG/16175.png,0
1455,/root/StrokeDataset/Bleeding/PNG/16629.png,2
1456,/root/StrokeDataset/Normal/PNG/15196.png,0
1457,/root/StrokeDataset/Normal/PNG/12261.png,0
1458,/root/StrokeDataset/Normal/PNG/16699.png,0
1459,/root/StrokeDataset/Normal/PNG/12439.png,0
1460,/root/StrokeDataset/Normal/PNG/16503.png,0
1461,/root/StrokeDataset/Normal/PNG/12167.png,0
1462,/root/StrokeDataset/Normal/PNG/16553.png,0
1463,/root/StrokeDataset/Normal/PNG/15454.png,0
1464,/root/StrokeDataset/Normal/PNG/16017.png,0
1465,/root/StrokeDataset/Normal/PNG/12575.png,0
1466,/root/StrokeDataset/Normal/PNG/16217.png,0
1467,/root/StrokeDataset/Normal/PNG/16617.png,0
1468,/root/StrokeDataset/Normal/PNG/11212.png,0
1469,/root/StrokeDataset/Ischemia/PNG/12412.png,1
1470,/root/StrokeDataset/Normal/PNG/12862.png,0
1471,/root/StrokeDataset/Normal/PNG/13946.png,0
1472,/root/StrokeDataset/Normal/PNG/12207.png,0
1473,/root/StrokeDataset/Normal/PNG/11875.png,0
1474,/root/StrokeDataset/Normal/PNG/13645.png,0
1475,/root/StrokeDataset/Normal/PNG/14024.png,0
1476,/root/StrokeDataset/Normal/PNG/13537.png,0
1477,/root/StrokeDataset/Normal/PNG/14107.png,0
1478,/root/StrokeDataset/Bleeding/PNG/15772.png,2
1479,/root/StrokeDataset/Normal/PNG/10807.png,0
1480,/root/StrokeDataset/Normal/PNG/13654.png,0
1481,/root/StrokeDataset/Bleeding/PNG/16672.png,2
1482,/root/StrokeDataset/Ischemia/PNG/15183.png,1
1483,/root/StrokeDataset/Ischemia/PNG/15992.png,1
1484,/root/StrokeDataset/Normal/PNG/10597.png,0
1485,/root/StrokeDataset/Normal/PNG/13208.png,0
1486,/root/StrokeDataset/Normal/PNG/14253.png,0
1487,/root/StrokeDataset/Ischemia/PNG/11471.png,1
1488,/root/StrokeDataset/Normal/PNG/13305.png,0
1489,/root/StrokeDataset/Normal/PNG/12824.png,0
1490,/root/StrokeDataset/Normal/PNG/12681.png,0
1491,/root/StrokeDataset/Normal/PNG/16483.png,0
1492,/root/StrokeDataset/Normal/PNG/11487.png,0
1493,/root/StrokeDataset/Normal/PNG/11962.png,0
1494,/root/StrokeDataset/Normal/PNG/15419.png,0
1495,/root/StrokeDataset/Normal/PNG/15479.png,0
1496,/root/StrokeDataset/Bleeding/PNG/13994.png,2
1497,/root/StrokeDataset/Ischemia/PNG/10059.png,1
1498,/root/StrokeDataset/Normal/PNG/15301.png,0
1499,/root/StrokeDataset/Normal/PNG/15264.png,0
1500,/root/StrokeDataset/Normal/PNG/13684.png,0
1501,/root/StrokeDataset/Bleeding/PNG/15777.png,2
1502,/root/StrokeDataset/Normal/PNG/11034.png,0
1503,/root/StrokeDataset/Normal/PNG/10122.png,0
1504,/root/StrokeDataset/Normal/PNG/13826.png,0
1505,/root/StrokeDataset/Normal/PNG/13429.png,0
1506,/root/StrokeDataset/Normal/PNG/10018.png,0
1507,/root/StrokeDataset/Normal/PNG/14132.png,0
1508,/root/StrokeDataset/Normal/PNG/16880.png,0
1509,/root/StrokeDataset/Normal/PNG/13484.png,0
1510,/root/StrokeDataset/Bleeding/PNG/15505.png,2
1511,/root/StrokeDataset/Normal/PNG/14387.png,0
1512,/root/StrokeDataset/Normal/PNG/16470.png,0
1513,/root/StrokeDataset/Ischemia/PNG/14862.png,1
1514,/root/StrokeDataset/Normal/PNG/14499.png,0
1515,/root/StrokeDataset/Bleeding/PNG/13815.png,2
1516,/root/StrokeDataset/Ischemia/PNG/14620.png,1
1517,/root/StrokeDataset/Bleeding/PNG/12606.png,2
1518,/root/StrokeDataset/Normal/PNG/13130.png,0
1519,/root/StrokeDataset/Normal/PNG/14417.png,0
1520,/root/StrokeDataset/Normal/PNG/15367.png,0
1521,/root/StrokeDataset/Normal/PNG/13354.png,0
1522,/root/StrokeDataset/Normal/PNG/11418.png,0
1523,/root/StrokeDataset/Normal/PNG/11667.png,0
1524,/root/StrokeDataset/Ischemia/PNG/13555.png,1
1525,/root/StrokeDataset/Bleeding/PNG/13967.png,2
1526,/root/StrokeDataset/Normal/PNG/16260.png,0
1527,/root/StrokeDataset/Normal/PNG/14302.png,0
1528,/root/StrokeDataset/Bleeding/PNG/16100.png,2
1529,/root/StrokeDataset/Normal/PNG/11724.png,0
1530,/root/StrokeDataset/Normal/PNG/11786.png,0
1531,/root/StrokeDataset/Normal/PNG/11983.png,0
1532,/root/StrokeDataset/Ischemia/PNG/11200.png,1
1533,/root/StrokeDataset/Normal/PNG/14462.png,0
1534,/root/StrokeDataset/Normal/PNG/10091.png,0
1535,/root/StrokeDataset/Normal/PNG/10096.png,0
1536,/root/StrokeDataset/Normal/PNG/16248.png,0
1537,/root/StrokeDataset/Normal/PNG/15492.png,0
1538,/root/StrokeDataset/Normal/PNG/14419.png,0
1539,/root/StrokeDataset/Normal/PNG/13073.png,0
1540,/root/StrokeDataset/Normal/PNG/16076.png,0
1541,/root/StrokeDataset/Normal/PNG/14559.png,0
1542,/root/StrokeDataset/Bleeding/PNG/16910.png,2
1543,/root/StrokeDataset/Normal/PNG/13956.png,0
1544,/root/StrokeDataset/Normal/PNG/13643.png,0
1545,/root/StrokeDataset/Bleeding/PNG/15983.png,2
1546,/root/StrokeDataset/Normal/PNG/10722.png,0
1547,/root/StrokeDataset/Bleeding/PNG/11522.png,2
1548,/root/StrokeDataset/Ischemia/PNG/16457.png,1
1549,/root/StrokeDataset/Ischemia/PNG/11377.png,1
1550,/root/StrokeDataset/Normal/PNG/13471.png,0
1551,/root/StrokeDataset/Normal/PNG/15962.png,0
1552,/root/StrokeDataset/Normal/PNG/15904.png,0
1553,/root/StrokeDataset/Bleeding/PNG/16644.png,2
1554,/root/StrokeDataset/Normal/PNG/11676.png,0
1555,/root/StrokeDataset/Ischemia/PNG/12985.png,1
1556,/root/StrokeDataset/Normal/PNG/15867.png,0
1557,/root/StrokeDataset/Normal/PNG/13866.png,0
1558,/root/StrokeDataset/Ischemia/PNG/11154.png,1
1559,/root/StrokeDataset/Normal/PNG/16244.png,0
1560,/root/StrokeDataset/Normal/PNG/12983.png,0
1561,/root/StrokeDataset/Bleeding/PNG/13408.png,2
1562,/root/StrokeDataset/Normal/PNG/13088.png,0
1563,/root/StrokeDataset/Normal/PNG/10596.png,0
1564,/root/StrokeDataset/Normal/PNG/12082.png,0
1565,/root/StrokeDataset/Normal/PNG/12332.png,0
1566,/root/StrokeDataset/Bleeding/PNG/14961.png,2
1567,/root/StrokeDataset/Normal/PNG/10906.png,0
1568,/root/StrokeDataset/Normal/PNG/12205.png,0
1569,/root/StrokeDataset/Normal/PNG/10914.png,0
1570,/root/StrokeDataset/Ischemia/PNG/13096.png,1
1571,/root/StrokeDataset/Normal/PNG/13979.png,0
1572,/root/StrokeDataset/Normal/PNG/13121.png,0
1573,/root/StrokeDataset/Bleeding/PNG/16239.png,2
1574,/root/StrokeDataset/Normal/PNG/14908.png,0
1575,/root/StrokeDataset/Normal/PNG/16029.png,0
1576,/root/StrokeDataset/Normal/PNG/13777.png,0
1577,/root/StrokeDataset/Ischemia/PNG/14492.png,1
1578,/root/StrokeDataset/Normal/PNG/12715.png,0
1579,/root/StrokeDataset/Bleeding/PNG/14595.png,2
1580,/root/StrokeDataset/Normal/PNG/10048.png,0
1581,/root/StrokeDataset/Normal/PNG/15244.png,0
1582,/root/StrokeDataset/Normal/PNG/14936.png,0
1583,/root/StrokeDataset/Ischemia/PNG/12589.png,1
1584,/root/StrokeDataset/Bleeding/PNG/16234.png,2
1585,/root/StrokeDataset/Normal/PNG/13252.png,0
1586,/root/StrokeDataset/Ischemia/PNG/16142.png,1
1587,/root/StrokeDataset/Bleeding/PNG/15720.png,2
1588,/root/StrokeDataset/Normal/PNG/12155.png,0
1589,/root/StrokeDataset/Normal/PNG/10333.png,0
1590,/root/StrokeDataset/Normal/PNG/12718.png,0
1591,/root/StrokeDataset/Normal/PNG/10546.png,0
1592,/root/StrokeDataset/Normal/PNG/13760.png,0
1593,/root/StrokeDataset/Normal/PNG/11255.png,0
1594,/root/StrokeDataset/Bleeding/PNG/10394.png,2
1595,/root/StrokeDataset/Normal/PNG/13958.png,0
1596,/root/StrokeDataset/Normal/PNG/16600.png,0
1597,/root/StrokeDataset/Normal/PNG/10751.png,0
1598,/root/StrokeDataset/Ischemia/PNG/14820.png,1
1599,/root/StrokeDataset/Normal/PNG/10591.png,0
1600,/root/StrokeDataset/Normal/PNG/12049.png,0
1601,/root/StrokeDataset/Normal/PNG/15792.png,0
1602,/root/StrokeDataset/Bleeding/PNG/15910.png,2
1603,/root/StrokeDataset/Normal/PNG/13748.png,0
1604,/root/StrokeDataset/Normal/PNG/10604.png,0
1605,/root/StrokeDataset/Normal/PNG/15082.png,0
1606,/root/StrokeDataset/Normal/PNG/16855.png,0
1607,/root/StrokeDataset/Normal/PNG/11144.png,0
1608,/root/StrokeDataset/Normal/PNG/14244.png,0
1609,/root/StrokeDataset/Ischemia/PNG/16917.png,1
1610,/root/StrokeDataset/Normal/PNG/10336.png,0
1611,/root/StrokeDataset/Normal/PNG/15280.png,0
1612,/root/StrokeDataset/Normal/PNG/13794.png,0
1613,/root/StrokeDataset/Normal/PNG/10564.png,0
1614,/root/StrokeDataset/Normal/PNG/10027.png,0
1615,/root/StrokeDataset/Normal/PNG/12506.png,0
1616,/root/StrokeDataset/Ischemia/PNG/13367.png,1
1617,/root/StrokeDataset/Normal/PNG/12267.png,0
1618,/root/StrokeDataset/Normal/PNG/15977.png,0
1619,/root/StrokeDataset/Normal/PNG/15032.png,0
1620,/root/StrokeDataset/Normal/PNG/10089.png,0
1621,/root/StrokeDataset/Normal/PNG/16602.png,0
1622,/root/StrokeDataset/Ischemia/PNG/14659.png,1
1623,/root/StrokeDataset/Normal/PNG/11172.png,0
1624,/root/StrokeDataset/Bleeding/PNG/16862.png,2
1625,/root/StrokeDataset/Bleeding/PNG/14940.png,2
1626,/root/StrokeDataset/Normal/PNG/12143.png,0
1627,/root/StrokeDataset/Normal/PNG/16417.png,0
1628,/root/StrokeDataset/Bleeding/PNG/12696.png,2
1629,/root/StrokeDataset/Ischemia/PNG/16520.png,1
1630,/root/StrokeDataset/Normal/PNG/12949.png,0
1631,/root/StrokeDataset/Bleeding/PNG/10951.png,2
1632,/root/StrokeDataset/Normal/PNG/11533.png,0
1633,/root/StrokeDataset/Normal/PNG/10942.png,0
1634,/root/StrokeDataset/Normal/PNG/14313.png,0
1635,/root/StrokeDataset/Normal/PNG/15883.png,0
1636,/root/StrokeDataset/Normal/PNG/12089.png,0
1637,/root/StrokeDataset/Normal/PNG/12026.png,0
1638,/root/StrokeDataset/Bleeding/PNG/10986.png,2
1639,/root/StrokeDataset/Normal/PNG/12935.png,0
1640,/root/StrokeDataset/Normal/PNG/17026.png,0
1641,/root/StrokeDataset/Normal/PNG/14781.png,0
1642,/root/StrokeDataset/Bleeding/PNG/11832.png,2
1643,/root/StrokeDataset/Ischemia/PNG/10956.png,1
1644,/root/StrokeDataset/Normal/PNG/15817.png,0
1645,/root/StrokeDataset/Ischemia/PNG/10072.png,1
1646,/root/StrokeDataset/Bleeding/PNG/10050.png,2
1647,/root/StrokeDataset/Ischemia/PNG/10438.png,1
1648,/root/StrokeDataset/Normal/PNG/15053.png,0
1649,/root/StrokeDataset/Normal/PNG/14579.png,0
1650,/root/StrokeDataset/Normal/PNG/10008.png,0
1651,/root/StrokeDataset/Normal/PNG/10416.png,0
1652,/root/StrokeDataset/Normal/PNG/13890.png,0
1653,/root/StrokeDataset/Normal/PNG/14875.png,0
1654,/root/StrokeDataset/Ischemia/PNG/12503.png,1
1655,/root/StrokeDataset/Normal/PNG/11343.png,0
1656,/root/StrokeDataset/Ischemia/PNG/12168.png,1
1657,/root/StrokeDataset/Normal/PNG/12387.png,0
1658,/root/StrokeDataset/Normal/PNG/12946.png,0
1659,/root/StrokeDataset/Bleeding/PNG/10305.png,2
1660,/root/StrokeDataset/Ischemia/PNG/16317.png,1
1661,/root/StrokeDataset/Normal/PNG/12708.png,0
1662,/root/StrokeDataset/Bleeding/PNG/16174.png,2
1663,/root/StrokeDataset/Normal/PNG/13058.png,0
1664,/root/StrokeDataset/Ischemia/PNG/11686.png,1
1665,/root/StrokeDataset/Ischemia/PNG/16232.png,1
1666,/root/StrokeDataset/Normal/PNG/15452.png,0
1667,/root/StrokeDataset/Normal/PNG/11135.png,0
1668,/root/StrokeDataset/Normal/PNG/15794.png,0
1669,/root/StrokeDataset/Normal/PNG/10180.png,0
1670,/root/StrokeDataset/Bleeding/PNG/12152.png,2
1671,/root/StrokeDataset/Normal/PNG/16568.png,0
1672,/root/StrokeDataset/Ischemia/PNG/10797.png,1
1673,/root/StrokeDataset/Normal/PNG/10686.png,0
1674,/root/StrokeDataset/Bleeding/PNG/11798.png,2
1675,/root/StrokeDataset/Ischemia/PNG/10372.png,1
1676,/root/StrokeDataset/Normal/PNG/16439.png,0
1677,/root/StrokeDataset/Ischemia/PNG/12035.png,1
1678,/root/StrokeDataset/Normal/PNG/13629.png,0
1679,/root/StrokeDataset/Ischemia/PNG/10489.png,1
1680,/root/StrokeDataset/Normal/PNG/13494.png,0
1681,/root/StrokeDataset/Normal/PNG/10365.png,0
1682,/root/StrokeDataset/Normal/PNG/17029.png,0
1683,/root/StrokeDataset/Ischemia/PNG/13671.png,1
1684,/root/StrokeDataset/Normal/PNG/13461.png,0
1685,/root/StrokeDataset/Normal/PNG/11062.png,0
1686,/root/StrokeDataset/Bleeding/PNG/12982.png,2
1687,/root/StrokeDataset/Bleeding/PNG/16378.png,2
1688,/root/StrokeDataset/Normal/PNG/14819.png,0
1689,/root/StrokeDataset/Normal/PNG/11951.png,0
1690,/root/StrokeDataset/Ischemia/PNG/16022.png,1
1691,/root/StrokeDataset/Normal/PNG/16675.png,0
1692,/root/StrokeDataset/Normal/PNG/11991.png,0
1693,/root/StrokeDataset/Bleeding/PNG/13032.png,2
1694,/root/StrokeDataset/Normal/PNG/12359.png,0
1695,/root/StrokeDataset/Normal/PNG/15773.png,0
1696,/root/StrokeDataset/Ischemia/PNG/16530.png,1
1697,/root/StrokeDataset/Normal/PNG/11737.png,0
1698,/root/StrokeDataset/Normal/PNG/10427.png,0
1699,/root/StrokeDataset/Normal/PNG/15344.png,0
1700,/root/StrokeDataset/Normal/PNG/13970.png,0
1701,/root/StrokeDataset/Normal/PNG/14361.png,0
1702,/root/StrokeDataset/Normal/PNG/11190.png,0
1703,/root/StrokeDataset/Normal/PNG/12190.png,0
1704,/root/StrokeDataset/Bleeding/PNG/12552.png,2
1705,/root/StrokeDataset/Ischemia/PNG/16781.png,1
1706,/root/StrokeDataset/Normal/PNG/14033.png,0
1707,/root/StrokeDataset/Bleeding/PNG/14902.png,2
1708,/root/StrokeDataset/Normal/PNG/14544.png,0
1709,/root/StrokeDataset/Normal/PNG/12221.png,0
1710,/root/StrokeDataset/Ischemia/PNG/11858.png,1
1711,/root/StrokeDataset/Normal/PNG/11313.png,0
1712,/root/StrokeDataset/Normal/PNG/11836.png,0
1713,/root/StrokeDataset/Bleeding/PNG/11506.png,2
1714,/root/StrokeDataset/Ischemia/PNG/10209.png,1
1715,/root/StrokeDataset/Bleeding/PNG/15714.png,2
1716,/root/StrokeDataset/Normal/PNG/14510.png,0
1717,/root/StrokeDataset/Bleeding/PNG/10449.png,2
1718,/root/StrokeDataset/Ischemia/PNG/10403.png,1
1719,/root/StrokeDataset/Normal/PNG/10086.png,0
1720,/root/StrokeDataset/Bleeding/PNG/12583.png,2
1721,/root/StrokeDataset/Bleeding/PNG/13940.png,2
1722,/root/StrokeDataset/Normal/PNG/12116.png,0
1723,/root/StrokeDataset/Ischemia/PNG/11041.png,1
1724,/root/StrokeDataset/Normal/PNG/10463.png,0
1725,/root/StrokeDataset/Normal/PNG/10916.png,0
1726,/root/StrokeDataset/Normal/PNG/14397.png,0
1727,/root/StrokeDataset/Normal/PNG/15553.png,0
1728,/root/StrokeDataset/Bleeding/PNG/10328.png,2
1729,/root/StrokeDataset/Normal/PNG/13227.png,0
1730,/root/StrokeDataset/Normal/PNG/12657.png,0
1731,/root/StrokeDataset/Bleeding/PNG/13814.png,2
1732,/root/StrokeDataset/Normal/PNG/15194.png,0
1733,/root/StrokeDataset/Ischemia/PNG/10477.png,1
1734,/root/StrokeDataset/Normal/PNG/13536.png,0
1735,/root/StrokeDataset/Bleeding/PNG/14465.png,2
1736,/root/StrokeDataset/Normal/PNG/10198.png,0
1737,/root/StrokeDataset/Normal/PNG/16669.png,0
1738,/root/StrokeDataset/Normal/PNG/12424.png,0
1739,/root/StrokeDataset/Normal/PNG/16103.png,0
1740,/root/StrokeDataset/Normal/PNG/14394.png,0
1741,/root/StrokeDataset/Bleeding/PNG/12751.png,2
1742,/root/StrokeDataset/Normal/PNG/13802.png,0
1743,/root/StrokeDataset/Normal/PNG/16225.png,0
1744,/root/StrokeDataset/Normal/PNG/11286.png,0
1745,/root/StrokeDataset/Normal/PNG/16281.png,0
1746,/root/StrokeDataset/Normal/PNG/13263.png,0
1747,/root/StrokeDataset/Ischemia/PNG/12499.png,1
1748,/root/StrokeDataset/Normal/PNG/13981.png,0
1749,/root/StrokeDataset/Normal/PNG/11764.png,0
1750,/root/StrokeDataset/Normal/PNG/12042.png,0
1751,/root/StrokeDataset/Normal/PNG/15303.png,0
1752,/root/StrokeDataset/Normal/PNG/16318.png,0
1753,/root/StrokeDataset/Normal/PNG/14320.png,0
1754,/root/StrokeDataset/Normal/PNG/10469.png,0
1755,/root/StrokeDataset/Normal/PNG/11673.png,0
1756,/root/StrokeDataset/Ischemia/PNG/12472.png,1
1757,/root/StrokeDataset/Normal/PNG/16865.png,0
1758,/root/StrokeDataset/Bleeding/PNG/17027.png,2
1759,/root/StrokeDataset/Normal/PNG/14238.png,0
1760,/root/StrokeDataset/Ischemia/PNG/16166.png,1
1761,/root/StrokeDataset/Ischemia/PNG/12292.png,1
1762,/root/StrokeDataset/Bleeding/PNG/10331.png,2
1763,/root/StrokeDataset/Bleeding/PNG/12614.png,2
1764,/root/StrokeDataset/Bleeding/PNG/10758.png,2
1765,/root/StrokeDataset/Normal/PNG/13906.png,0
1766,/root/StrokeDataset/Normal/PNG/12726.png,0
1767,/root/StrokeDataset/Normal/PNG/13791.png,0
1768,/root/StrokeDataset/Ischemia/PNG/15721.png,1
1769,/root/StrokeDataset/Normal/PNG/16354.png,0
1770,/root/StrokeDataset/Bleeding/PNG/14589.png,2
1771,/root/StrokeDataset/Normal/PNG/13122.png,0
1772,/root/StrokeDataset/Normal/PNG/15606.png,0
1773,/root/StrokeDataset/Normal/PNG/10973.png,0
1774,/root/StrokeDataset/Ischemia/PNG/12490.png,1
1775,/root/StrokeDataset/Normal/PNG/13859.png,0
1776,/root/StrokeDataset/Bleeding/PNG/15657.png,2
1777,/root/StrokeDataset/Normal/PNG/10854.png,0
1778,/root/StrokeDataset/Normal/PNG/10370.png,0
1779,/root/StrokeDataset/Normal/PNG/11654.png,0
1780,/root/StrokeDataset/Bleeding/PNG/11124.png,2
1781,/root/StrokeDataset/Normal/PNG/12436.png,0
1782,/root/StrokeDataset/Bleeding/PNG/12817.png,2
1783,/root/StrokeDataset/Normal/PNG/16163.png,0
1784,/root/StrokeDataset/Bleeding/PNG/10859.png,2
1785,/root/StrokeDataset/Bleeding/PNG/13064.png,2
1786,/root/StrokeDataset/Bleeding/PNG/16996.png,2
1787,/root/StrokeDataset/Normal/PNG/16933.png,0
1788,/root/StrokeDataset/Normal/PNG/10897.png,0
1789,/root/StrokeDataset/Normal/PNG/16091.png,0
1790,/root/StrokeDataset/Normal/PNG/16857.png,0
1791,/root/StrokeDataset/Bleeding/PNG/14672.png,2
1792,/root/StrokeDataset/Normal/PNG/16989.png,0
1793,/root/StrokeDataset/Bleeding/PNG/16663.png,2
1794,/root/StrokeDataset/Ischemia/PNG/12291.png,1
1795,/root/StrokeDataset/Normal/PNG/12906.png,0
1796,/root/StrokeDataset/Normal/PNG/12150.png,0
1797,/root/StrokeDataset/Bleeding/PNG/15515.png,2
1798,/root/StrokeDataset/Normal/PNG/11944.png,0
1799,/root/StrokeDataset/Normal/PNG/11120.png,0
1800,/root/StrokeDataset/Bleeding/PNG/15953.png,2
1801,/root/StrokeDataset/Bleeding/PNG/12443.png,2
1802,/root/StrokeDataset/Normal/PNG/14858.png,0
1803,/root/StrokeDataset/Normal/PNG/16380.png,0
1804,/root/StrokeDataset/Ischemia/PNG/12777.png,1
1805,/root/StrokeDataset/Bleeding/PNG/13211.png,2
1806,/root/StrokeDataset/Normal/PNG/10057.png,0
1807,/root/StrokeDataset/Ischemia/PNG/13188.png,1
1808,/root/StrokeDataset/Normal/PNG/14172.png,0
1809,/root/StrokeDataset/Normal/PNG/13089.png,0
1810,/root/StrokeDataset/Ischemia/PNG/16582.png,1
1811,/root/StrokeDataset/Normal/PNG/13508.png,0
1812,/root/StrokeDataset/Bleeding/PNG/12525.png,2
1813,/root/StrokeDataset/Normal/PNG/14830.png,0
1814,/root/StrokeDataset/Normal/PNG/15605.png,0
1815,/root/StrokeDataset/Ischemia/PNG/14679.png,1
1816,/root/StrokeDataset/Ischemia/PNG/15037.png,1
1817,/root/StrokeDataset/Ischemia/PNG/15343.png,1
1818,/root/StrokeDataset/Normal/PNG/12403.png,0
1819,/root/StrokeDataset/Normal/PNG/12372.png,0
1820,/root/StrokeDataset/Normal/PNG/11753.png,0
1821,/root/StrokeDataset/Bleeding/PNG/13858.png,2
1822,/root/StrokeDataset/Normal/PNG/16189.png,0
1823,/root/StrokeDataset/Ischemia/PNG/12878.png,1
1824,/root/StrokeDataset/Normal/PNG/14100.png,0
1825,/root/StrokeDataset/Normal/PNG/10948.png,0
1826,/root/StrokeDataset/Ischemia/PNG/10238.png,1
1827,/root/StrokeDataset/Ischemia/PNG/16168.png,1
1828,/root/StrokeDataset/Normal/PNG/14154.png,0
1829,/root/StrokeDataset/Normal/PNG/11107.png,0
1830,/root/StrokeDataset/Normal/PNG/11665.png,0
1831,/root/StrokeDataset/Normal/PNG/13752.png,0
1832,/root/StrokeDataset/Normal/PNG/14596.png,0
1833,/root/StrokeDataset/Normal/PNG/11368.png,0
1834,/root/StrokeDataset/Normal/PNG/12590.png,0
1835,/root/StrokeDataset/Ischemia/PNG/15199.png,1
1836,/root/StrokeDataset/Normal/PNG/16828.png,0
1837,/root/StrokeDataset/Normal/PNG/12786.png,0
1838,/root/StrokeDataset/Normal/PNG/10784.png,0
1839,/root/StrokeDataset/Ischemia/PNG/13613.png,1
1840,/root/StrokeDataset/Normal/PNG/14843.png,0
1841,/root/StrokeDataset/Bleeding/PNG/13309.png,2
1842,/root/StrokeDataset/Bleeding/PNG/16218.png,2
1843,/root/StrokeDataset/Normal/PNG/10502.png,0
1844,/root/StrokeDataset/Ischemia/PNG/11756.png,1
1845,/root/StrokeDataset/Ischemia/PNG/14018.png,1
1846,/root/StrokeDataset/Normal/PNG/11555.png,0
1847,/root/StrokeDataset/Normal/PNG/15528.png,0
1848,/root/StrokeDataset/Normal/PNG/14982.png,0
1849,/root/StrokeDataset/Normal/PNG/12532.png,0
1850,/root/StrokeDataset/Bleeding/PNG/13291.png,2
1851,/root/StrokeDataset/Normal/PNG/15652.png,0
1852,/root/StrokeDataset/Ischemia/PNG/14377.png,1
1853,/root/StrokeDataset/Normal/PNG/16726.png,0
1854,/root/StrokeDataset/Bleeding/PNG/14602.png,2
1855,/root/StrokeDataset/Normal/PNG/16869.png,0
1856,/root/StrokeDataset/Normal/PNG/11618.png,0
1857,/root/StrokeDataset/Normal/PNG/12234.png,0
1858,/root/StrokeDataset/Bleeding/PNG/10990.png,2
1859,/root/StrokeDataset/Normal/PNG/13699.png,0
1860,/root/StrokeDataset/Normal/PNG/10185.png,0
1861,/root/StrokeDataset/Ischemia/PNG/14335.png,1
1862,/root/StrokeDataset/Normal/PNG/10431.png,0
1863,/root/StrokeDataset/Bleeding/PNG/15305.png,2
1864,/root/StrokeDataset/Normal/PNG/10228.png,0
1865,/root/StrokeDataset/Normal/PNG/14110.png,0
1866,/root/StrokeDataset/Normal/PNG/16035.png,0
1867,/root/StrokeDataset/Normal/PNG/15329.png,0
1868,/root/StrokeDataset/Bleeding/PNG/12874.png,2
1869,/root/StrokeDataset/Normal/PNG/15648.png,0
1870,/root/StrokeDataset/Bleeding/PNG/16866.png,2
1871,/root/StrokeDataset/Normal/PNG/13798.png,0
1872,/root/StrokeDataset/Normal/PNG/13959.png,0
1873,/root/StrokeDataset/Ischemia/PNG/11617.png,1
1874,/root/StrokeDataset/Normal/PNG/13522.png,0
1875,/root/StrokeDataset/Normal/PNG/13785.png,0
1876,/root/StrokeDataset/Bleeding/PNG/11671.png,2
1877,/root/StrokeDataset/Bleeding/PNG/15645.png,2
1878,/root/StrokeDataset/Normal/PNG/10520.png,0
1879,/root/StrokeDataset/Bleeding/PNG/15398.png,2
1880,/root/StrokeDataset/Normal/PNG/12277.png,0
1881,/root/StrokeDataset/Bleeding/PNG/10297.png,2
1882,/root/StrokeDataset/Normal/PNG/13003.png,0
1883,/root/StrokeDataset/Ischemia/PNG/11574.png,1
1884,/root/StrokeDataset/Normal/PNG/10205.png,0
1885,/root/StrokeDataset/Ischemia/PNG/16847.png,1
1886,/root/StrokeDataset/Bleeding/PNG/10908.png,2
1887,/root/StrokeDataset/Bleeding/PNG/16599.png,2
1888,/root/StrokeDataset/Ischemia/PNG/16536.png,1
1889,/root/StrokeDataset/Normal/PNG/12022.png,0
1890,/root/StrokeDataset/Normal/PNG/15446.png,0
1891,/root/StrokeDataset/Ischemia/PNG/14914.png,1
1892,/root/StrokeDataset/Ischemia/PNG/13755.png,1
1893,/root/StrokeDataset/Ischemia/PNG/11161.png,1
1894,/root/StrokeDataset/Normal/PNG/15914.png,0
1895,/root/StrokeDataset/Normal/PNG/16429.png,0
1896,/root/StrokeDataset/Normal/PNG/14341.png,0
1897,/root/StrokeDataset/Ischemia/PNG/10954.png,1
1898,/root/StrokeDataset/Normal/PNG/10598.png,0
1899,/root/StrokeDataset/Normal/PNG/11031.png,0
1900,/root/StrokeDataset/Ischemia/PNG/11364.png,1
1901,/root/StrokeDataset/Normal/PNG/13944.png,0
1902,/root/StrokeDataset/Normal/PNG/16882.png,0
1903,/root/StrokeDataset/Ischemia/PNG/14901.png,1
1904,/root/StrokeDataset/Bleeding/PNG/11039.png,2
1905,/root/StrokeDataset/Normal/PNG/11416.png,0
1906,/root/StrokeDataset/Bleeding/PNG/14789.png,2
1907,/root/StrokeDataset/Normal/PNG/16725.png,0
1908,/root/StrokeDataset/Ischemia/PNG/14239.png,1
1909,/root/StrokeDataset/Bleeding/PNG/15898.png,2
1910,/root/StrokeDataset/Normal/PNG/15116.png,0
1911,/root/StrokeDataset/Normal/PNG/10352.png,0
1912,/root/StrokeDataset/Normal/PNG/12247.png,0
1913,/root/StrokeDataset/Normal/PNG/12613.png,0
1914,/root/StrokeDataset/Normal/PNG/13961.png,0
1915,/root/StrokeDataset/Ischemia/PNG/13604.png,1
1916,/root/StrokeDataset/Normal/PNG/11292.png,0
1917,/root/StrokeDataset/Normal/PNG/15766.png,0
1918,/root/StrokeDataset/Normal/PNG/10011.png,0
1919,/root/StrokeDataset/Normal/PNG/11084.png,0
1920,/root/StrokeDataset/Normal/PNG/14099.png,0
1921,/root/StrokeDataset/Bleeding/PNG/15586.png,2
1922,/root/StrokeDataset/Normal/PNG/13908.png,0
1923,/root/StrokeDataset/Normal/PNG/11945.png,0
1924,/root/StrokeDataset/Normal/PNG/10168.png,0
1925,/root/StrokeDataset/Normal/PNG/12461.png,0
1926,/root/StrokeDataset/Normal/PNG/11467.png,0
1927,/root/StrokeDataset/Normal/PNG/10376.png,0
1928,/root/StrokeDataset/Ischemia/PNG/13078.png,1
1929,/root/StrokeDataset/Normal/PNG/13782.png,0
1930,/root/StrokeDataset/Normal/PNG/11325.png,0
1931,/root/StrokeDataset/Normal/PNG/16157.png,0
1932,/root/StrokeDataset/Normal/PNG/13201.png,0
1933,/root/StrokeDataset/Normal/PNG/13143.png,0
1934,/root/StrokeDataset/Normal/PNG/16192.png,0
1935,/root/StrokeDataset/Ischemia/PNG/13625.png,1
1936,/root/StrokeDataset/Normal/PNG/13033.png,0
1937,/root/StrokeDataset/Bleeding/PNG/11226.png,2
1938,/root/StrokeDataset/Normal/PNG/15156.png,0
1939,/root/StrokeDataset/Normal/PNG/14075.png,0
1940,/root/StrokeDataset/Normal/PNG/13282.png,0
1941,/root/StrokeDataset/Bleeding/PNG/13411.png,2
1942,/root/StrokeDataset/Ischemia/PNG/14855.png,1
1943,/root/StrokeDataset/Normal/PNG/12286.png,0
1944,/root/StrokeDataset/Normal/PNG/16854.png,0
1945,/root/StrokeDataset/Normal/PNG/13102.png,0
1946,/root/StrokeDataset/Normal/PNG/15047.png,0
1947,/root/StrokeDataset/Normal/PNG/12973.png,0
1948,/root/StrokeDataset/Normal/PNG/13665.png,0
1949,/root/StrokeDataset/Normal/PNG/14983.png,0
1950,/root/StrokeDataset/Ischemia/PNG/16928.png,1
1951,/root/StrokeDataset/Normal/PNG/12820.png,0
1952,/root/StrokeDataset/Normal/PNG/13503.png,0
1953,/root/StrokeDataset/Normal/PNG/16810.png,0
1954,/root/StrokeDataset/Normal/PNG/16863.png,0
1955,/root/StrokeDataset/Normal/PNG/12071.png,0
1956,/root/StrokeDataset/Ischemia/PNG/15539.png,1
1957,/root/StrokeDataset/Ischemia/PNG/14685.png,1
1958,/root/StrokeDataset/Ischemia/PNG/14575.png,1
1959,/root/StrokeDataset/Bleeding/PNG/14623.png,2
1960,/root/StrokeDataset/Bleeding/PNG/10985.png,2
1961,/root/StrokeDataset/Normal/PNG/14420.png,0
1962,/root/StrokeDataset/Normal/PNG/11816.png,0
1963,/root/StrokeDataset/Normal/PNG/14188.png,0
1964,/root/StrokeDataset/Bleeding/PNG/14073.png,2
1965,/root/StrokeDataset/Normal/PNG/14880.png,0
1966,/root/StrokeDataset/Bleeding/PNG/11197.png,2
1967,/root/StrokeDataset/Normal/PNG/15913.png,0
1968,/root/StrokeDataset/Normal/PNG/13635.png,0
1969,/root/StrokeDataset/Bleeding/PNG/15257.png,2
1970,/root/StrokeDataset/Normal/PNG/11391.png,0
1971,/root/StrokeDataset/Normal/PNG/12665.png,0
1972,/root/StrokeDataset/Bleeding/PNG/13099.png,2
1973,/root/StrokeDataset/Normal/PNG/15692.png,0
1974,/root/StrokeDataset/Bleeding/PNG/11516.png,2
1975,/root/StrokeDataset/Normal/PNG/10119.png,0
1976,/root/StrokeDataset/Normal/PNG/10552.png,0
1977,/root/StrokeDataset/Normal/PNG/10176.png,0
1978,/root/StrokeDataset/Normal/PNG/16435.png,0
1979,/root/StrokeDataset/Bleeding/PNG/16004.png,2
1980,/root/StrokeDataset/Normal/PNG/14079.png,0
1981,/root/StrokeDataset/Normal/PNG/13804.png,0
1982,/root/StrokeDataset/Normal/PNG/16903.png,0
1983,/root/StrokeDataset/Bleeding/PNG/13385.png,2
1984,/root/StrokeDataset/Bleeding/PNG/16433.png,2
1985,/root/StrokeDataset/Normal/PNG/15855.png,0
1986,/root/StrokeDataset/Normal/PNG/15457.png,0
1987,/root/StrokeDataset/Normal/PNG/14945.png,0
1988,/root/StrokeDataset/Normal/PNG/13414.png,0
1989,/root/StrokeDataset/Bleeding/PNG/12231.png,2
1990,/root/StrokeDataset/Normal/PNG/15122.png,0
1991,/root/StrokeDataset/Bleeding/PNG/14963.png,2
1992,/root/StrokeDataset/Bleeding/PNG/13335.png,2
1993,/root/StrokeDataset/Bleeding/PNG/13885.png,2
1994,/root/StrokeDataset/Normal/PNG/15103.png,0
1995,/root/StrokeDataset/Normal/PNG/16314.png,0
1996,/root/StrokeDataset/Normal/PNG/12336.png,0
1997,/root/StrokeDataset/Normal/PNG/12964.png,0
1998,/root/StrokeDataset/Normal/PNG/13618.png,0
1999,/root/StrokeDataset/Normal/PNG/10373.png,0
2000,/root/StrokeDataset/Normal/PNG/14354.png,0
2001,/root/StrokeDataset/Normal/PNG/16934.png,0
2002,/root/StrokeDataset/Normal/PNG/13267.png,0
2003,/root/StrokeDataset/Ischemia/PNG/14416.png,1
2004,/root/StrokeDataset/Ischemia/PNG/15897.png,1
2005,/root/StrokeDataset/Normal/PNG/10471.png,0
2006,/root/StrokeDataset/Normal/PNG/10304.png,0
2007,/root/StrokeDataset/Normal/PNG/14215.png,0
2008,/root/StrokeDataset/Normal/PNG/16049.png,0
2009,/root/StrokeDataset/Normal/PNG/11582.png,0
2010,/root/StrokeDataset/Normal/PNG/15749.png,0
2011,/root/StrokeDataset/Normal/PNG/11820.png,0
2012,/root/StrokeDataset/Normal/PNG/14726.png,0
2013,/root/StrokeDataset/Ischemia/PNG/16758.png,1
2014,/root/StrokeDataset/Normal/PNG/16771.png,0
2015,/root/StrokeDataset/Normal/PNG/13236.png,0
2016,/root/StrokeDataset/Normal/PNG/10483.png,0
2017,/root/StrokeDataset/Ischemia/PNG/11249.png,1
2018,/root/StrokeDataset/Ischemia/PNG/10391.png,1
2019,/root/StrokeDataset/Ischemia/PNG/15412.png,1
2020,/root/StrokeDataset/Normal/PNG/14468.png,0
2021,/root/StrokeDataset/Normal/PNG/11361.png,0
2022,/root/StrokeDataset/Normal/PNG/11706.png,0
2023,/root/StrokeDataset/Bleeding/PNG/10146.png,2
2024,/root/StrokeDataset/Bleeding/PNG/13829.png,2
2025,/root/StrokeDataset/Normal/PNG/12132.png,0
2026,/root/StrokeDataset/Ischemia/PNG/13259.png,1
2027,/root/StrokeDataset/Normal/PNG/16410.png,0
2028,/root/StrokeDataset/Normal/PNG/13061.png,0
2029,/root/StrokeDataset/Normal/PNG/10138.png,0
2030,/root/StrokeDataset/Normal/PNG/11142.png,0
2031,/root/StrokeDataset/Normal/PNG/10620.png,0
2032,/root/StrokeDataset/Normal/PNG/16246.png,0
2033,/root/StrokeDataset/Normal/PNG/11204.png,0
2034,/root/StrokeDataset/Normal/PNG/12028.png,0
2035,/root/StrokeDataset/Bleeding/PNG/14836.png,2
2036,/root/StrokeDataset/Normal/PNG/13683.png,0
2037,/root/StrokeDataset/Normal/PNG/15829.png,0
2038,/root/StrokeDataset/Normal/PNG/11920.png,0
2039,/root/StrokeDataset/Normal/PNG/12690.png,0
2040,/root/StrokeDataset/Bleeding/PNG/15008.png,2
2041,/root/StrokeDataset/Normal/PNG/11444.png,0
2042,/root/StrokeDataset/Normal/PNG/14415.png,0
2043,/root/StrokeDataset/Normal/PNG/11909.png,0
2044,/root/StrokeDataset/Ischemia/PNG/12884.png,1
2045,/root/StrokeDataset/Normal/PNG/13627.png,0
2046,/root/StrokeDataset/Normal/PNG/12072.png,0
2047,/root/StrokeDataset/Ischemia/PNG/13587.png,1
2048,/root/StrokeDataset/Normal/PNG/11014.png,0
2049,/root/StrokeDataset/Normal/PNG/10566.png,0
2050,/root/StrokeDataset/Normal/PNG/11163.png,0
2051,/root/StrokeDataset/Normal/PNG/10779.png,0
2052,/root/StrokeDataset/Normal/PNG/15167.png,0
2053,/root/StrokeDataset/Ischemia/PNG/12404.png,1
2054,/root/StrokeDataset/Normal/PNG/11806.png,0
2055,/root/StrokeDataset/Normal/PNG/15747.png,0
2056,/root/StrokeDataset/Bleeding/PNG/13155.png,2
2057,/root/StrokeDataset/Normal/PNG/11691.png,0
2058,/root/StrokeDataset/Normal/PNG/14808.png,0
2059,/root/StrokeDataset/Bleeding/PNG/13734.png,2
2060,/root/StrokeDataset/Normal/PNG/10799.png,0
2061,/root/StrokeDataset/Normal/PNG/16979.png,0
2062,/root/StrokeDataset/Bleeding/PNG/16824.png,2
2063,/root/StrokeDataset/Ischemia/PNG/10637.png,1
2064,/root/StrokeDataset/Normal/PNG/11105.png,0
2065,/root/StrokeDataset/Normal/PNG/16052.png,0
2066,/root/StrokeDataset/Bleeding/PNG/13694.png,2
2067,/root/StrokeDataset/Normal/PNG/16606.png,0
2068,/root/StrokeDataset/Normal/PNG/16783.png,0
2069,/root/StrokeDataset/Normal/PNG/10288.png,0
2070,/root/StrokeDataset/Normal/PNG/10382.png,0
2071,/root/StrokeDataset/Normal/PNG/10338.png,0
2072,/root/StrokeDataset/Bleeding/PNG/16886.png,2
2073,/root/StrokeDataset/Normal/PNG/15068.png,0
2074,/root/StrokeDataset/Ischemia/PNG/11504.png,1
2075,/root/StrokeDataset/Normal/PNG/12685.png,0
2076,/root/StrokeDataset/Normal/PNG/16948.png,0
2077,/root/StrokeDataset/Normal/PNG/13185.png,0
2078,/root/StrokeDataset/Ischemia/PNG/16715.png,1
2079,/root/StrokeDataset/Normal/PNG/14662.png,0
2080,/root/StrokeDataset/Ischemia/PNG/14796.png,1
2081,/root/StrokeDataset/Ischemia/PNG/10164.png,1
2082,/root/StrokeDataset/Normal/PNG/15613.png,0
2083,/root/StrokeDataset/Ischemia/PNG/13581.png,1
2084,/root/StrokeDataset/Normal/PNG/12163.png,0
2085,/root/StrokeDataset/Normal/PNG/10851.png,0
2086,/root/StrokeDataset/Ischemia/PNG/12728.png,1
2087,/root/StrokeDataset/Ischemia/PNG/12791.png,1
2088,/root/StrokeDataset/Normal/PNG/13837.png,0
2089,/root/StrokeDataset/Ischemia/PNG/16943.png,1
2090,/root/StrokeDataset/Normal/PNG/12225.png,0
2091,/root/StrokeDataset/Normal/PNG/14223.png,0
2092,/root/StrokeDataset/Ischemia/PNG/15954.png,1
2093,/root/StrokeDataset/Ischemia/PNG/10671.png,1
2094,/root/StrokeDataset/Bleeding/PNG/10662.png,2
2095,/root/StrokeDataset/Ischemia/PNG/11936.png,1
2096,/root/StrokeDataset/Bleeding/PNG/14675.png,2
2097,/root/StrokeDataset/Normal/PNG/16090.png,0
2098,/root/StrokeDataset/Normal/PNG/11980.png,0
2099,/root/StrokeDataset/Bleeding/PNG/11615.png,2
2100,/root/StrokeDataset/Normal/PNG/14923.png,0
2101,/root/StrokeDataset/Normal/PNG/11092.png,0
2102,/root/StrokeDataset/Bleeding/PNG/13394.png,2
2103,/root/StrokeDataset/Normal/PNG/10823.png,0
2104,/root/StrokeDataset/Normal/PNG/11993.png,0
2105,/root/StrokeDataset/Bleeding/PNG/12063.png,2
2106,/root/StrokeDataset/Normal/PNG/12041.png,0
2107,/root/StrokeDataset/Normal/PNG/10451.png,0
2108,/root/StrokeDataset/Normal/PNG/10803.png,0
2109,/root/StrokeDataset/Ischemia/PNG/10351.png,1
2110,/root/StrokeDataset/Normal/PNG/15490.png,0
2111,/root/StrokeDataset/Bleeding/PNG/11814.png,2
2112,/root/StrokeDataset/Bleeding/PNG/15224.png,2
2113,/root/StrokeDataset/Normal/PNG/12145.png,0
2114,/root/StrokeDataset/Normal/PNG/12702.png,0
2115,/root/StrokeDataset/Normal/PNG/16763.png,0
2116,/root/StrokeDataset/Normal/PNG/15067.png,0
2117,/root/StrokeDataset/Normal/PNG/12922.png,0
2118,/root/StrokeDataset/Normal/PNG/15666.png,0
2119,/root/StrokeDataset/Normal/PNG/10900.png,0
2120,/root/StrokeDataset/Normal/PNG/11678.png,0
2121,/root/StrokeDataset/Normal/PNG/14023.png,0
2122,/root/StrokeDataset/Normal/PNG/11553.png,0
2123,/root/StrokeDataset/Ischemia/PNG/13889.png,1
2124,/root/StrokeDataset/Normal/PNG/11961.png,0
2125,/root/StrokeDataset/Bleeding/PNG/15356.png,2
2126,/root/StrokeDataset/Normal/PNG/11611.png,0
2127,/root/StrokeDataset/Normal/PNG/14611.png,0
2128,/root/StrokeDataset/Normal/PNG/11623.png,0
2129,/root/StrokeDataset/Ischemia/PNG/16841.png,1
2130,/root/StrokeDataset/Bleeding/PNG/10959.png,2
2131,/root/StrokeDataset/Normal/PNG/14229.png,0
2132,/root/StrokeDataset/Ischemia/PNG/13450.png,1
2133,/root/StrokeDataset/Bleeding/PNG/12348.png,2
2134,/root/StrokeDataset/Normal/PNG/12530.png,0
2135,/root/StrokeDataset/Normal/PNG/11652.png,0
2136,/root/StrokeDataset/Normal/PNG/11578.png,0
2137,/root/StrokeDataset/Ischemia/PNG/16097.png,1
2138,/root/StrokeDataset/Normal/PNG/15656.png,0
2139,/root/StrokeDataset/Ischemia/PNG/11868.png,1
2140,/root/StrokeDataset/Normal/PNG/12867.png,0
2141,/root/StrokeDataset/Normal/PNG/15219.png,0
2142,/root/StrokeDataset/Normal/PNG/16712.png,0
2143,/root/StrokeDataset/Ischemia/PNG/12135.png,1
2144,/root/StrokeDataset/Bleeding/PNG/11119.png,2
2145,/root/StrokeDataset/Normal/PNG/15854.png,0
2146,/root/StrokeDataset/Bleeding/PNG/14403.png,2
2147,/root/StrokeDataset/Ischemia/PNG/14474.png,1
2148,/root/StrokeDataset/Bleeding/PNG/10068.png,2
2149,/root/StrokeDataset/Bleeding/PNG/13371.png,2
2150,/root/StrokeDataset/Normal/PNG/13997.png,0
2151,/root/StrokeDataset/Normal/PNG/12968.png,0
2152,/root/StrokeDataset/Normal/PNG/15151.png,0
2153,/root/StrokeDataset/Normal/PNG/11459.png,0
2154,/root/StrokeDataset/Ischemia/PNG/12587.png,1
2155,/root/StrokeDataset/Normal/PNG/10191.png,0
2156,/root/StrokeDataset/Normal/PNG/11081.png,0
2157,/root/StrokeDataset/Normal/PNG/16874.png,0
2158,/root/StrokeDataset/Ischemia/PNG/16203.png,1
2159,/root/StrokeDataset/Bleeding/PNG/15209.png,2
2160,/root/StrokeDataset/Normal/PNG/12238.png,0
2161,/root/StrokeDataset/Ischemia/PNG/16016.png,1
2162,/root/StrokeDataset/Ischemia/PNG/13206.png,1
2163,/root/StrokeDataset/Normal/PNG/12680.png,0
2164,/root/StrokeDataset/Normal/PNG/10506.png,0
2165,/root/StrokeDataset/Normal/PNG/16764.png,0
2166,/root/StrokeDataset/Normal/PNG/16623.png,0
2167,/root/StrokeDataset/Normal/PNG/16267.png,0
2168,/root/StrokeDataset/Normal/PNG/12778.png,0
2169,/root/StrokeDataset/Normal/PNG/16118.png,0
2170,/root/StrokeDataset/Ischemia/PNG/14619.png,1
2171,/root/StrokeDataset/Normal/PNG/11349.png,0
2172,/root/StrokeDataset/Bleeding/PNG/10075.png,2
2173,/root/StrokeDataset/Normal/PNG/11384.png,0
2174,/root/StrokeDataset/Normal/PNG/14826.png,0
2175,/root/StrokeDataset/Normal/PNG/12212.png,0
2176,/root/StrokeDataset/Normal/PNG/13031.png,0
2177,/root/StrokeDataset/Normal/PNG/15472.png,0
2178,/root/StrokeDataset/Ischemia/PNG/13895.png,1
2179,/root/StrokeDataset/Normal/PNG/16611.png,0
2180,/root/StrokeDataset/Normal/PNG/14496.png,0
2181,/root/StrokeDataset/Normal/PNG/15382.png,0
2182,/root/StrokeDataset/Normal/PNG/15879.png,0
2183,/root/StrokeDataset/Ischemia/PNG/12761.png,1
2184,/root/StrokeDataset/Normal/PNG/11713.png,0
2185,/root/StrokeDataset/Ischemia/PNG/11238.png,1
2186,/root/StrokeDataset/Bleeding/PNG/10435.png,2
2187,/root/StrokeDataset/Normal/PNG/12853.png,0
2188,/root/StrokeDataset/Normal/PNG/14303.png,0
2189,/root/StrokeDataset/Normal/PNG/16212.png,0
2190,/root/StrokeDataset/Normal/PNG/16425.png,0
2191,/root/StrokeDataset/Normal/PNG/10061.png,0
2192,/root/StrokeDataset/Normal/PNG/10775.png,0
2193,/root/StrokeDataset/Normal/PNG/16075.png,0
2194,/root/StrokeDataset/Normal/PNG/16207.png,0
2195,/root/StrokeDataset/Bleeding/PNG/16131.png,2
2196,/root/StrokeDataset/Normal/PNG/10544.png,0
2197,/root/StrokeDataset/Normal/PNG/14141.png,0
2198,/root/StrokeDataset/Ischemia/PNG/16680.png,1
2199,/root/StrokeDataset/Normal/PNG/13818.png,0
2200,/root/StrokeDataset/Ischemia/PNG/11225.png,1
2201,/root/StrokeDataset/Normal/PNG/15469.png,0
2202,/root/StrokeDataset/Bleeding/PNG/11534.png,2
2203,/root/StrokeDataset/Normal/PNG/11809.png,0
2204,/root/StrokeDataset/Normal/PNG/14363.png,0
2205,/root/StrokeDataset/Normal/PNG/13914.png,0
2206,/root/StrokeDataset/Normal/PNG/11043.png,0
2207,/root/StrokeDataset/Ischemia/PNG/16238.png,1
2208,/root/StrokeDataset/Normal/PNG/11409.png,0
2209,/root/StrokeDataset/Ischemia/PNG/14247.png,1
2210,/root/StrokeDataset/Bleeding/PNG/12497.png,2
2211,/root/StrokeDataset/Normal/PNG/14639.png,0
2212,/root/StrokeDataset/Normal/PNG/16776.png,0
2213,/root/StrokeDataset/Bleeding/PNG/13823.png,2
2214,/root/StrokeDataset/Normal/PNG/14585.png,0
2215,/root/StrokeDataset/Normal/PNG/14113.png,0
2216,/root/StrokeDataset/Normal/PNG/16636.png,0
2217,/root/StrokeDataset/Ischemia/PNG/10290.png,1
2218,/root/StrokeDataset/Ischemia/PNG/15921.png,1
2219,/root/StrokeDataset/Normal/PNG/14301.png,0
2220,/root/StrokeDataset/Normal/PNG/15742.png,0
2221,/root/StrokeDataset/Ischemia/PNG/15349.png,1
2222,/root/StrokeDataset/Normal/PNG/11242.png,0
2223,/root/StrokeDataset/Normal/PNG/10957.png,0
2224,/root/StrokeDataset/Normal/PNG/16024.png,0
2225,/root/StrokeDataset/Normal/PNG/11290.png,0
2226,/root/StrokeDataset/Bleeding/PNG/10049.png,2
2227,/root/StrokeDataset/Normal/PNG/13512.png,0
2228,/root/StrokeDataset/Normal/PNG/16396.png,0
2229,/root/StrokeDataset/Bleeding/PNG/15575.png,2
2230,/root/StrokeDataset/Normal/PNG/16357.png,0
2231,/root/StrokeDataset/Bleeding/PNG/14524.png,2
2232,/root/StrokeDataset/Normal/PNG/15994.png,0
2233,/root/StrokeDataset/Normal/PNG/16591.png,0
2234,/root/StrokeDataset/Bleeding/PNG/14975.png,2
2235,/root/StrokeDataset/Normal/PNG/12782.png,0
2236,/root/StrokeDataset/Normal/PNG/13251.png,0
2237,/root/StrokeDataset/Normal/PNG/14162.png,0
2238,/root/StrokeDataset/Normal/PNG/11913.png,0
2239,/root/StrokeDataset/Normal/PNG/14971.png,0
2240,/root/StrokeDataset/Normal/PNG/12209.png,0
2241,/root/StrokeDataset/Normal/PNG/12184.png,0
2242,/root/StrokeDataset/Normal/PNG/13352.png,0
2243,/root/StrokeDataset/Normal/PNG/13374.png,0
2244,/root/StrokeDataset/Bleeding/PNG/12660.png,2
2245,/root/StrokeDataset/Bleeding/PNG/13566.png,2
2246,/root/StrokeDataset/Bleeding/PNG/12684.png,2
2247,/root/StrokeDataset/Normal/PNG/11755.png,0
2248,/root/StrokeDataset/Bleeding/PNG/15117.png,2
2249,/root/StrokeDataset/Normal/PNG/10281.png,0
2250,/root/StrokeDataset/Normal/PNG/15919.png,0
2251,/root/StrokeDataset/Normal/PNG/14716.png,0
2252,/root/StrokeDataset/Normal/PNG/13844.png,0
2253,/root/StrokeDataset/Normal/PNG/14586.png,0
2254,/root/StrokeDataset/Normal/PNG/10366.png,0
2255,/root/StrokeDataset/Bleeding/PNG/10941.png,2
2256,/root/StrokeDataset/Normal/PNG/11745.png,0
2257,/root/StrokeDataset/Bleeding/PNG/13953.png,2
2258,/root/StrokeDataset/Normal/PNG/10782.png,0
2259,/root/StrokeDataset/Ischemia/PNG/13156.png,1
2260,/root/StrokeDataset/Ischemia/PNG/10963.png,1
2261,/root/StrokeDataset/Normal/PNG/13746.png,0
2262,/root/StrokeDataset/Normal/PNG/16619.png,0
2263,/root/StrokeDataset/Normal/PNG/16761.png,0
2264,/root/StrokeDataset/Normal/PNG/16488.png,0
2265,/root/StrokeDataset/Ischemia/PNG/16697.png,1
2266,/root/StrokeDataset/Normal/PNG/14086.png,0
2267,/root/StrokeDataset/Normal/PNG/16081.png,0
2268,/root/StrokeDataset/Ischemia/PNG/16614.png,1
2269,/root/StrokeDataset/Ischemia/PNG/14371.png,1
2270,/root/StrokeDataset/Normal/PNG/14553.png,0
2271,/root/StrokeDataset/Normal/PNG/13841.png,0
2272,/root/StrokeDataset/Normal/PNG/10032.png,0
2273,/root/StrokeDataset/Normal/PNG/10723.png,0
2274,/root/StrokeDataset/Normal/PNG/11291.png,0
2275,/root/StrokeDataset/Normal/PNG/11388.png,0
2276,/root/StrokeDataset/Bleeding/PNG/14699.png,2
2277,/root/StrokeDataset/Normal/PNG/11539.png,0
2278,/root/StrokeDataset/Normal/PNG/16633.png,0
2279,/root/StrokeDataset/Normal/PNG/11421.png,0
2280,/root/StrokeDataset/Ischemia/PNG/14829.png,1
2281,/root/StrokeDataset/Normal/PNG/15141.png,0
2282,/root/StrokeDataset/Normal/PNG/13175.png,0
2283,/root/StrokeDataset/Normal/PNG/16482.png,0
2284,/root/StrokeDataset/Normal/PNG/15466.png,0
2285,/root/StrokeDataset/Ischemia/PNG/11971.png,1
2286,/root/StrokeDataset/Normal/PNG/15875.png,0
2287,/root/StrokeDataset/Normal/PNG/10379.png,0
2288,/root/StrokeDataset/Normal/PNG/15449.png,0
2289,/root/StrokeDataset/Normal/PNG/12357.png,0
2290,/root/StrokeDataset/Normal/PNG/13590.png,0
2291,/root/StrokeDataset/Normal/PNG/16875.png,0
2292,/root/StrokeDataset/Ischemia/PNG/10567.png,1
2293,/root/StrokeDataset/Bleeding/PNG/13903.png,2
2294,/root/StrokeDataset/Normal/PNG/14717.png,0
2295,/root/StrokeDataset/Normal/PNG/16877.png,0
2296,/root/StrokeDataset/Normal/PNG/13803.png,0
2297,/root/StrokeDataset/Normal/PNG/13118.png,0
2298,/root/StrokeDataset/Normal/PNG/15755.png,0
2299,/root/StrokeDataset/Ischemia/PNG/12187.png,1
2300,/root/StrokeDataset/Normal/PNG/16405.png,0
2301,/root/StrokeDataset/Ischemia/PNG/10815.png,1
2302,/root/StrokeDataset/Normal/PNG/13157.png,0
2303,/root/StrokeDataset/Normal/PNG/13181.png,0
2304,/root/StrokeDataset/Normal/PNG/12411.png,0
2305,/root/StrokeDataset/Normal/PNG/12843.png,0
2306,/root/StrokeDataset/Bleeding/PNG/16474.png,2
2307,/root/StrokeDataset/Ischemia/PNG/11562.png,1
2308,/root/StrokeDataset/Normal/PNG/16216.png,0
2309,/root/StrokeDataset/Ischemia/PNG/16309.png,1
2310,/root/StrokeDataset/Normal/PNG/12024.png,0
2311,/root/StrokeDataset/Normal/PNG/10659.png,0
2312,/root/StrokeDataset/Normal/PNG/11591.png,0
2313,/root/StrokeDataset/Ischemia/PNG/16511.png,1
2314,/root/StrokeDataset/Normal/PNG/13972.png,0
2315,/root/StrokeDataset/Normal/PNG/10619.png,0
2316,/root/StrokeDataset/Normal/PNG/14490.png,0
2317,/root/StrokeDataset/Normal/PNG/12100.png,0
2318,/root/StrokeDataset/Normal/PNG/15636.png,0
2319,/root/StrokeDataset/Normal/PNG/11160.png,0
2320,/root/StrokeDataset/Normal/PNG/10647.png,0
2321,/root/StrokeDataset/Normal/PNG/15050.png,0
2322,/root/StrokeDataset/Ischemia/PNG/15603.png,1
2323,/root/StrokeDataset/Normal/PNG/10196.png,0
2324,/root/StrokeDataset/Normal/PNG/11404.png,0
2325,/root/StrokeDataset/Ischemia/PNG/12467.png,1
2326,/root/StrokeDataset/Normal/PNG/11067.png,0
2327,/root/StrokeDataset/Normal/PNG/14648.png,0
2328,/root/StrokeDataset/Bleeding/PNG/14999.png,2
2329,/root/StrokeDataset/Normal/PNG/16202.png,0
2330,/root/StrokeDataset/Ischemia/PNG/12527.png,1
2331,/root/StrokeDataset/Normal/PNG/14760.png,0
2332,/root/StrokeDataset/Normal/PNG/16067.png,0
2333,/root/StrokeDataset/Bleeding/PNG/12281.png,2
2334,/root/StrokeDataset/Ischemia/PNG/15423.png,1
2335,/root/StrokeDataset/Normal/PNG/10130.png,0
2336,/root/StrokeDataset/Normal/PNG/15494.png,0
2337,/root/StrokeDataset/Normal/PNG/16801.png,0
2338,/root/StrokeDataset/Ischemia/PNG/15195.png,1
2339,/root/StrokeDataset/Normal/PNG/12571.png,0
2340,/root/StrokeDataset/Normal/PNG/14569.png,0
2341,/root/StrokeDataset/Normal/PNG/16443.png,0
2342,/root/StrokeDataset/Normal/PNG/14598.png,0
2343,/root/StrokeDataset/Normal/PNG/14800.png,0
2344,/root/StrokeDataset/Normal/PNG/14934.png,0
2345,/root/StrokeDataset/Bleeding/PNG/14386.png,2
2346,/root/StrokeDataset/Normal/PNG/15697.png,0
2347,/root/StrokeDataset/Normal/PNG/10640.png,0
2348,/root/StrokeDataset/Normal/PNG/11310.png,0
2349,/root/StrokeDataset/Ischemia/PNG/13445.png,1
2350,/root/StrokeDataset/Normal/PNG/14555.png,0
2351,/root/StrokeDataset/Normal/PNG/10999.png,0
2352,/root/StrokeDataset/Normal/PNG/11819.png,0
2353,/root/StrokeDataset/Normal/PNG/14050.png,0
2354,/root/StrokeDataset/Normal/PNG/15107.png,0
2355,/root/StrokeDataset/Ischemia/PNG/12829.png,1
2356,/root/StrokeDataset/Normal/PNG/10369.png,0
2357,/root/StrokeDataset/Normal/PNG/10630.png,0
2358,/root/StrokeDataset/Ischemia/PNG/10399.png,1
2359,/root/StrokeDataset/Bleeding/PNG/12627.png,2
2360,/root/StrokeDataset/Normal/PNG/11778.png,0
2361,/root/StrokeDataset/Normal/PNG/10313.png,0
2362,/root/StrokeDataset/Ischemia/PNG/10356.png,1
2363,/root/StrokeDataset/Normal/PNG/14112.png,0
2364,/root/StrokeDataset/Normal/PNG/10909.png,0
2365,/root/StrokeDataset/Normal/PNG/10349.png,0
2366,/root/StrokeDataset/Bleeding/PNG/12701.png,2
2367,/root/StrokeDataset/Normal/PNG/12057.png,0
2368,/root/StrokeDataset/Ischemia/PNG/16064.png,1
2369,/root/StrokeDataset/Normal/PNG/11165.png,0
2370,/root/StrokeDataset/Bleeding/PNG/14852.png,2
2371,/root/StrokeDataset/Normal/PNG/12091.png,0
2372,/root/StrokeDataset/Normal/PNG/16464.png,0
2373,/root/StrokeDataset/Bleeding/PNG/16968.png,2
2374,/root/StrokeDataset/Normal/PNG/15590.png,0
2375,/root/StrokeDataset/Normal/PNG/11402.png,0
2376,/root/StrokeDataset/Normal/PNG/10665.png,0
2377,/root/StrokeDataset/Normal/PNG/11575.png,0
2378,/root/StrokeDataset/Ischemia/PNG/15681.png,1
2379,/root/StrokeDataset/Normal/PNG/14120.png,0
2380,/root/StrokeDataset/Normal/PNG/16723.png,0
2381,/root/StrokeDataset/Normal/PNG/14834.png,0
2382,/root/StrokeDataset/Bleeding/PNG/10442.png,2
2383,/root/StrokeDataset/Bleeding/PNG/10245.png,2
2384,/root/StrokeDataset/Normal/PNG/13280.png,0
2385,/root/StrokeDataset/Ischemia/PNG/16284.png,1
2386,/root/StrokeDataset/Bleeding/PNG/15572.png,2
2387,/root/StrokeDataset/Normal/PNG/11040.png,0
2388,/root/StrokeDataset/Normal/PNG/12736.png,0
2389,/root/StrokeDataset/Normal/PNG/14293.png,0
2390,/root/StrokeDataset/Normal/PNG/13454.png,0
2391,/root/StrokeDataset/Normal/PNG/10728.png,0
2392,/root/StrokeDataset/Normal/PNG/10322.png,0
2393,/root/StrokeDataset/Bleeding/PNG/10766.png,2
2394,/root/StrokeDataset/Ischemia/PNG/16086.png,1
2395,/root/StrokeDataset/Normal/PNG/16852.png,0
2396,/root/StrokeDataset/Ischemia/PNG/15438.png,1
2397,/root/StrokeDataset/Normal/PNG/13697.png,0
2398,/root/StrokeDataset/Normal/PNG/10375.png,0
2399,/root/StrokeDataset/Normal/PNG/12334.png,0
2400,/root/StrokeDataset/Bleeding/PNG/13106.png,2
2401,/root/StrokeDataset/Normal/PNG/15599.png,0
2402,/root/StrokeDataset/Bleeding/PNG/10696.png,2
2403,/root/StrokeDataset/Normal/PNG/14146.png,0
2404,/root/StrokeDataset/Normal/PNG/16912.png,0
2405,/root/StrokeDataset/Normal/PNG/14972.png,0
2406,/root/StrokeDataset/Normal/PNG/11395.png,0
2407,/root/StrokeDataset/Ischemia/PNG/10354.png,1
2408,/root/StrokeDataset/Ischemia/PNG/10702.png,1
2409,/root/StrokeDataset/Normal/PNG/12369.png,0
2410,/root/StrokeDataset/Normal/PNG/16580.png,0
2411,/root/StrokeDataset/Ischemia/PNG/13125.png,1
2412,/root/StrokeDataset/Normal/PNG/13009.png,0
2413,/root/StrokeDataset/Bleeding/PNG/15013.png,2
2414,/root/StrokeDataset/Normal/PNG/15149.png,0
2415,/root/StrokeDataset/Bleeding/PNG/14088.png,2
2416,/root/StrokeDataset/Normal/PNG/12546.png,0
2417,/root/StrokeDataset/Normal/PNG/14625.png,0
2418,/root/StrokeDataset/Normal/PNG/13610.png,0
2419,/root/StrokeDataset/Normal/PNG/12192.png,0
2420,/root/StrokeDataset/Bleeding/PNG/12885.png,2
2421,/root/StrokeDataset/Bleeding/PNG/15997.png,2
2422,/root/StrokeDataset/Normal/PNG/10069.png,0
2423,/root/StrokeDataset/Normal/PNG/15424.png,0
2424,/root/StrokeDataset/Ischemia/PNG/10622.png,1
2425,/root/StrokeDataset/Normal/PNG/14896.png,0
2426,/root/StrokeDataset/Normal/PNG/14102.png,0
2427,/root/StrokeDataset/Bleeding/PNG/12001.png,2
2428,/root/StrokeDataset/Normal/PNG/16088.png,0
2429,/root/StrokeDataset/Bleeding/PNG/13044.png,2
2430,/root/StrokeDataset/Normal/PNG/16138.png,0
2431,/root/StrokeDataset/Normal/PNG/14285.png,0
2432,/root/StrokeDataset/Bleeding/PNG/15852.png,2
2433,/root/StrokeDataset/Normal/PNG/11264.png,0
2434,/root/StrokeDataset/Ischemia/PNG/13456.png,1
2435,/root/StrokeDataset/Normal/PNG/10609.png,0
2436,/root/StrokeDataset/Normal/PNG/11472.png,0
2437,/root/StrokeDataset/Normal/PNG/13069.png,0
2438,/root/StrokeDataset/Normal/PNG/16454.png,0
2439,/root/StrokeDataset/Normal/PNG/11874.png,0
2440,/root/StrokeDataset/Ischemia/PNG/13767.png,1
2441,/root/StrokeDataset/Bleeding/PNG/15396.png,2
2442,/root/StrokeDataset/Bleeding/PNG/13167.png,2
2443,/root/StrokeDataset/Normal/PNG/11839.png,0
2444,/root/StrokeDataset/Normal/PNG/10498.png,0
2445,/root/StrokeDataset/Normal/PNG/14882.png,0
2446,/root/StrokeDataset/Normal/PNG/15999.png,0
2447,/root/StrokeDataset/Bleeding/PNG/14227.png,2
2448,/root/StrokeDataset/Normal/PNG/13202.png,0
2449,/root/StrokeDataset/Bleeding/PNG/15332.png,2
2450,/root/StrokeDataset/Ischemia/PNG/16465.png,1
2451,/root/StrokeDataset/Bleeding/PNG/14058.png,2
2452,/root/StrokeDataset/Normal/PNG/13834.png,0
2453,/root/StrokeDataset/Normal/PNG/10810.png,0
2454,/root/StrokeDataset/Normal/PNG/14891.png,0
2455,/root/StrokeDataset/Normal/PNG/12890.png,0
2456,/root/StrokeDataset/Bleeding/PNG/14957.png,2
2457,/root/StrokeDataset/Normal/PNG/12747.png,0
2458,/root/StrokeDataset/Bleeding/PNG/16059.png,2
2459,/root/StrokeDataset/Normal/PNG/17006.png,0
2460,/root/StrokeDataset/Bleeding/PNG/13912.png,2
2461,/root/StrokeDataset/Ischemia/PNG/14697.png,1
2462,/root/StrokeDataset/Normal/PNG/10221.png,0
2463,/root/StrokeDataset/Ischemia/PNG/12413.png,1
2464,/root/StrokeDataset/Normal/PNG/11825.png,0
2465,/root/StrokeDataset/Bleeding/PNG/11772.png,2
2466,/root/StrokeDataset/Normal/PNG/11901.png,0
2467,/root/StrokeDataset/Normal/PNG/15933.png,0
2468,/root/StrokeDataset/Normal/PNG/12675.png,0
2469,/root/StrokeDataset/Normal/PNG/16532.png,0
2470,/root/StrokeDataset/Bleeding/PNG/16714.png,2
2471,/root/StrokeDataset/Normal/PNG/13929.png,0
2472,/root/StrokeDataset/Normal/PNG/11916.png,0
2473,/root/StrokeDataset/Ischemia/PNG/13318.png,1
2474,/root/StrokeDataset/Normal/PNG/14484.png,0
2475,/root/StrokeDataset/Ischemia/PNG/15726.png,1
2476,/root/StrokeDataset/Normal/PNG/13788.png,0
2477,/root/StrokeDataset/Normal/PNG/14622.png,0
2478,/root/StrokeDataset/Normal/PNG/15878.png,0
2479,/root/StrokeDataset/Normal/PNG/13820.png,0
2480,/root/StrokeDataset/Normal/PNG/12335.png,0
2481,/root/StrokeDataset/Normal/PNG/14735.png,0
2482,/root/StrokeDataset/Normal/PNG/11348.png,0
2483,/root/StrokeDataset/Normal/PNG/13487.png,0
2484,/root/StrokeDataset/Normal/PNG/11610.png,0
2485,/root/StrokeDataset/Bleeding/PNG/14463.png,2
2486,/root/StrokeDataset/Normal/PNG/11581.png,0
2487,/root/StrokeDataset/Normal/PNG/11500.png,0
2488,/root/StrokeDataset/Bleeding/PNG/13094.png,2
2489,/root/StrokeDataset/Bleeding/PNG/13293.png,2
2490,/root/StrokeDataset/Bleeding/PNG/11866.png,2
2491,/root/StrokeDataset/Normal/PNG/10654.png,0
2492,/root/StrokeDataset/Normal/PNG/11095.png,0
2493,/root/StrokeDataset/Normal/PNG/11999.png,0
2494,/root/StrokeDataset/Normal/PNG/15500.png,0
2495,/root/StrokeDataset/Ischemia/PNG/12659.png,1
2496,/root/StrokeDataset/Normal/PNG/12655.png,0
2497,/root/StrokeDataset/Normal/PNG/14373.png,0
2498,/root/StrokeDataset/Normal/PNG/16414.png,0
2499,/root/StrokeDataset/Bleeding/PNG/14308.png,2
2500,/root/StrokeDataset/Bleeding/PNG/16595.png,2
2501,/root/StrokeDataset/Bleeding/PNG/15468.png,2
2502,/root/StrokeDataset/Ischemia/PNG/16834.png,1
2503,/root/StrokeDataset/Normal/PNG/14965.png,0
2504,/root/StrokeDataset/Ischemia/PNG/11427.png,1
2505,/root/StrokeDataset/Normal/PNG/12691.png,0
2506,/root/StrokeDataset/Normal/PNG/10699.png,0
2507,/root/StrokeDataset/Normal/PNG/10616.png,0
2508,/root/StrokeDataset/Normal/PNG/10593.png,0
2509,/root/StrokeDataset/Normal/PNG/12753.png,0
2510,/root/StrokeDataset/Normal/PNG/16670.png,0
2511,/root/StrokeDataset/Normal/PNG/13423.png,0
2512,/root/StrokeDataset/Ischemia/PNG/14307.png,1
2513,/root/StrokeDataset/Bleeding/PNG/14916.png,2
2514,/root/StrokeDataset/Normal/PNG/10841.png,0
2515,/root/StrokeDataset/Normal/PNG/13492.png,0
2516,/root/StrokeDataset/Normal/PNG/16025.png,0
2517,/root/StrokeDataset/Ischemia/PNG/13448.png,1
2518,/root/StrokeDataset/Normal/PNG/15979.png,0
2519,/root/StrokeDataset/Ischemia/PNG/11998.png,1
2520,/root/StrokeDataset/Normal/PNG/14481.png,0
2521,/root/StrokeDataset/Normal/PNG/15153.png,0
2522,/root/StrokeDataset/Normal/PNG/14607.png,0
2523,/root/StrokeDataset/Normal/PNG/13805.png,0
2524,/root/StrokeDataset/Normal/PNG/12098.png,0
2525,/root/StrokeDataset/Normal/PNG/16128.png,0
2526,/root/StrokeDataset/Normal/PNG/14148.png,0
2527,/root/StrokeDataset/Normal/PNG/12908.png,0
2528,/root/StrokeDataset/Bleeding/PNG/15351.png,2
2529,/root/StrokeDataset/Normal/PNG/10282.png,0
2530,/root/StrokeDataset/Normal/PNG/13516.png,0
2531,/root/StrokeDataset/Bleeding/PNG/15923.png,2
2532,/root/StrokeDataset/Normal/PNG/11295.png,0
2533,/root/StrokeDataset/Normal/PNG/12818.png,0
2534,/root/StrokeDataset/Normal/PNG/16659.png,0
2535,/root/StrokeDataset/Bleeding/PNG/11994.png,2
2536,/root/StrokeDataset/Ischemia/PNG/13173.png,1
2537,/root/StrokeDataset/Normal/PNG/12248.png,0
2538,/root/StrokeDataset/Normal/PNG/13144.png,0
2539,/root/StrokeDataset/Normal/PNG/12034.png,0
2540,/root/StrokeDataset/Normal/PNG/13382.png,0
2541,/root/StrokeDataset/Normal/PNG/13133.png,0
2542,/root/StrokeDataset/Normal/PNG/16523.png,0
2543,/root/StrokeDataset/Ischemia/PNG/12952.png,1
2544,/root/StrokeDataset/Ischemia/PNG/10575.png,1
2545,/root/StrokeDataset/Normal/PNG/15180.png,0
2546,/root/StrokeDataset/Bleeding/PNG/11386.png,2
2547,/root/StrokeDataset/Normal/PNG/12099.png,0
2548,/root/StrokeDataset/Normal/PNG/11071.png,0
2549,/root/StrokeDataset/Normal/PNG/14360.png,0
2550,/root/StrokeDataset/Normal/PNG/16165.png,0
2551,/root/StrokeDataset/Normal/PNG/15128.png,0
2552,/root/StrokeDataset/Normal/PNG/16840.png,0
2553,/root/StrokeDataset/Normal/PNG/10739.png,0
2554,/root/StrokeDataset/Normal/PNG/14480.png,0
2555,/root/StrokeDataset/Normal/PNG/10260.png,0
2556,/root/StrokeDataset/Bleeding/PNG/11593.png,2
2557,/root/StrokeDataset/Normal/PNG/10536.png,0
2558,/root/StrokeDataset/Normal/PNG/14832.png,0
2559,/root/StrokeDataset/Normal/PNG/12750.png,0
2560,/root/StrokeDataset/Normal/PNG/10612.png,0
2561,/root/StrokeDataset/Normal/PNG/16994.png,0
2562,/root/StrokeDataset/Normal/PNG/10386.png,0
2563,/root/StrokeDataset/Normal/PNG/12809.png,0
2564,/root/StrokeDataset/Normal/PNG/11246.png,0
2565,/root/StrokeDataset/Normal/PNG/10490.png,0
2566,/root/StrokeDataset/Normal/PNG/12101.png,0
2567,/root/StrokeDataset/Normal/PNG/14116.png,0
2568,/root/StrokeDataset/Normal/PNG/13419.png,0
2569,/root/StrokeDataset/Normal/PNG/11217.png,0
2570,/root/StrokeDataset/Normal/PNG/14653.png,0
2571,/root/StrokeDataset/Ischemia/PNG/14578.png,1
2572,/root/StrokeDataset/Ischemia/PNG/14505.png,1
2573,/root/StrokeDataset/Normal/PNG/10922.png,0
2574,/root/StrokeDataset/Normal/PNG/13000.png,0
2575,/root/StrokeDataset/Ischemia/PNG/16980.png,1
2576,/root/StrokeDataset/Normal/PNG/16296.png,0
2577,/root/StrokeDataset/Normal/PNG/14651.png,0
2578,/root/StrokeDataset/Normal/PNG/14372.png,0
2579,/root/StrokeDataset/Ischemia/PNG/14793.png,1
2580,/root/StrokeDataset/Bleeding/PNG/16790.png,2
2581,/root/StrokeDataset/Ischemia/PNG/10101.png,1
2582,/root/StrokeDataset/Normal/PNG/16005.png,0
2583,/root/StrokeDataset/Bleeding/PNG/13971.png,2
2584,/root/StrokeDataset/Normal/PNG/15818.png,0
2585,/root/StrokeDataset/Normal/PNG/13585.png,0
2586,/root/StrokeDataset/Ischemia/PNG/14108.png,1
2587,/root/StrokeDataset/Normal/PNG/13870.png,0
2588,/root/StrokeDataset/Ischemia/PNG/11399.png,1
2589,/root/StrokeDataset/Normal/PNG/15225.png,0
2590,/root/StrokeDataset/Normal/PNG/12880.png,0
2591,/root/StrokeDataset/Normal/PNG/12566.png,0
2592,/root/StrokeDataset/Normal/PNG/16386.png,0
2593,/root/StrokeDataset/Bleeding/PNG/12002.png,2
2594,/root/StrokeDataset/Normal/PNG/13778.png,0
2595,/root/StrokeDataset/Normal/PNG/12560.png,0
2596,/root/StrokeDataset/Normal/PNG/10763.png,0
2597,/root/StrokeDataset/Bleeding/PNG/13510.png,2
2598,/root/StrokeDataset/Bleeding/PNG/11761.png,2
2599,/root/StrokeDataset/Normal/PNG/14119.png,0
2600,/root/StrokeDataset/Normal/PNG/15896.png,0
2601,/root/StrokeDataset/Bleeding/PNG/11942.png,2
2602,/root/StrokeDataset/Bleeding/PNG/15595.png,2
2603,/root/StrokeDataset/Normal/PNG/10183.png,0
2604,/root/StrokeDataset/Normal/PNG/11940.png,0
2605,/root/StrokeDataset/Ischemia/PNG/14389.png,1
2606,/root/StrokeDataset/Ischemia/PNG/15754.png,1
2607,/root/StrokeDataset/Normal/PNG/15253.png,0
2608,/root/StrokeDataset/Normal/PNG/14498.png,0
2609,/root/StrokeDataset/Normal/PNG/16293.png,0
2610,/root/StrokeDataset/Ischemia/PNG/10980.png,1
2611,/root/StrokeDataset/Bleeding/PNG/10877.png,2
2612,/root/StrokeDataset/Normal/PNG/13041.png,0
2613,/root/StrokeDataset/Bleeding/PNG/11262.png,2
2614,/root/StrokeDataset/Normal/PNG/11281.png,0
2615,/root/StrokeDataset/Bleeding/PNG/15738.png,2
2616,/root/StrokeDataset/Normal/PNG/14314.png,0
2617,/root/StrokeDataset/Normal/PNG/10478.png,0
2618,/root/StrokeDataset/Normal/PNG/10270.png,0
2619,/root/StrokeDataset/Normal/PNG/10252.png,0
2620,/root/StrokeDataset/Normal/PNG/15437.png,0
2621,/root/StrokeDataset/Ischemia/PNG/11734.png,1
2622,/root/StrokeDataset/Normal/PNG/15584.png,0
2623,/root/StrokeDataset/Normal/PNG/16915.png,0
2624,/root/StrokeDataset/Normal/PNG/11526.png,0
2625,/root/StrokeDataset/Ischemia/PNG/14328.png,1
2626,/root/StrokeDataset/Normal/PNG/12373.png,0
2627,/root/StrokeDataset/Bleeding/PNG/16722.png,2
2628,/root/StrokeDataset/Normal/PNG/10141.png,0
2629,/root/StrokeDataset/Normal/PNG/16548.png,0
2630,/root/StrokeDataset/Ischemia/PNG/16888.png,1
2631,/root/StrokeDataset/Normal/PNG/15627.png,0
2632,/root/StrokeDataset/Normal/PNG/10135.png,0
2633,/root/StrokeDataset/Normal/PNG/12331.png,0
2634,/root/StrokeDataset/Normal/PNG/15694.png,0
2635,/root/StrokeDataset/Normal/PNG/12866.png,0
2636,/root/StrokeDataset/Normal/PNG/15078.png,0
2637,/root/StrokeDataset/Normal/PNG/13657.png,0
2638,/root/StrokeDataset/Ischemia/PNG/16193.png,1
2639,/root/StrokeDataset/Normal/PNG/10220.png,0
2640,/root/StrokeDataset/Normal/PNG/13619.png,0
2641,/root/StrokeDataset/Normal/PNG/15152.png,0
2642,/root/StrokeDataset/Ischemia/PNG/13514.png,1
2643,/root/StrokeDataset/Normal/PNG/11063.png,0
2644,/root/StrokeDataset/Normal/PNG/14364.png,0
2645,/root/StrokeDataset/Ischemia/PNG/15804.png,1
2646,/root/StrokeDataset/Normal/PNG/13930.png,0
2647,/root/StrokeDataset/Normal/PNG/12010.png,0
2648,/root/StrokeDataset/Bleeding/PNG/16819.png,2
2649,/root/StrokeDataset/Normal/PNG/16694.png,0
2650,/root/StrokeDataset/Normal/PNG/13864.png,0
2651,/root/StrokeDataset/Ischemia/PNG/12695.png,1
2652,/root/StrokeDataset/Normal/PNG/12056.png,0
2653,/root/StrokeDataset/Normal/PNG/13611.png,0
2654,/root/StrokeDataset/Normal/PNG/11445.png,0
2655,/root/StrokeDataset/Ischemia/PNG/12125.png,1
2656,/root/StrokeDataset/Normal/PNG/10573.png,0
2657,/root/StrokeDataset/Normal/PNG/15735.png,0
2658,/root/StrokeDataset/Ischemia/PNG/14071.png,1
2659,/root/StrokeDataset/Normal/PNG/10656.png,0
2660,/root/StrokeDataset/Bleeding/PNG/11425.png,2
2661,/root/StrokeDataset/Bleeding/PNG/11649.png,2
2662,/root/StrokeDataset/Normal/PNG/16770.png,0
2663,/root/StrokeDataset/Normal/PNG/12027.png,0
2664,/root/StrokeDataset/Bleeding/PNG/15632.png,2
2665,/root/StrokeDataset/Bleeding/PNG/12518.png,2
2666,/root/StrokeDataset/Ischemia/PNG/13183.png,1
2667,/root/StrokeDataset/Normal/PNG/12460.png,0
2668,/root/StrokeDataset/Ischemia/PNG/16567.png,1
2669,/root/StrokeDataset/Bleeding/PNG/12537.png,2
2670,/root/StrokeDataset/Normal/PNG/13224.png,0
2671,/root/StrokeDataset/Ischemia/PNG/16032.png,1
2672,/root/StrokeDataset/Bleeding/PNG/12312.png,2
2673,/root/StrokeDataset/Normal/PNG/11098.png,0
2674,/root/StrokeDataset/Normal/PNG/13633.png,0
2675,/root/StrokeDataset/Normal/PNG/16779.png,0
2676,/root/StrokeDataset/Bleeding/PNG/13932.png,2
2677,/root/StrokeDataset/Normal/PNG/11543.png,0
2678,/root/StrokeDataset/Ischemia/PNG/12498.png,1
2679,/root/StrokeDataset/Normal/PNG/13577.png,0
2680,/root/StrokeDataset/Normal/PNG/14608.png,0
2681,/root/StrokeDataset/Ischemia/PNG/11285.png,1
2682,/root/StrokeDataset/Ischemia/PNG/14718.png,1
2683,/root/StrokeDataset/Normal/PNG/11176.png,0
2684,/root/StrokeDataset/Normal/PNG/13294.png,0
2685,/root/StrokeDataset/Normal/PNG/14867.png,0
2686,/root/StrokeDataset/Normal/PNG/14705.png,0
2687,/root/StrokeDataset/Normal/PNG/11959.png,0
2688,/root/StrokeDataset/Bleeding/PNG/12841.png,2
2689,/root/StrokeDataset/Normal/PNG/10306.png,0
2690,/root/StrokeDataset/Normal/PNG/11410.png,0
2691,/root/StrokeDataset/Ischemia/PNG/14812.png,1
2692,/root/StrokeDataset/Normal/PNG/15342.png,0
2693,/root/StrokeDataset/Normal/PNG/13020.png,0
2694,/root/StrokeDataset/Bleeding/PNG/16662.png,2
2695,/root/StrokeDataset/Normal/PNG/10178.png,0
2696,/root/StrokeDataset/Bleeding/PNG/13955.png,2
2697,/root/StrokeDataset/Normal/PNG/10861.png,0
2698,/root/StrokeDataset/Bleeding/PNG/12262.png,2
2699,/root/StrokeDataset/Normal/PNG/16254.png,0
2700,/root/StrokeDataset/Ischemia/PNG/15991.png,1
2701,/root/StrokeDataset/Normal/PNG/16073.png,0
2702,/root/StrokeDataset/Bleeding/PNG/10094.png,2
2703,/root/StrokeDataset/Ischemia/PNG/12697.png,1
2704,/root/StrokeDataset/Normal/PNG/13853.png,0
2705,/root/StrokeDataset/Normal/PNG/16975.png,0
2706,/root/StrokeDataset/Normal/PNG/12355.png,0
2707,/root/StrokeDataset/Normal/PNG/10994.png,0
2708,/root/StrokeDataset/Normal/PNG/15724.png,0
2709,/root/StrokeDataset/Normal/PNG/10396.png,0
2710,/root/StrokeDataset/Normal/PNG/15174.png,0
2711,/root/StrokeDataset/Normal/PNG/13569.png,0
2712,/root/StrokeDataset/Normal/PNG/15093.png,0
2713,/root/StrokeDataset/Normal/PNG/11684.png,0
2714,/root/StrokeDataset/Ischemia/PNG/15679.png,1
2715,/root/StrokeDataset/Normal/PNG/13325.png,0
2716,/root/StrokeDataset/Normal/PNG/11075.png,0
2717,/root/StrokeDataset/Normal/PNG/12540.png,0
2718,/root/StrokeDataset/Normal/PNG/15320.png,0
2719,/root/StrokeDataset/Normal/PNG/10424.png,0
2720,/root/StrokeDataset/Normal/PNG/11213.png,0
2721,/root/StrokeDataset/Normal/PNG/14865.png,0
2722,/root/StrokeDataset/Normal/PNG/16642.png,0
2723,/root/StrokeDataset/Ischemia/PNG/13151.png,1
2724,/root/StrokeDataset/Normal/PNG/12636.png,0
2725,/root/StrokeDataset/Bleeding/PNG/11517.png,2
2726,/root/StrokeDataset/Ischemia/PNG/11900.png,1
2727,/root/StrokeDataset/Normal/PNG/11882.png,0
2728,/root/StrokeDataset/Ischemia/PNG/12811.png,1
2729,/root/StrokeDataset/Normal/PNG/10037.png,0
2730,/root/StrokeDataset/Normal/PNG/11923.png,0
2731,/root/StrokeDataset/Normal/PNG/13451.png,0
2732,/root/StrokeDataset/Normal/PNG/11841.png,0
2733,/root/StrokeDataset/Normal/PNG/12123.png,0
2734,/root/StrokeDataset/Normal/PNG/10904.png,0
2735,/root/StrokeDataset/Normal/PNG/12014.png,0
2736,/root/StrokeDataset/Bleeding/PNG/13943.png,2
2737,/root/StrokeDataset/Normal/PNG/14754.png,0
2738,/root/StrokeDataset/Normal/PNG/14742.png,0
2739,/root/StrokeDataset/Ischemia/PNG/14863.png,1
2740,/root/StrokeDataset/Normal/PNG/14570.png,0
2741,/root/StrokeDataset/Normal/PNG/11293.png,0
2742,/root/StrokeDataset/Normal/PNG/13120.png,0
2743,/root/StrokeDataset/Normal/PNG/13672.png,0
2744,/root/StrokeDataset/Bleeding/PNG/14030.png,2
2745,/root/StrokeDataset/Ischemia/PNG/12927.png,1
2746,/root/StrokeDataset/Normal/PNG/16383.png,0
2747,/root/StrokeDataset/Normal/PNG/12987.png,0
2748,/root/StrokeDataset/Normal/PNG/13016.png,0
2749,/root/StrokeDataset/Normal/PNG/15407.png,0
2750,/root/StrokeDataset/Normal/PNG/14395.png,0
2751,/root/StrokeDataset/Normal/PNG/13602.png,0
2752,/root/StrokeDataset/Bleeding/PNG/12891.png,2
2753,/root/StrokeDataset/Normal/PNG/16835.png,0
2754,/root/StrokeDataset/Normal/PNG/13349.png,0
2755,/root/StrokeDataset/Bleeding/PNG/15246.png,2
2756,/root/StrokeDataset/Normal/PNG/12195.png,0
2757,/root/StrokeDataset/Normal/PNG/14378.png,0
2758,/root/StrokeDataset/Normal/PNG/14714.png,0
2759,/root/StrokeDataset/Normal/PNG/13638.png,0
2760,/root/StrokeDataset/Normal/PNG/14274.png,0
2761,/root/StrokeDataset/Normal/PNG/13357.png,0
2762,/root/StrokeDataset/Normal/PNG/13653.png,0
2763,/root/StrokeDataset/Ischemia/PNG/15456.png,1
2764,/root/StrokeDataset/Normal/PNG/11110.png,0
2765,/root/StrokeDataset/Ischemia/PNG/10447.png,1
2766,/root/StrokeDataset/Normal/PNG/13082.png,0
2767,/root/StrokeDataset/Normal/PNG/11888.png,0
2768,/root/StrokeDataset/Ischemia/PNG/10933.png,1
2769,/root/StrokeDataset/Normal/PNG/11374.png,0
2770,/root/StrokeDataset/Normal/PNG/16068.png,0
2771,/root/StrokeDataset/Ischemia/PNG/12898.png,1
2772,/root/StrokeDataset/Normal/PNG/10964.png,0
2773,/root/StrokeDataset/Ischemia/PNG/11271.png,1
2774,/root/StrokeDataset/Ischemia/PNG/14368.png,1
2775,/root/StrokeDataset/Bleeding/PNG/10156.png,2
2776,/root/StrokeDataset/Ischemia/PNG/14200.png,1
2777,/root/StrokeDataset/Normal/PNG/12889.png,0
2778,/root/StrokeDataset/Normal/PNG/15828.png,0
2779,/root/StrokeDataset/Bleeding/PNG/13624.png,2
2780,/root/StrokeDataset/Ischemia/PNG/16716.png,1
2781,/root/StrokeDataset/Normal/PNG/11289.png,0
2782,/root/StrokeDataset/Normal/PNG/11675.png,0
2783,/root/StrokeDataset/Ischemia/PNG/12141.png,1
2784,/root/StrokeDataset/Normal/PNG/15066.png,0
2785,/root/StrokeDataset/Normal/PNG/12200.png,0
2786,/root/StrokeDataset/Normal/PNG/12756.png,0
2787,/root/StrokeDataset/Normal/PNG/12852.png,0
2788,/root/StrokeDataset/Normal/PNG/15207.png,0
2789,/root/StrokeDataset/Normal/PNG/14701.png,0
2790,/root/StrokeDataset/Normal/PNG/12745.png,0
2791,/root/StrokeDataset/Normal/PNG/10725.png,0
2792,/root/StrokeDataset/Normal/PNG/14493.png,0
2793,/root/StrokeDataset/Bleeding/PNG/13209.png,2
2794,/root/StrokeDataset/Normal/PNG/16040.png,0
2795,/root/StrokeDataset/Normal/PNG/10109.png,0
2796,/root/StrokeDataset/Normal/PNG/16060.png,0
2797,/root/StrokeDataset/Normal/PNG/13578.png,0
2798,/root/StrokeDataset/Ischemia/PNG/10734.png,1
2799,/root/StrokeDataset/Normal/PNG/10111.png,0
2800,/root/StrokeDataset/Normal/PNG/14527.png,0
2801,/root/StrokeDataset/Normal/PNG/14130.png,0
2802,/root/StrokeDataset/Ischemia/PNG/14504.png,1
2803,/root/StrokeDataset/Normal/PNG/13059.png,0
2804,/root/StrokeDataset/Ischemia/PNG/13674.png,1
2805,/root/StrokeDataset/Normal/PNG/15617.png,0
2806,/root/StrokeDataset/Normal/PNG/16576.png,0
2807,/root/StrokeDataset/Bleeding/PNG/10210.png,2
2808,/root/StrokeDataset/Bleeding/PNG/14230.png,2
2809,/root/StrokeDataset/Normal/PNG/15135.png,0
2810,/root/StrokeDataset/Normal/PNG/15516.png,0
2811,/root/StrokeDataset/Normal/PNG/16778.png,0
2812,/root/StrokeDataset/Normal/PNG/10582.png,0
2813,/root/StrokeDataset/Bleeding/PNG/10820.png,2
2814,/root/StrokeDataset/Normal/PNG/14730.png,0
2815,/root/StrokeDataset/Normal/PNG/15276.png,0
2816,/root/StrokeDataset/Ischemia/PNG/13892.png,1
2817,/root/StrokeDataset/Ischemia/PNG/14323.png,1
2818,/root/StrokeDataset/Normal/PNG/16988.png,0
2819,/root/StrokeDataset/Normal/PNG/15915.png,0
2820,/root/StrokeDataset/Bleeding/PNG/10850.png,2
2821,/root/StrokeDataset/Normal/PNG/10731.png,0
2822,/root/StrokeDataset/Normal/PNG/11307.png,0
2823,/root/StrokeDataset/Normal/PNG/14774.png,0
2824,/root/StrokeDataset/Normal/PNG/13023.png,0
2825,/root/StrokeDataset/Normal/PNG/15296.png,0
2826,/root/StrokeDataset/Normal/PNG/16907.png,0
2827,/root/StrokeDataset/Normal/PNG/10492.png,0
2828,/root/StrokeDataset/Normal/PNG/14887.png,0
2829,/root/StrokeDataset/Normal/PNG/14683.png,0
2830,/root/StrokeDataset/Normal/PNG/10054.png,0
2831,/root/StrokeDataset/Normal/PNG/11606.png,0
2832,/root/StrokeDataset/Normal/PNG/13014.png,0
2833,/root/StrokeDataset/Normal/PNG/14142.png,0
2834,/root/StrokeDataset/Normal/PNG/16579.png,0
2835,/root/StrokeDataset/Normal/PNG/13822.png,0
2836,/root/StrokeDataset/Normal/PNG/11997.png,0
2837,/root/StrokeDataset/Normal/PNG/14456.png,0
2838,/root/StrokeDataset/Normal/PNG/10826.png,0
2839,/root/StrokeDataset/Normal/PNG/10023.png,0
2840,/root/StrokeDataset/Normal/PNG/11893.png,0
2841,/root/StrokeDataset/Normal/PNG/15162.png,0
2842,/root/StrokeDataset/Normal/PNG/12904.png,0
2843,/root/StrokeDataset/Bleeding/PNG/16133.png,2
2844,/root/StrokeDataset/Bleeding/PNG/11687.png,2
2845,/root/StrokeDataset/Normal/PNG/12553.png,0
2846,/root/StrokeDataset/Normal/PNG/11524.png,0
2847,/root/StrokeDataset/Normal/PNG/14710.png,0
2848,/root/StrokeDataset/Ischemia/PNG/10486.png,1
2849,/root/StrokeDataset/Normal/PNG/10387.png,0
2850,/root/StrokeDataset/Normal/PNG/11540.png,0
2851,/root/StrokeDataset/Normal/PNG/13387.png,0
2852,/root/StrokeDataset/Normal/PNG/14003.png,0
2853,/root/StrokeDataset/Normal/PNG/13271.png,0
2854,/root/StrokeDataset/Normal/PNG/15052.png,0
2855,/root/StrokeDataset/Normal/PNG/15400.png,0
2856,/root/StrokeDataset/Normal/PNG/11446.png,0
2857,/root/StrokeDataset/Bleeding/PNG/14365.png,2
2858,/root/StrokeDataset/Normal/PNG/14454.png,0
2859,/root/StrokeDataset/Normal/PNG/15894.png,0
2860,/root/StrokeDataset/Bleeding/PNG/14310.png,2
2861,/root/StrokeDataset/Normal/PNG/11147.png,0
2862,/root/StrokeDataset/Normal/PNG/10881.png,0
2863,/root/StrokeDataset/Normal/PNG/10243.png,0
2864,/root/StrokeDataset/Normal/PNG/12596.png,0
2865,/root/StrokeDataset/Normal/PNG/13369.png,0
2866,/root/StrokeDataset/Normal/PNG/15304.png,0
2867,/root/StrokeDataset/Normal/PNG/10408.png,0
2868,/root/StrokeDataset/Normal/PNG/10587.png,0
2869,/root/StrokeDataset/Bleeding/PNG/13229.png,2
2870,/root/StrokeDataset/Bleeding/PNG/15574.png,2
2871,/root/StrokeDataset/Normal/PNG/12725.png,0
2872,/root/StrokeDataset/Ischemia/PNG/15222.png,1
2873,/root/StrokeDataset/Normal/PNG/11228.png,0
2874,/root/StrokeDataset/Normal/PNG/13216.png,0
2875,/root/StrokeDataset/Ischemia/PNG/12529.png,1
2876,/root/StrokeDataset/Normal/PNG/14262.png,0
2877,/root/StrokeDataset/Normal/PNG/11422.png,0
2878,/root/StrokeDataset/Bleeding/PNG/16055.png,2
2879,/root/StrokeDataset/Normal/PNG/14233.png,0
2880,/root/StrokeDataset/Normal/PNG/13721.png,0
2881,/root/StrokeDataset/Normal/PNG/11002.png,0
2882,/root/StrokeDataset/Normal/PNG/16222.png,0
2883,/root/StrokeDataset/Normal/PNG/10334.png,0
2884,/root/StrokeDataset/Normal/PNG/10773.png,0
2885,/root/StrokeDataset/Normal/PNG/16053.png,0
2886,/root/StrokeDataset/Normal/PNG/15271.png,0
2887,/root/StrokeDataset/Bleeding/PNG/13359.png,2
2888,/root/StrokeDataset/Bleeding/PNG/13270.png,2
2889,/root/StrokeDataset/Normal/PNG/14181.png,0
2890,/root/StrokeDataset/Ischemia/PNG/14325.png,1
2891,/root/StrokeDataset/Normal/PNG/10212.png,0
2892,/root/StrokeDataset/Normal/PNG/15918.png,0
2893,/root/StrokeDataset/Normal/PNG/13538.png,0
2894,/root/StrokeDataset/Ischemia/PNG/11639.png,1
2895,/root/StrokeDataset/Normal/PNG/10445.png,0
2896,/root/StrokeDataset/Ischemia/PNG/15767.png,1
2897,/root/StrokeDataset/Normal/PNG/13346.png,0
2898,/root/StrokeDataset/Normal/PNG/12574.png,0
2899,/root/StrokeDataset/Bleeding/PNG/13716.png,2
2900,/root/StrokeDataset/Normal/PNG/14840.png,0
2901,/root/StrokeDataset/Bleeding/PNG/16916.png,2
2902,/root/StrokeDataset/Normal/PNG/16144.png,0
2903,/root/StrokeDataset/Bleeding/PNG/12446.png,2
2904,/root/StrokeDataset/Normal/PNG/15534.png,0
2905,/root/StrokeDataset/Normal/PNG/16229.png,0
2906,/root/StrokeDataset/Normal/PNG/14316.png,0
2907,/root/StrokeDataset/Normal/PNG/13737.png,0
2908,/root/StrokeDataset/Normal/PNG/12313.png,0
2909,/root/StrokeDataset/Ischemia/PNG/10179.png,1
2910,/root/StrokeDataset/Normal/PNG/15027.png,0
2911,/root/StrokeDataset/Normal/PNG/16120.png,0
2912,/root/StrokeDataset/Ischemia/PNG/11536.png,1
2913,/root/StrokeDataset/Normal/PNG/14618.png,0
2914,/root/StrokeDataset/Normal/PNG/11541.png,0
2915,/root/StrokeDataset/Normal/PNG/15242.png,0
2916,/root/StrokeDataset/Normal/PNG/10022.png,0
2917,/root/StrokeDataset/Normal/PNG/16404.png,0
2918,/root/StrokeDataset/Normal/PNG/12265.png,0
2919,/root/StrokeDataset/Normal/PNG/13688.png,0
2920,/root/StrokeDataset/Bleeding/PNG/13290.png,2
2921,/root/StrokeDataset/Normal/PNG/13998.png,0
2922,/root/StrokeDataset/Normal/PNG/12860.png,0
2923,/root/StrokeDataset/Normal/PNG/16336.png,0
2924,/root/StrokeDataset/Bleeding/PNG/14284.png,2
2925,/root/StrokeDataset/Ischemia/PNG/15862.png,1
2926,/root/StrokeDataset/Ischemia/PNG/15949.png,1
2927,/root/StrokeDataset/Ischemia/PNG/12081.png,1
2928,/root/StrokeDataset/Bleeding/PNG/11123.png,2
2929,/root/StrokeDataset/Ischemia/PNG/13924.png,1
2930,/root/StrokeDataset/Normal/PNG/11885.png,0
2931,/root/StrokeDataset/Normal/PNG/14184.png,0
2932,/root/StrokeDataset/Ischemia/PNG/11723.png,1
2933,/root/StrokeDataset/Normal/PNG/11317.png,0
2934,/root/StrokeDataset/Normal/PNG/13949.png,0
2935,/root/StrokeDataset/Ischemia/PNG/10151.png,1
2936,/root/StrokeDataset/Bleeding/PNG/12276.png,2
2937,/root/StrokeDataset/Ischemia/PNG/15136.png,1
2938,/root/StrokeDataset/Normal/PNG/15164.png,0
2939,/root/StrokeDataset/Bleeding/PNG/10415.png,2
2940,/root/StrokeDataset/Ischemia/PNG/14125.png,1
2941,/root/StrokeDataset/Normal/PNG/14472.png,0
2942,/root/StrokeDataset/Bleeding/PNG/16747.png,2
2943,/root/StrokeDataset/Normal/PNG/13246.png,0
2944,/root/StrokeDataset/Normal/PNG/13756.png,0
2945,/root/StrokeDataset/Normal/PNG/15083.png,0
2946,/root/StrokeDataset/Normal/PNG/11177.png,0
2947,/root/StrokeDataset/Normal/PNG/13171.png,0
2948,/root/StrokeDataset/Normal/PNG/12218.png,0
2949,/root/StrokeDataset/Normal/PNG/14925.png,0
2950,/root/StrokeDataset/Normal/PNG/15323.png,0
2951,/root/StrokeDataset/Bleeding/PNG/12243.png,2
2952,/root/StrokeDataset/Normal/PNG/14743.png,0
2953,/root/StrokeDataset/Normal/PNG/16210.png,0
2954,/root/StrokeDataset/Normal/PNG/16512.png,0
2955,/root/StrokeDataset/Ischemia/PNG/11443.png,1
2956,/root/StrokeDataset/Normal/PNG/11297.png,0
2957,/root/StrokeDataset/Normal/PNG/15499.png,0
2958,/root/StrokeDataset/Ischemia/PNG/12105.png,1
2959,/root/StrokeDataset/Ischemia/PNG/16883.png,1
2960,/root/StrokeDataset/Normal/PNG/15058.png,0
2961,/root/StrokeDataset/Normal/PNG/10857.png,0
2962,/root/StrokeDataset/Normal/PNG/15150.png,0
2963,/root/StrokeDataset/Normal/PNG/11738.png,0
2964,/root/StrokeDataset/Normal/PNG/16992.png,0
2965,/root/StrokeDataset/Normal/PNG/14158.png,0
2966,/root/StrokeDataset/Normal/PNG/10913.png,0
2967,/root/StrokeDataset/Bleeding/PNG/12958.png,2
2968,/root/StrokeDataset/Normal/PNG/12182.png,0
2969,/root/StrokeDataset/Normal/PNG/16013.png,0
2970,/root/StrokeDataset/Normal/PNG/16419.png,0
2971,/root/StrokeDataset/Normal/PNG/10802.png,0
2972,/root/StrokeDataset/Ischemia/PNG/13486.png,1
2973,/root/StrokeDataset/Ischemia/PNG/10690.png,1
2974,/root/StrokeDataset/Normal/PNG/12158.png,0
2975,/root/StrokeDataset/Ischemia/PNG/13193.png,1
2976,/root/StrokeDataset/Bleeding/PNG/16243.png,2
2977,/root/StrokeDataset/Ischemia/PNG/15525.png,1
2978,/root/StrokeDataset/Ischemia/PNG/16556.png,1
2979,/root/StrokeDataset/Normal/PNG/12489.png,0
2980,/root/StrokeDataset/Normal/PNG/12513.png,0
2981,/root/StrokeDataset/Normal/PNG/10474.png,0
2982,/root/StrokeDataset/Normal/PNG/11887.png,0
2983,/root/StrokeDataset/Ischemia/PNG/11580.png,1
2984,/root/StrokeDataset/Normal/PNG/12295.png,0
2985,/root/StrokeDataset/Normal/PNG/14128.png,0
2986,/root/StrokeDataset/Normal/PNG/16845.png,0
2987,/root/StrokeDataset/Normal/PNG/11568.png,0
2988,/root/StrokeDataset/Ischemia/PNG/13060.png,1
2989,/root/StrokeDataset/Normal/PNG/13608.png,0
2990,/root/StrokeDataset/Normal/PNG/14660.png,0
2991,/root/StrokeDataset/Bleeding/PNG/11774.png,2
2992,/root/StrokeDataset/Normal/PNG/12077.png,0
2993,/root/StrokeDataset/Ischemia/PNG/12804.png,1
2994,/root/StrokeDataset/Normal/PNG/13771.png,0
2995,/root/StrokeDataset/Ischemia/PNG/10028.png,1
2996,/root/StrokeDataset/Normal/PNG/16707.png,0
2997,/root/StrokeDataset/Bleeding/PNG/12854.png,2
2998,/root/StrokeDataset/Ischemia/PNG/14327.png,1
2999,/root/StrokeDataset/Ischemia/PNG/11689.png,1
3000,/root/StrokeDataset/Ischemia/PNG/12080.png,1
3001,/root/StrokeDataset/Normal/PNG/15813.png,0
3002,/root/StrokeDataset/Bleeding/PNG/15384.png,2
3003,/root/StrokeDataset/Bleeding/PNG/16701.png,2
3004,/root/StrokeDataset/Bleeding/PNG/11491.png,2
3005,/root/StrokeDataset/Ischemia/PNG/11767.png,1
3006,/root/StrokeDataset/Normal/PNG/14207.png,0
3007,/root/StrokeDataset/Ischemia/PNG/10771.png,1
3008,/root/StrokeDataset/Bleeding/PNG/11170.png,2
3009,/root/StrokeDataset/Ischemia/PNG/13440.png,1
3010,/root/StrokeDataset/Ischemia/PNG/12795.png,1
3011,/root/StrokeDataset/Normal/PNG/12164.png,0
3012,/root/StrokeDataset/Normal/PNG/16563.png,0
3013,/root/StrokeDataset/Normal/PNG/15508.png,0
3014,/root/StrokeDataset/Bleeding/PNG/12062.png,2
3015,/root/StrokeDataset/Normal/PNG/14777.png,0
3016,/root/StrokeDataset/Bleeding/PNG/13186.png,2
3017,/root/StrokeDataset/Normal/PNG/15186.png,0
3018,/root/StrokeDataset/Normal/PNG/11470.png,0
3019,/root/StrokeDataset/Normal/PNG/14671.png,0
3020,/root/StrokeDataset/Normal/PNG/14780.png,0
3021,/root/StrokeDataset/Ischemia/PNG/11091.png,1
3022,/root/StrokeDataset/Normal/PNG/15215.png,0
3023,/root/StrokeDataset/Normal/PNG/10457.png,0
3024,/root/StrokeDataset/Normal/PNG/14535.png,0
3025,/root/StrokeDataset/Ischemia/PNG/15115.png,1
3026,/root/StrokeDataset/Normal/PNG/14189.png,0
3027,/root/StrokeDataset/Bleeding/PNG/13159.png,2
3028,/root/StrokeDataset/Ischemia/PNG/16151.png,1
3029,/root/StrokeDataset/Normal/PNG/16178.png,0
3030,/root/StrokeDataset/Ischemia/PNG/13848.png,1
3031,/root/StrokeDataset/Normal/PNG/15522.png,0
3032,/root/StrokeDataset/Normal/PNG/10753.png,0
3033,/root/StrokeDataset/Bleeding/PNG/15315.png,2
3034,/root/StrokeDataset/Bleeding/PNG/13220.png,2
3035,/root/StrokeDataset/Normal/PNG/11847.png,0
3036,/root/StrokeDataset/Normal/PNG/10562.png,0
3037,/root/StrokeDataset/Ischemia/PNG/12386.png,1
3038,/root/StrokeDataset/Ischemia/PNG/13297.png,1
3039,/root/StrokeDataset/Normal/PNG/13934.png,0
3040,/root/StrokeDataset/Normal/PNG/11926.png,0
3041,/root/StrokeDataset/Normal/PNG/12925.png,0
3042,/root/StrokeDataset/Normal/PNG/11960.png,0
3043,/root/StrokeDataset/Normal/PNG/13843.png,0
3044,/root/StrokeDataset/Normal/PNG/13568.png,0
3045,/root/StrokeDataset/Normal/PNG/11411.png,0
3046,/root/StrokeDataset/Normal/PNG/12012.png,0
3047,/root/StrokeDataset/Bleeding/PNG/14642.png,2
3048,/root/StrokeDataset/Ischemia/PNG/11642.png,1
3049,/root/StrokeDataset/Bleeding/PNG/15391.png,2
3050,/root/StrokeDataset/Normal/PNG/15723.png,0
3051,/root/StrokeDataset/Ischemia/PNG/15927.png,1
3052,/root/StrokeDataset/Normal/PNG/12565.png,0
3053,/root/StrokeDataset/Normal/PNG/14478.png,0
3054,/root/StrokeDataset/Normal/PNG/16721.png,0
3055,/root/StrokeDataset/Normal/PNG/14195.png,0
3056,/root/StrokeDataset/Bleeding/PNG/11316.png,2
3057,/root/StrokeDataset/Ischemia/PNG/11337.png,1
3058,/root/StrokeDataset/Bleeding/PNG/14329.png,2
3059,/root/StrokeDataset/Ischemia/PNG/16981.png,1
3060,/root/StrokeDataset/Normal/PNG/14272.png,0
3061,/root/StrokeDataset/Bleeding/PNG/13712.png,2
3062,/root/StrokeDataset/Normal/PNG/12524.png,0
3063,/root/StrokeDataset/Normal/PNG/15877.png,0
3064,/root/StrokeDataset/Normal/PNG/13164.png,0
3065,/root/StrokeDataset/Normal/PNG/12219.png,0
3066,/root/StrokeDataset/Normal/PNG/11094.png,0
3067,/root/StrokeDataset/Normal/PNG/12920.png,0
3068,/root/StrokeDataset/Normal/PNG/14421.png,0
3069,/root/StrokeDataset/Normal/PNG/11892.png,0
3070,/root/StrokeDataset/Normal/PNG/16269.png,0
3071,/root/StrokeDataset/Normal/PNG/15132.png,0
3072,/root/StrokeDataset/Normal/PNG/12385.png,0
3073,/root/StrokeDataset/Normal/PNG/10247.png,0
3074,/root/StrokeDataset/Ischemia/PNG/16674.png,1
3075,/root/StrokeDataset/Normal/PNG/13784.png,0
3076,/root/StrokeDataset/Ischemia/PNG/11101.png,1
3077,/root/StrokeDataset/Ischemia/PNG/12095.png,1
3078,/root/StrokeDataset/Normal/PNG/11149.png,0
3079,/root/StrokeDataset/Ischemia/PNG/11028.png,1
3080,/root/StrokeDataset/Bleeding/PNG/12624.png,2
3081,/root/StrokeDataset/Normal/PNG/15321.png,0
3082,/root/StrokeDataset/Normal/PNG/13287.png,0
3083,/root/StrokeDataset/Normal/PNG/10452.png,0
3084,/root/StrokeDataset/Bleeding/PNG/13879.png,2
3085,/root/StrokeDataset/Normal/PNG/16755.png,0
3086,/root/StrokeDataset/Normal/PNG/14083.png,0
3087,/root/StrokeDataset/Normal/PNG/16768.png,0
3088,/root/StrokeDataset/Normal/PNG/11903.png,0
3089,/root/StrokeDataset/Normal/PNG/16019.png,0
3090,/root/StrokeDataset/Normal/PNG/12516.png,0
3091,/root/StrokeDataset/Normal/PNG/15549.png,0
3092,/root/StrokeDataset/Normal/PNG/16249.png,0
3093,/root/StrokeDataset/Normal/PNG/14134.png,0
3094,/root/StrokeDataset/Normal/PNG/10171.png,0
3095,/root/StrokeDataset/Bleeding/PNG/11797.png,2
3096,/root/StrokeDataset/Bleeding/PNG/11990.png,2
3097,/root/StrokeDataset/Ischemia/PNG/13436.png,1
3098,/root/StrokeDataset/Normal/PNG/10949.png,0
3099,/root/StrokeDataset/Normal/PNG/14614.png,0
3100,/root/StrokeDataset/Normal/PNG/14762.png,0
3101,/root/StrokeDataset/Normal/PNG/15849.png,0
3102,/root/StrokeDataset/Bleeding/PNG/11248.png,2
3103,/root/StrokeDataset/Bleeding/PNG/15807.png,2
3104,/root/StrokeDataset/Normal/PNG/16385.png,0
3105,/root/StrokeDataset/Normal/PNG/14277.png,0
3106,/root/StrokeDataset/Bleeding/PNG/16324.png,2
3107,/root/StrokeDataset/Normal/PNG/15322.png,0
3108,/root/StrokeDataset/Bleeding/PNG/14903.png,2
3109,/root/StrokeDataset/Normal/PNG/12924.png,0
3110,/root/StrokeDataset/Bleeding/PNG/12642.png,2
3111,/root/StrokeDataset/Ischemia/PNG/11417.png,1
3112,/root/StrokeDataset/Bleeding/PNG/11420.png,2
3113,/root/StrokeDataset/Normal/PNG/11387.png,0
3114,/root/StrokeDataset/Bleeding/PNG/16558.png,2
3115,/root/StrokeDataset/Normal/PNG/16745.png,0
3116,/root/StrokeDataset/Ischemia/PNG/16872.png,1
3117,/root/StrokeDataset/Ischemia/PNG/14986.png,1
3118,/root/StrokeDataset/Normal/PNG/16687.png,0
3119,/root/StrokeDataset/Normal/PNG/10571.png,0
3120,/root/StrokeDataset/Normal/PNG/14501.png,0
3121,/root/StrokeDataset/Normal/PNG/16014.png,0
3122,/root/StrokeDataset/Normal/PNG/14667.png,0
3123,/root/StrokeDataset/Ischemia/PNG/11303.png,1
3124,/root/StrokeDataset/Ischemia/PNG/13738.png,1
3125,/root/StrokeDataset/Normal/PNG/16946.png,0
3126,/root/StrokeDataset/Normal/PNG/11607.png,0
3127,/root/StrokeDataset/Normal/PNG/14491.png,0
3128,/root/StrokeDataset/Normal/PNG/10577.png,0
3129,/root/StrokeDataset/Normal/PNG/12672.png,0
3130,/root/StrokeDataset/Normal/PNG/11566.png,0
3131,/root/StrokeDataset/Ischemia/PNG/11871.png,1
3132,/root/StrokeDataset/Normal/PNG/11191.png,0
3133,/root/StrokeDataset/Normal/PNG/10409.png,0
3134,/root/StrokeDataset/Ischemia/PNG/15610.png,1
3135,/root/StrokeDataset/Normal/PNG/15399.png,0
3136,/root/StrokeDataset/Normal/PNG/16361.png,0
3137,/root/StrokeDataset/Normal/PNG/13381.png,0
3138,/root/StrokeDataset/Normal/PNG/14193.png,0
3139,/root/StrokeDataset/Normal/PNG/13458.png,0
3140,/root/StrokeDataset/Ischemia/PNG/15481.png,1
3141,/root/StrokeDataset/Normal/PNG/11196.png,0
3142,/root/StrokeDataset/Normal/PNG/13265.png,0
3143,/root/StrokeDataset/Normal/PNG/14950.png,0
3144,/root/StrokeDataset/Ischemia/PNG/16182.png,1
3145,/root/StrokeDataset/Ischemia/PNG/11432.png,1
3146,/root/StrokeDataset/Normal/PNG/10864.png,0
3147,/root/StrokeDataset/Bleeding/PNG/15313.png,2
3148,/root/StrokeDataset/Bleeding/PNG/15026.png,2
3149,/root/StrokeDataset/Normal/PNG/11641.png,0
3150,/root/StrokeDataset/Normal/PNG/16812.png,0
3151,/root/StrokeDataset/Ischemia/PNG/12420.png,1
3152,/root/StrokeDataset/Bleeding/PNG/15536.png,2
3153,/root/StrokeDataset/Normal/PNG/15428.png,0
3154,/root/StrokeDataset/Normal/PNG/10014.png,0
3155,/root/StrokeDataset/Normal/PNG/12748.png,0
3156,/root/StrokeDataset/Normal/PNG/15220.png,0
3157,/root/StrokeDataset/Normal/PNG/13341.png,0
3158,/root/StrokeDataset/Normal/PNG/15673.png,0
3159,/root/StrokeDataset/Bleeding/PNG/14326.png,2
3160,/root/StrokeDataset/Bleeding/PNG/12992.png,2
3161,/root/StrokeDataset/Ischemia/PNG/14085.png,1
3162,/root/StrokeDataset/Normal/PNG/16112.png,0
3163,/root/StrokeDataset/Ischemia/PNG/13480.png,1
3164,/root/StrokeDataset/Normal/PNG/15642.png,0
3165,/root/StrokeDataset/Normal/PNG/14508.png,0
3166,/root/StrokeDataset/Bleeding/PNG/10150.png,2
3167,/root/StrokeDataset/Bleeding/PNG/15509.png,2
3168,/root/StrokeDataset/Normal/PNG/16423.png,0
3169,/root/StrokeDataset/Ischemia/PNG/10077.png,1
3170,/root/StrokeDataset/Bleeding/PNG/14197.png,2
3171,/root/StrokeDataset/Bleeding/PNG/16364.png,2
3172,/root/StrokeDataset/Normal/PNG/15930.png,0
3173,/root/StrokeDataset/Normal/PNG/14466.png,0
3174,/root/StrokeDataset/Bleeding/PNG/10719.png,2
3175,/root/StrokeDataset/Ischemia/PNG/16942.png,1
3176,/root/StrokeDataset/Bleeding/PNG/10745.png,2
3177,/root/StrokeDataset/Ischemia/PNG/13838.png,1
3178,/root/StrokeDataset/Bleeding/PNG/11768.png,2
3179,/root/StrokeDataset/Normal/PNG/15535.png,0
3180,/root/StrokeDataset/Ischemia/PNG/12346.png,1
3181,/root/StrokeDataset/Normal/PNG/12236.png,0
3182,/root/StrokeDataset/Normal/PNG/14241.png,0
3183,/root/StrokeDataset/Normal/PNG/11525.png,0
3184,/root/StrokeDataset/Normal/PNG/16108.png,0
3185,/root/StrokeDataset/Normal/PNG/10103.png,0
3186,/root/StrokeDataset/Normal/PNG/13816.png,0
3187,/root/StrokeDataset/Normal/PNG/15295.png,0
3188,/root/StrokeDataset/Bleeding/PNG/14026.png,2
3189,/root/StrokeDataset/Normal/PNG/15081.png,0
3190,/root/StrokeDataset/Normal/PNG/11739.png,0
3191,/root/StrokeDataset/Normal/PNG/11334.png,0
3192,/root/StrokeDataset/Normal/PNG/12994.png,0
3193,/root/StrokeDataset/Normal/PNG/14786.png,0
3194,/root/StrokeDataset/Ischemia/PNG/13393.png,1
3195,/root/StrokeDataset/Ischemia/PNG/12325.png,1
3196,/root/StrokeDataset/Normal/PNG/14997.png,0
3197,/root/StrokeDataset/Ischemia/PNG/11381.png,1
3198,/root/StrokeDataset/Normal/PNG/11758.png,0
3199,/root/StrokeDataset/Normal/PNG/11904.png,0
3200,/root/StrokeDataset/Normal/PNG/13609.png,0
3201,/root/StrokeDataset/Bleeding/PNG/14430.png,2
3202,/root/StrokeDataset/Normal/PNG/15731.png,0
3203,/root/StrokeDataset/Bleeding/PNG/10271.png,2
3204,/root/StrokeDataset/Ischemia/PNG/13025.png,1
3205,/root/StrokeDataset/Bleeding/PNG/13874.png,2
3206,/root/StrokeDataset/Ischemia/PNG/13553.png,1
3207,/root/StrokeDataset/Ischemia/PNG/12500.png,1
3208,/root/StrokeDataset/Normal/PNG/10819.png,0
3209,/root/StrokeDataset/Ischemia/PNG/16181.png,1
3210,/root/StrokeDataset/Normal/PNG/13272.png,0
3211,/root/StrokeDataset/Ischemia/PNG/16184.png,1
3212,/root/StrokeDataset/Normal/PNG/14049.png,0
3213,/root/StrokeDataset/Normal/PNG/11392.png,0
3214,/root/StrokeDataset/Bleeding/PNG/16333.png,2
3215,/root/StrokeDataset/Normal/PNG/10762.png,0
3216,/root/StrokeDataset/Normal/PNG/14785.png,0
3217,/root/StrokeDataset/Bleeding/PNG/15137.png,2
3218,/root/StrokeDataset/Normal/PNG/11437.png,0
3219,/root/StrokeDataset/Ischemia/PNG/15229.png,1
3220,/root/StrokeDataset/Normal/PNG/14650.png,0
3221,/root/StrokeDataset/Bleeding/PNG/14924.png,2
3222,/root/StrokeDataset/Normal/PNG/12822.png,0
3223,/root/StrokeDataset/Normal/PNG/17012.png,0
3224,/root/StrokeDataset/Normal/PNG/13796.png,0
3225,/root/StrokeDataset/Normal/PNG/14937.png,0
3226,/root/StrokeDataset/Ischemia/PNG/15588.png,1
3227,/root/StrokeDataset/Normal/PNG/10112.png,0
3228,/root/StrokeDataset/Ischemia/PNG/14127.png,1
3229,/root/StrokeDataset/Normal/PNG/12505.png,0
3230,/root/StrokeDataset/Ischemia/PNG/11134.png,1
3231,/root/StrokeDataset/Normal/PNG/11141.png,0
3232,/root/StrokeDataset/Bleeding/PNG/17000.png,2
3233,/root/StrokeDataset/Normal/PNG/13117.png,0
3234,/root/StrokeDataset/Ischemia/PNG/13753.png,1
3235,/root/StrokeDataset/Normal/PNG/12293.png,0
3236,/root/StrokeDataset/Normal/PNG/14479.png,0
3237,/root/StrokeDataset/Normal/PNG/11370.png,0
3238,/root/StrokeDataset/Normal/PNG/11791.png,0
3239,/root/StrokeDataset/Ischemia/PNG/10519.png,1
3240,/root/StrokeDataset/Ischemia/PNG/13092.png,1
3241,/root/StrokeDataset/Normal/PNG/11494.png,0
3242,/root/StrokeDataset/Normal/PNG/12670.png,0
3243,/root/StrokeDataset/Bleeding/PNG/13530.png,2
3244,/root/StrokeDataset/Bleeding/PNG/13197.png,2
3245,/root/StrokeDataset/Bleeding/PNG/11715.png,2
3246,/root/StrokeDataset/Ischemia/PNG/16062.png,1
3247,/root/StrokeDataset/Bleeding/PNG/11181.png,2
3248,/root/StrokeDataset/Ischemia/PNG/16420.png,1
3249,/root/StrokeDataset/Normal/PNG/16098.png,0
3250,/root/StrokeDataset/Normal/PNG/14356.png,0
3251,/root/StrokeDataset/Normal/PNG/13213.png,0
3252,/root/StrokeDataset/Normal/PNG/14767.png,0
3253,/root/StrokeDataset/Normal/PNG/15589.png,0
3254,/root/StrokeDataset/Ischemia/PNG/12741.png,1
3255,/root/StrokeDataset/Bleeding/PNG/14686.png,2
3256,/root/StrokeDataset/Normal/PNG/15138.png,0
3257,/root/StrokeDataset/Ischemia/PNG/13100.png,1
3258,/root/StrokeDataset/Bleeding/PNG/13825.png,2
3259,/root/StrokeDataset/Normal/PNG/13373.png,0
3260,/root/StrokeDataset/Normal/PNG/14280.png,0
3261,/root/StrokeDataset/Ischemia/PNG/15336.png,1
3262,/root/StrokeDataset/Normal/PNG/14890.png,0
3263,/root/StrokeDataset/Normal/PNG/12555.png,0
3264,/root/StrokeDataset/Normal/PNG/11057.png,0
3265,/root/StrokeDataset/Normal/PNG/13704.png,0
3266,/root/StrokeDataset/Normal/PNG/14646.png,0
3267,/root/StrokeDataset/Ischemia/PNG/13705.png,1
3268,/root/StrokeDataset/Normal/PNG/15872.png,0
3269,/root/StrokeDataset/Normal/PNG/13862.png,0
3270,/root/StrokeDataset/Normal/PNG/15865.png,0
3271,/root/StrokeDataset/Ischemia/PNG/14173.png,1
3272,/root/StrokeDataset/Normal/PNG/11389.png,0
3273,/root/StrokeDataset/Normal/PNG/11910.png,0
3274,/root/StrokeDataset/Ischemia/PNG/13867.png,1
3275,/root/StrokeDataset/Normal/PNG/13457.png,0
3276,/root/StrokeDataset/Ischemia/PNG/12107.png,1
3277,/root/StrokeDataset/Normal/PNG/13574.png,0
3278,/root/StrokeDataset/Normal/PNG/16551.png,0
3279,/root/StrokeDataset/Ischemia/PNG/16837.png,1
3280,/root/StrokeDataset/Ischemia/PNG/12070.png,1
3281,/root/StrokeDataset/Normal/PNG/16739.png,0
3282,/root/StrokeDataset/Ischemia/PNG/13081.png,1
3283,/root/StrokeDataset/Normal/PNG/11760.png,0
3284,/root/StrokeDataset/Normal/PNG/15106.png,0
3285,/root/StrokeDataset/Normal/PNG/16901.png,0
3286,/root/StrokeDataset/Ischemia/PNG/10867.png,1
3287,/root/StrokeDataset/Normal/PNG/14842.png,0
3288,/root/StrokeDataset/Normal/PNG/16001.png,0
3289,/root/StrokeDataset/Normal/PNG/12213.png,0
3290,/root/StrokeDataset/Normal/PNG/10314.png,0
3291,/root/StrokeDataset/Bleeding/PNG/11743.png,2
3292,/root/StrokeDataset/Bleeding/PNG/13255.png,2
3293,/root/StrokeDataset/Normal/PNG/15938.png,0
3294,/root/StrokeDataset/Ischemia/PNG/11485.png,1
3295,/root/StrokeDataset/Normal/PNG/12687.png,0
3296,/root/StrokeDataset/Normal/PNG/12692.png,0
3297,/root/StrokeDataset/Normal/PNG/11596.png,0
3298,/root/StrokeDataset/Ischemia/PNG/10108.png,1
3299,/root/StrokeDataset/Ischemia/PNG/10755.png,1
3300,/root/StrokeDataset/Normal/PNG/11398.png,0
3301,/root/StrokeDataset/Normal/PNG/10259.png,0
3302,/root/StrokeDataset/Normal/PNG/14879.png,0
3303,/root/StrokeDataset/Bleeding/PNG/11812.png,2
3304,/root/StrokeDataset/Normal/PNG/16444.png,0
3305,/root/StrokeDataset/Bleeding/PNG/16769.png,2
3306,/root/StrokeDataset/Normal/PNG/13093.png,0
3307,/root/StrokeDataset/Normal/PNG/10070.png,0
3308,/root/StrokeDataset/Normal/PNG/14367.png,0
3309,/root/StrokeDataset/Normal/PNG/16938.png,0
3310,/root/StrokeDataset/Bleeding/PNG/14217.png,2
3311,/root/StrokeDataset/Normal/PNG/12399.png,0
3312,/root/StrokeDataset/Normal/PNG/14894.png,0
3313,/root/StrokeDataset/Normal/PNG/11001.png,0
3314,/root/StrokeDataset/Normal/PNG/15176.png,0
3315,/root/StrokeDataset/Bleeding/PNG/10714.png,2
3316,/root/StrokeDataset/Ischemia/PNG/15620.png,1
3317,/root/StrokeDataset/Normal/PNG/14939.png,0
3318,/root/StrokeDataset/Bleeding/PNG/14668.png,2
3319,/root/StrokeDataset/Bleeding/PNG/10190.png,2
3320,/root/StrokeDataset/Normal/PNG/11341.png,0
3321,/root/StrokeDataset/Normal/PNG/11924.png,0
3322,/root/StrokeDataset/Normal/PNG/12327.png,0
3323,/root/StrokeDataset/Normal/PNG/12061.png,0
3324,/root/StrokeDataset/Ischemia/PNG/11956.png,1
3325,/root/StrokeDataset/Normal/PNG/14696.png,0
3326,/root/StrokeDataset/Normal/PNG/16186.png,0
3327,/root/StrokeDataset/Bleeding/PNG/10595.png,2
3328,/root/StrokeDataset/Bleeding/PNG/13868.png,2
3329,/root/StrokeDataset/Normal/PNG/13406.png,0
3330,/root/StrokeDataset/Normal/PNG/16485.png,0
3331,/root/StrokeDataset/Normal/PNG/10239.png,0
3332,/root/StrokeDataset/Bleeding/PNG/12146.png,2
3333,/root/StrokeDataset/Normal/PNG/15885.png,0
3334,/root/StrokeDataset/Ischemia/PNG/11424.png,1
3335,/root/StrokeDataset/Ischemia/PNG/16730.png,1
3336,/root/StrokeDataset/Bleeding/PNG/14677.png,2
3337,/root/StrokeDataset/Bleeding/PNG/11567.png,2
3338,/root/StrokeDataset/Normal/PNG/11630.png,0
3339,/root/StrokeDataset/Normal/PNG/11076.png,0
3340,/root/StrokeDataset/Normal/PNG/13441.png,0
3341,/root/StrokeDataset/Normal/PNG/14429.png,0
3342,/root/StrokeDataset/Normal/PNG/12256.png,0
3343,/root/StrokeDataset/Ischemia/PNG/11086.png,1
3344,/root/StrokeDataset/Normal/PNG/16795.png,0
3345,/root/StrokeDataset/Bleeding/PNG/16479.png,2
3346,/root/StrokeDataset/Normal/PNG/10849.png,0
3347,/root/StrokeDataset/Normal/PNG/10400.png,0
3348,/root/StrokeDataset/Normal/PNG/12591.png,0
3349,/root/StrokeDataset/Normal/PNG/16462.png,0
3350,/root/StrokeDataset/Normal/PNG/12704.png,0
3351,/root/StrokeDataset/Ischemia/PNG/10307.png,1
3352,/root/StrokeDataset/Normal/PNG/14871.png,0
3353,/root/StrokeDataset/Ischemia/PNG/12384.png,1
3354,/root/StrokeDataset/Ischemia/PNG/11275.png,1
3355,/root/StrokeDataset/Normal/PNG/10863.png,0
3356,/root/StrokeDataset/Bleeding/PNG/12928.png,2
3357,/root/StrokeDataset/Normal/PNG/11379.png,0
3358,/root/StrokeDataset/Normal/PNG/15057.png,0
3359,/root/StrokeDataset/Normal/PNG/10383.png,0
3360,/root/StrokeDataset/Normal/PNG/10970.png,0
3361,/root/StrokeDataset/Normal/PNG/14393.png,0
3362,/root/StrokeDataset/Normal/PNG/14255.png,0
3363,/root/StrokeDataset/Ischemia/PNG/12699.png,1
3364,/root/StrokeDataset/Normal/PNG/13571.png,0
3365,/root/StrokeDataset/Normal/PNG/13527.png,0
3366,/root/StrokeDataset/Ischemia/PNG/10367.png,1
3367,/root/StrokeDataset/Ischemia/PNG/14201.png,1
3368,/root/StrokeDataset/Bleeding/PNG/10143.png,2
3369,/root/StrokeDataset/Bleeding/PNG/15825.png,2
3370,/root/StrokeDataset/Normal/PNG/11298.png,0
3371,/root/StrokeDataset/Normal/PNG/12058.png,0
3372,/root/StrokeDataset/Normal/PNG/15205.png,0
3373,/root/StrokeDataset/Normal/PNG/16736.png,0
3374,/root/StrokeDataset/Bleeding/PNG/12584.png,2
3375,/root/StrokeDataset/Normal/PNG/10503.png,0
3376,/root/StrokeDataset/Bleeding/PNG/12510.png,2
3377,/root/StrokeDataset/Normal/PNG/10752.png,0
3378,/root/StrokeDataset/Bleeding/PNG/15386.png,2
3379,/root/StrokeDataset/Normal/PNG/13036.png,0
3380,/root/StrokeDataset/Normal/PNG/10283.png,0
3381,/root/StrokeDataset/Normal/PNG/12517.png,0
3382,/root/StrokeDataset/Bleeding/PNG/15557.png,2
3383,/root/StrokeDataset/Normal/PNG/12259.png,0
3384,/root/StrokeDataset/Normal/PNG/10405.png,0
3385,/root/StrokeDataset/Normal/PNG/16849.png,0
3386,/root/StrokeDataset/Normal/PNG/14271.png,0
3387,/root/StrokeDataset/Normal/PNG/14048.png,0
3388,/root/StrokeDataset/Ischemia/PNG/16752.png,1
3389,/root/StrokeDataset/Normal/PNG/10128.png,0
3390,/root/StrokeDataset/Normal/PNG/14809.png,0
3391,/root/StrokeDataset/Normal/PNG/15108.png,0
3392,/root/StrokeDataset/Normal/PNG/14209.png,0
3393,/root/StrokeDataset/Normal/PNG/11096.png,0
3394,/root/StrokeDataset/Normal/PNG/16422.png,0
3395,/root/StrokeDataset/Normal/PNG/13226.png,0
3396,/root/StrokeDataset/Bleeding/PNG/15100.png,2
3397,/root/StrokeDataset/Normal/PNG/11080.png,0
3398,/root/StrokeDataset/Ischemia/PNG/12850.png,1
3399,/root/StrokeDataset/Normal/PNG/14550.png,0
3400,/root/StrokeDataset/Normal/PNG/16259.png,0
3401,/root/StrokeDataset/Normal/PNG/11203.png,0
3402,/root/StrokeDataset/Normal/PNG/15699.png,0
3403,/root/StrokeDataset/Normal/PNG/12186.png,0
3404,/root/StrokeDataset/Normal/PNG/15565.png,0
3405,/root/StrokeDataset/Ischemia/PNG/15170.png,1
3406,/root/StrokeDataset/Bleeding/PNG/11513.png,2
3407,/root/StrokeDataset/Ischemia/PNG/12677.png,1
3408,/root/StrokeDataset/Normal/PNG/13617.png,0
3409,/root/StrokeDataset/Bleeding/PNG/11919.png,2
3410,/root/StrokeDataset/Normal/PNG/14624.png,0
3411,/root/StrokeDataset/Normal/PNG/16682.png,0
3412,/root/StrokeDataset/Bleeding/PNG/16859.png,2
3413,/root/StrokeDataset/Bleeding/PNG/14082.png,2
3414,/root/StrokeDataset/Normal/PNG/15124.png,0
3415,/root/StrokeDataset/Ischemia/PNG/14174.png,1
3416,/root/StrokeDataset/Normal/PNG/16696.png,0
3417,/root/StrokeDataset/Normal/PNG/15998.png,0
3418,/root/StrokeDataset/Normal/PNG/10358.png,0
3419,/root/StrokeDataset/Ischemia/PNG/11353.png,1
3420,/root/StrokeDataset/Normal/PNG/11407.png,0
3421,/root/StrokeDataset/Normal/PNG/12039.png,0
3422,/root/StrokeDataset/Normal/PNG/13221.png,0
3423,/root/StrokeDataset/Ischemia/PNG/12102.png,1
3424,/root/StrokeDataset/Normal/PNG/16557.png,0
3425,/root/StrokeDataset/Ischemia/PNG/16972.png,1
3426,/root/StrokeDataset/Ischemia/PNG/11139.png,1
3427,/root/StrokeDataset/Bleeding/PNG/16020.png,2
3428,/root/StrokeDataset/Normal/PNG/10042.png,0
3429,/root/StrokeDataset/Bleeding/PNG/11136.png,2
3430,/root/StrokeDataset/Bleeding/PNG/12016.png,2
3431,/root/StrokeDataset/Normal/PNG/12727.png,0
3432,/root/StrokeDataset/Normal/PNG/14692.png,0
3433,/root/StrokeDataset/Normal/PNG/10462.png,0
3434,/root/StrokeDataset/Normal/PNG/11915.png,0
3435,/root/StrokeDataset/Normal/PNG/13851.png,0
3436,/root/StrokeDataset/Normal/PNG/16148.png,0
3437,/root/StrokeDataset/Normal/PNG/13871.png,0
3438,/root/StrokeDataset/Normal/PNG/15425.png,0
3439,/root/StrokeDataset/Normal/PNG/10709.png,0
3440,/root/StrokeDataset/Normal/PNG/11634.png,0
3441,/root/StrokeDataset/Normal/PNG/10344.png,0
3442,/root/StrokeDataset/Normal/PNG/16588.png,0
3443,/root/StrokeDataset/Bleeding/PNG/14537.png,2
3444,/root/StrokeDataset/Normal/PNG/14967.png,0
3445,/root/StrokeDataset/Normal/PNG/12902.png,0
3446,/root/StrokeDataset/Bleeding/PNG/12792.png,2
3447,/root/StrokeDataset/Normal/PNG/11771.png,0
3448,/root/StrokeDataset/Normal/PNG/10163.png,0
3449,/root/StrokeDataset/Normal/PNG/10902.png,0
3450,/root/StrokeDataset/Normal/PNG/11880.png,0
3451,/root/StrokeDataset/Normal/PNG/10827.png,0
3452,/root/StrokeDataset/Normal/PNG/12353.png,0
3453,/root/StrokeDataset/Normal/PNG/14859.png,0
3454,/root/StrokeDataset/Normal/PNG/15285.png,0
3455,/root/StrokeDataset/Normal/PNG/16374.png,0
3456,/root/StrokeDataset/Normal/PNG/12226.png,0
3457,/root/StrokeDataset/Ischemia/PNG/10796.png,1
3458,/root/StrokeDataset/Normal/PNG/10076.png,0
3459,/root/StrokeDataset/Normal/PNG/12803.png,0
3460,/root/StrokeDataset/Bleeding/PNG/15577.png,2
3461,/root/StrokeDataset/Ischemia/PNG/15571.png,1
3462,/root/StrokeDataset/Bleeding/PNG/11112.png,2
3463,/root/StrokeDataset/Normal/PNG/13476.png,0
3464,/root/StrokeDataset/Normal/PNG/16816.png,0
3465,/root/StrokeDataset/Normal/PNG/10727.png,0
3466,/root/StrokeDataset/Normal/PNG/14214.png,0
3467,/root/StrokeDataset/Normal/PNG/12475.png,0
3468,/root/StrokeDataset/Normal/PNG/13990.png,0
3469,/root/StrokeDataset/Ischemia/PNG/11813.png,1
3470,/root/StrokeDataset/Normal/PNG/14615.png,0
3471,/root/StrokeDataset/Normal/PNG/13295.png,0
3472,/root/StrokeDataset/Ischemia/PNG/15202.png,1
3473,/root/StrokeDataset/Ischemia/PNG/16683.png,1
3474,/root/StrokeDataset/Ischemia/PNG/14883.png,1
3475,/root/StrokeDataset/Ischemia/PNG/14551.png,1
3476,/root/StrokeDataset/Normal/PNG/12485.png,0
3477,/root/StrokeDataset/Normal/PNG/16154.png,0
3478,/root/StrokeDataset/Normal/PNG/12798.png,0
3479,/root/StrokeDataset/Normal/PNG/13976.png,0
3480,/root/StrokeDataset/Normal/PNG/15273.png,0
3481,/root/StrokeDataset/Normal/PNG/12972.png,0
3482,/root/StrokeDataset/Normal/PNG/12653.png,0
3483,/root/StrokeDataset/Ischemia/PNG/11209.png,1
3484,/root/StrokeDataset/Normal/PNG/15409.png,0
3485,/root/StrokeDataset/Normal/PNG/13701.png,0
3486,/root/StrokeDataset/Normal/PNG/15357.png,0
3487,/root/StrokeDataset/Normal/PNG/11455.png,0
3488,/root/StrokeDataset/Normal/PNG/15070.png,0
3489,/root/StrokeDataset/Normal/PNG/14205.png,0
3490,/root/StrokeDataset/Bleeding/PNG/12303.png,2
3491,/root/StrokeDataset/Bleeding/PNG/12755.png,2
3492,/root/StrokeDataset/Normal/PNG/11853.png,0
3493,/root/StrokeDataset/Normal/PNG/11330.png,0
3494,/root/StrokeDataset/Normal/PNG/12595.png,0
3495,/root/StrokeDataset/Bleeding/PNG/16681.png,2
3496,/root/StrokeDataset/Normal/PNG/13739.png,0
3497,/root/StrokeDataset/Normal/PNG/12941.png,0
3498,/root/StrokeDataset/Normal/PNG/13153.png,0
3499,/root/StrokeDataset/Bleeding/PNG/13909.png,2
3500,/root/StrokeDataset/Ischemia/PNG/11579.png,1
3501,/root/StrokeDataset/Ischemia/PNG/16864.png,1
3502,/root/StrokeDataset/Normal/PNG/15653.png,0
3503,/root/StrokeDataset/Normal/PNG/11484.png,0
3504,/root/StrokeDataset/Normal/PNG/10711.png,0
3505,/root/StrokeDataset/Normal/PNG/15316.png,0
3506,/root/StrokeDataset/Normal/PNG/13656.png,0
3507,/root/StrokeDataset/Normal/PNG/14761.png,0
3508,/root/StrokeDataset/Normal/PNG/11725.png,0
3509,/root/StrokeDataset/Normal/PNG/12578.png,0
3510,/root/StrokeDataset/Normal/PNG/15341.png,0
3511,/root/StrokeDataset/Normal/PNG/16911.png,0
3512,/root/StrokeDataset/Normal/PNG/16647.png,0
3513,/root/StrokeDataset/Normal/PNG/16963.png,0
3514,/root/StrokeDataset/Ischemia/PNG/11975.png,1
3515,/root/StrokeDataset/Ischemia/PNG/13231.png,1
3516,/root/StrokeDataset/Normal/PNG/10140.png,0
3517,/root/StrokeDataset/Normal/PNG/14392.png,0
3518,/root/StrokeDataset/Bleeding/PNG/14486.png,2
3519,/root/StrokeDataset/Normal/PNG/16738.png,0
3520,/root/StrokeDataset/Bleeding/PNG/15976.png,2
3521,/root/StrokeDataset/Ischemia/PNG/13154.png,1
3522,/root/StrokeDataset/Bleeding/PNG/13642.png,2
3523,/root/StrokeDataset/Bleeding/PNG/11547.png,2
3524,/root/StrokeDataset/Normal/PNG/12458.png,0
3525,/root/StrokeDataset/Normal/PNG/10945.png,0
3526,/root/StrokeDataset/Normal/PNG/12417.png,0
3527,/root/StrokeDataset/Normal/PNG/11842.png,0
3528,/root/StrokeDataset/Normal/PNG/14764.png,0
3529,/root/StrokeDataset/Normal/PNG/15274.png,0
3530,/root/StrokeDataset/Normal/PNG/16370.png,0
3531,/root/StrokeDataset/Normal/PNG/13973.png,0
3532,/root/StrokeDataset/Normal/PNG/15352.png,0
3533,/root/StrokeDataset/Bleeding/PNG/11233.png,2
3534,/root/StrokeDataset/Ischemia/PNG/14545.png,1
3535,/root/StrokeDataset/Bleeding/PNG/13639.png,2
3536,/root/StrokeDataset/Normal/PNG/10004.png,0
3537,/root/StrokeDataset/Bleeding/PNG/11004.png,2
3538,/root/StrokeDataset/Normal/PNG/16291.png,0
3539,/root/StrokeDataset/Ischemia/PNG/14689.png,1
3540,/root/StrokeDataset/Normal/PNG/16185.png,0
3541,/root/StrokeDataset/Ischemia/PNG/14962.png,1
3542,/root/StrokeDataset/Normal/PNG/16111.png,0
3543,/root/StrokeDataset/Bleeding/PNG/10350.png,2
3544,/root/StrokeDataset/Normal/PNG/11576.png,0
3545,/root/StrokeDataset/Normal/PNG/11475.png,0
3546,/root/StrokeDataset/Normal/PNG/13187.png,0
3547,/root/StrokeDataset/Ischemia/PNG/12307.png,1
3548,/root/StrokeDataset/Normal/PNG/11302.png,0
3549,/root/StrokeDataset/Bleeding/PNG/15392.png,2
3550,/root/StrokeDataset/Normal/PNG/13726.png,0
3551,/root/StrokeDataset/Normal/PNG/11438.png,0
3552,/root/StrokeDataset/Normal/PNG/13583.png,0
3553,/root/StrokeDataset/Ischemia/PNG/11195.png,1
3554,/root/StrokeDataset/Normal/PNG/11928.png,0
3555,/root/StrokeDataset/Normal/PNG/10044.png,0
3556,/root/StrokeDataset/Bleeding/PNG/12526.png,2
3557,/root/StrokeDataset/Bleeding/PNG/10866.png,2
3558,/root/StrokeDataset/Normal/PNG/11969.png,0
3559,/root/StrokeDataset/Normal/PNG/12930.png,0
3560,/root/StrokeDataset/Normal/PNG/11550.png,0
3561,/root/StrokeDataset/Ischemia/PNG/15375.png,1
3562,/root/StrokeDataset/Normal/PNG/14250.png,0
3563,/root/StrokeDataset/Normal/PNG/12835.png,0
3564,/root/StrokeDataset/Ischemia/PNG/13364.png,1
3565,/root/StrokeDataset/Bleeding/PNG/15226.png,2
3566,/root/StrokeDataset/Ischemia/PNG/15799.png,1
3567,/root/StrokeDataset/Ischemia/PNG/15677.png,1
3568,/root/StrokeDataset/Bleeding/PNG/16844.png,2
3569,/root/StrokeDataset/Normal/PNG/12921.png,0
3570,/root/StrokeDataset/Normal/PNG/15182.png,0
3571,/root/StrokeDataset/Normal/PNG/11765.png,0
3572,/root/StrokeDataset/Normal/PNG/15644.png,0
3573,/root/StrokeDataset/Bleeding/PNG/11803.png,2
3574,/root/StrokeDataset/Bleeding/PNG/15177.png,2
3575,/root/StrokeDataset/Normal/PNG/12170.png,0
3576,/root/StrokeDataset/Ischemia/PNG/10657.png,1
3577,/root/StrokeDataset/Normal/PNG/12879.png,0
3578,/root/StrokeDataset/Bleeding/PNG/12986.png,2
3579,/root/StrokeDataset/Ischemia/PNG/12470.png,1
3580,/root/StrokeDataset/Normal/PNG/11787.png,0
3581,/root/StrokeDataset/Normal/PNG/11073.png,0
3582,/root/StrokeDataset/Ischemia/PNG/10466.png,1
3583,/root/StrokeDataset/Ischemia/PNG/13115.png,1
3584,/root/StrokeDataset/Normal/PNG/11690.png,0
3585,/root/StrokeDataset/Normal/PNG/16724.png,0
3586,/root/StrokeDataset/Normal/PNG/13900.png,0
3587,/root/StrokeDataset/Normal/PNG/11332.png,0
3588,/root/StrokeDataset/Normal/PNG/10847.png,0
3589,/root/StrokeDataset/Normal/PNG/11759.png,0
3590,/root/StrokeDataset/Normal/PNG/12366.png,0
3591,/root/StrokeDataset/Normal/PNG/12534.png,0
3592,/root/StrokeDataset/Normal/PNG/16135.png,0
3593,/root/StrokeDataset/Normal/PNG/14791.png,0
3594,/root/StrokeDataset/Normal/PNG/15990.png,0
3595,/root/StrokeDataset/Normal/PNG/11236.png,0
3596,/root/StrokeDataset/Normal/PNG/11823.png,0
3597,/root/StrokeDataset/Normal/PNG/14370.png,0
3598,/root/StrokeDataset/Normal/PNG/15995.png,0
3599,/root/StrokeDataset/Normal/PNG/13496.png,0
3600,/root/StrokeDataset/Bleeding/PNG/10033.png,2
3601,/root/StrokeDataset/Normal/PNG/15232.png,0
3602,/root/StrokeDataset/Normal/PNG/12830.png,0
3603,/root/StrokeDataset/Normal/PNG/10608.png,0
3604,/root/StrokeDataset/Normal/PNG/13980.png,0
3605,/root/StrokeDataset/Bleeding/PNG/10688.png,2
3606,/root/StrokeDataset/Bleeding/PNG/11749.png,2
3607,/root/StrokeDataset/Bleeding/PNG/15757.png,2
3608,/root/StrokeDataset/Normal/PNG/13362.png,0
3609,/root/StrokeDataset/Ischemia/PNG/16850.png,1
3610,/root/StrokeDataset/Normal/PNG/16334.png,0
3611,/root/StrokeDataset/Ischemia/PNG/14886.png,1
3612,/root/StrokeDataset/Normal/PNG/15020.png,0
3613,/root/StrokeDataset/Normal/PNG/10565.png,0
3614,/root/StrokeDataset/Normal/PNG/10838.png,0
3615,/root/StrokeDataset/Normal/PNG/11129.png,0
3616,/root/StrokeDataset/Normal/PNG/16526.png,0
3617,/root/StrokeDataset/Normal/PNG/10512.png,0
3618,/root/StrokeDataset/Normal/PNG/13390.png,0
3619,/root/StrokeDataset/Normal/PNG/14092.png,0
3620,/root/StrokeDataset/Normal/PNG/10541.png,0
3621,/root/StrokeDataset/Ischemia/PNG/14067.png,1
3622,/root/StrokeDataset/Bleeding/PNG/16279.png,2
3623,/root/StrokeDataset/Normal/PNG/11507.png,0
3624,/root/StrokeDataset/Normal/PNG/12097.png,0
3625,/root/StrokeDataset/Normal/PNG/16008.png,0
3626,/root/StrokeDataset/Normal/PNG/10530.png,0
3627,/root/StrokeDataset/Normal/PNG/13455.png,0
3628,/root/StrokeDataset/Normal/PNG/15916.png,0
3629,/root/StrokeDataset/Normal/PNG/15594.png,0
3630,/root/StrokeDataset/Normal/PNG/14488.png,0
3631,/root/StrokeDataset/Normal/PNG/13085.png,0
3632,/root/StrokeDataset/Normal/PNG/12846.png,0
3633,/root/StrokeDataset/Normal/PNG/12208.png,0
3634,/root/StrokeDataset/Normal/PNG/16461.png,0
3635,/root/StrokeDataset/Normal/PNG/11216.png,0
3636,/root/StrokeDataset/Bleeding/PNG/12683.png,2
3637,/root/StrokeDataset/Normal/PNG/11722.png,0
3638,/root/StrokeDataset/Normal/PNG/15009.png,0
3639,/root/StrokeDataset/Normal/PNG/11164.png,0
3640,/root/StrokeDataset/Normal/PNG/14261.png,0
3641,/root/StrokeDataset/Normal/PNG/11013.png,0
3642,/root/StrokeDataset/Ischemia/PNG/16698.png,1
3643,/root/StrokeDataset/Normal/PNG/12429.png,0
3644,/root/StrokeDataset/Bleeding/PNG/11930.png,2
3645,/root/StrokeDataset/Normal/PNG/15442.png,0
3646,/root/StrokeDataset/Normal/PNG/13024.png,0
3647,/root/StrokeDataset/Bleeding/PNG/10743.png,2
3648,/root/StrokeDataset/Normal/PNG/13519.png,0
3649,/root/StrokeDataset/Normal/PNG/16656.png,0
3650,/root/StrokeDataset/Bleeding/PNG/13641.png,2
3651,/root/StrokeDataset/Bleeding/PNG/15019.png,2
3652,/root/StrokeDataset/Normal/PNG/10083.png,0
3653,/root/StrokeDataset/Ischemia/PNG/15017.png,1
3654,/root/StrokeDataset/Normal/PNG/13495.png,0
3655,/root/StrokeDataset/Normal/PNG/14682.png,0
3656,/root/StrokeDataset/Normal/PNG/10013.png,0
3657,/root/StrokeDataset/Normal/PNG/16176.png,0
3658,/root/StrokeDataset/Bleeding/PNG/10605.png,2
3659,/root/StrokeDataset/Bleeding/PNG/13799.png,2
3660,/root/StrokeDataset/Normal/PNG/16956.png,0
3661,/root/StrokeDataset/Normal/PNG/16412.png,0
3662,/root/StrokeDataset/Normal/PNG/10617.png,0
3663,/root/StrokeDataset/Normal/PNG/12805.png,0
3664,/root/StrokeDataset/Bleeding/PNG/15791.png,2
3665,/root/StrokeDataset/Ischemia/PNG/16702.png,1
3666,/root/StrokeDataset/Normal/PNG/16598.png,0
3667,/root/StrokeDataset/Normal/PNG/15030.png,0
3668,/root/StrokeDataset/Ischemia/PNG/11799.png,1
3669,/root/StrokeDataset/Normal/PNG/16543.png,0
3670,/root/StrokeDataset/Normal/PNG/10117.png,0
3671,/root/StrokeDataset/Normal/PNG/11064.png,0
3672,/root/StrokeDataset/Normal/PNG/14028.png,0
3673,/root/StrokeDataset/Bleeding/PNG/11206.png,2
3674,/root/StrokeDataset/Normal/PNG/12815.png,0
3675,/root/StrokeDataset/Normal/PNG/13326.png,0
3676,/root/StrokeDataset/Normal/PNG/11376.png,0
3677,/root/StrokeDataset/Bleeding/PNG/11535.png,2
3678,/root/StrokeDataset/Ischemia/PNG/15114.png,1
3679,/root/StrokeDataset/Normal/PNG/11996.png,0
3680,/root/StrokeDataset/Normal/PNG/13147.png,0
3681,/root/StrokeDataset/Normal/PNG/15782.png,0
3682,/root/StrokeDataset/Normal/PNG/15297.png,0
3683,/root/StrokeDataset/Normal/PNG/11218.png,0
3684,/root/StrokeDataset/Normal/PNG/11322.png,0
3685,/root/StrokeDataset/Normal/PNG/14690.png,0
3686,/root/StrokeDataset/Normal/PNG/14532.png,0
3687,/root/StrokeDataset/Normal/PNG/15974.png,0
3688,/root/StrokeDataset/Normal/PNG/14681.png,0
3689,/root/StrokeDataset/Normal/PNG/12959.png,0
3690,/root/StrokeDataset/Bleeding/PNG/12834.png,2
3691,/root/StrokeDataset/Normal/PNG/14753.png,0
3692,/root/StrokeDataset/Ischemia/PNG/16327.png,1
3693,/root/StrokeDataset/Normal/PNG/13422.png,0
3694,/root/StrokeDataset/Normal/PNG/15691.png,0
3695,/root/StrokeDataset/Normal/PNG/11660.png,0
3696,/root/StrokeDataset/Ischemia/PNG/15120.png,1
3697,/root/StrokeDataset/Bleeding/PNG/15814.png,2
3698,/root/StrokeDataset/Normal/PNG/10540.png,0
3699,/root/StrokeDataset/Bleeding/PNG/11941.png,2
3700,/root/StrokeDataset/Normal/PNG/13768.png,0
3701,/root/StrokeDataset/Bleeding/PNG/11518.png,2
3702,/root/StrokeDataset/Normal/PNG/10066.png,0
3703,/root/StrokeDataset/Normal/PNG/12839.png,0
3704,/root/StrokeDataset/Normal/PNG/13264.png,0
3705,/root/StrokeDataset/Normal/PNG/10663.png,0
3706,/root/StrokeDataset/Ischemia/PNG/15848.png,1
3707,/root/StrokeDataset/Ischemia/PNG/11457.png,1
3708,/root/StrokeDataset/Normal/PNG/16517.png,0
3709,/root/StrokeDataset/Normal/PNG/10412.png,0
3710,/root/StrokeDataset/Normal/PNG/15252.png,0
3711,/root/StrokeDataset/Bleeding/PNG/10786.png,2
3712,/root/StrokeDataset/Bleeding/PNG/12414.png,2
3713,/root/StrokeDataset/Normal/PNG/14770.png,0
3714,/root/StrokeDataset/Ischemia/PNG/15278.png,1
3715,/root/StrokeDataset/Ischemia/PNG/15993.png,1
3716,/root/StrokeDataset/Normal/PNG/11953.png,0
3717,/root/StrokeDataset/Normal/PNG/13991.png,0
3718,/root/StrokeDataset/Normal/PNG/11583.png,0
3719,/root/StrokeDataset/Ischemia/PNG/11230.png,1
3720,/root/StrokeDataset/Ischemia/PNG/15988.png,1
3721,/root/StrokeDataset/Bleeding/PNG/10736.png,2
3722,/root/StrokeDataset/Normal/PNG/13920.png,0
3723,/root/StrokeDataset/Ischemia/PNG/13584.png,1
3724,/root/StrokeDataset/Ischemia/PNG/12950.png,1
3725,/root/StrokeDataset/Ischemia/PNG/10981.png,1
3726,/root/StrokeDataset/Normal/PNG/13418.png,0
3727,/root/StrokeDataset/Normal/PNG/11221.png,0
3728,/root/StrokeDataset/Bleeding/PNG/13427.png,2
3729,/root/StrokeDataset/Normal/PNG/11012.png,0
3730,/root/StrokeDataset/Normal/PNG/15404.png,0
3731,/root/StrokeDataset/Normal/PNG/11854.png,0
3732,/root/StrokeDataset/Normal/PNG/14933.png,0
3733,/root/StrokeDataset/Bleeding/PNG/14517.png,2
3734,/root/StrokeDataset/Normal/PNG/14807.png,0
3735,/root/StrokeDataset/Normal/PNG/13993.png,0
3736,/root/StrokeDataset/Normal/PNG/13194.png,0
3737,/root/StrokeDataset/Bleeding/PNG/14340.png,2
3738,/root/StrokeDataset/Bleeding/PNG/14202.png,2
3739,/root/StrokeDataset/Bleeding/PNG/16585.png,2
3740,/root/StrokeDataset/Bleeding/PNG/12343.png,2
3741,/root/StrokeDataset/Normal/PNG/14331.png,0
3742,/root/StrokeDataset/Normal/PNG/14711.png,0
3743,/root/StrokeDataset/Normal/PNG/12397.png,0
3744,/root/StrokeDataset/Ischemia/PNG/16999.png,1
3745,/root/StrokeDataset/Normal/PNG/13470.png,0
3746,/root/StrokeDataset/Ischemia/PNG/10298.png,1
3747,/root/StrokeDataset/Ischemia/PNG/15827.png,1
3748,/root/StrokeDataset/Normal/PNG/10792.png,0
3749,/root/StrokeDataset/Normal/PNG/11709.png,0
3750,/root/StrokeDataset/Normal/PNG/14583.png,0
3751,/root/StrokeDataset/Normal/PNG/13978.png,0
3752,/root/StrokeDataset/Ischemia/PNG/13801.png,1
3753,/root/StrokeDataset/Normal/PNG/16945.png,0
3754,/root/StrokeDataset/Ischemia/PNG/16372.png,1
3755,/root/StrokeDataset/Ischemia/PNG/13511.png,1
3756,/root/StrokeDataset/Normal/PNG/16833.png,0
3757,/root/StrokeDataset/Normal/PNG/12354.png,0
3758,/root/StrokeDataset/Ischemia/PNG/14605.png,1
3759,/root/StrokeDataset/Normal/PNG/15155.png,0
3760,/root/StrokeDataset/Normal/PNG/13136.png,0
3761,/root/StrokeDataset/Bleeding/PNG/12541.png,2
3762,/root/StrokeDataset/Bleeding/PNG/16082.png,2
3763,/root/StrokeDataset/Normal/PNG/10708.png,0
3764,/root/StrokeDataset/Bleeding/PNG/16744.png,2
3765,/root/StrokeDataset/Normal/PNG/13886.png,0
3766,/root/StrokeDataset/Normal/PNG/14473.png,0
3767,/root/StrokeDataset/Normal/PNG/10500.png,0
3768,/root/StrokeDataset/Normal/PNG/10000.png,0
3769,/root/StrokeDataset/Bleeding/PNG/13762.png,2
3770,/root/StrokeDataset/Ischemia/PNG/11300.png,1
3771,/root/StrokeDataset/Bleeding/PNG/11600.png,2
3772,/root/StrokeDataset/Normal/PNG/14958.png,0
3773,/root/StrokeDataset/Normal/PNG/16297.png,0
3774,/root/StrokeDataset/Normal/PNG/15671.png,0
3775,/root/StrokeDataset/Normal/PNG/15971.png,0
3776,/root/StrokeDataset/Ischemia/PNG/15101.png,1
3777,/root/StrokeDataset/Ischemia/PNG/14948.png,1
3778,/root/StrokeDataset/Ischemia/PNG/12618.png,1
3779,/root/StrokeDataset/Ischemia/PNG/15886.png,1
3780,/root/StrokeDataset/Normal/PNG/11702.png,0
3781,/root/StrokeDataset/Normal/PNG/13168.png,0
3782,/root/StrokeDataset/Normal/PNG/11173.png,0
3783,/root/StrokeDataset/Normal/PNG/12592.png,0
3784,/root/StrokeDataset/Bleeding/PNG/13875.png,2
3785,/root/StrokeDataset/Normal/PNG/14448.png,0
3786,/root/StrokeDataset/Normal/PNG/12661.png,0
3787,/root/StrokeDataset/Normal/PNG/12765.png,0
3788,/root/StrokeDataset/Normal/PNG/12065.png,0
3789,/root/StrokeDataset/Normal/PNG/15641.png,0
3790,/root/StrokeDataset/Normal/PNG/16767.png,0
3791,/root/StrokeDataset/Bleeding/PNG/14406.png,2
3792,/root/StrokeDataset/Normal/PNG/15538.png,0
3793,/root/StrokeDataset/Normal/PNG/15837.png,0
3794,/root/StrokeDataset/Bleeding/PNG/13336.png,2
3795,/root/StrokeDataset/Normal/PNG/13630.png,0
3796,/root/StrokeDataset/Normal/PNG/14794.png,0
3797,/root/StrokeDataset/Normal/PNG/15784.png,0
3798,/root/StrokeDataset/Normal/PNG/15612.png,0
3799,/root/StrokeDataset/Normal/PNG/15495.png,0
3800,/root/StrokeDataset/Normal/PNG/11699.png,0
3801,/root/StrokeDataset/Normal/PNG/14226.png,0
3802,/root/StrokeDataset/Bleeding/PNG/12356.png,2
3803,/root/StrokeDataset/Normal/PNG/13198.png,0
3804,/root/StrokeDataset/Normal/PNG/15163.png,0
3805,/root/StrokeDataset/Normal/PNG/11538.png,0
3806,/root/StrokeDataset/Bleeding/PNG/14556.png,2
3807,/root/StrokeDataset/Normal/PNG/12398.png,0
3808,/root/StrokeDataset/Normal/PNG/11648.png,0
3809,/root/StrokeDataset/Normal/PNG/13813.png,0
3810,/root/StrokeDataset/Normal/PNG/13966.png,0
3811,/root/StrokeDataset/Normal/PNG/14844.png,0
3812,/root/StrokeDataset/Ischemia/PNG/13535.png,1
3813,/root/StrokeDataset/Normal/PNG/14218.png,0
3814,/root/StrokeDataset/Ischemia/PNG/13443.png,1
3815,/root/StrokeDataset/Normal/PNG/15705.png,0
3816,/root/StrokeDataset/Bleeding/PNG/10134.png,2
3817,/root/StrokeDataset/Bleeding/PNG/14418.png,2
3818,/root/StrokeDataset/Normal/PNG/10286.png,0
3819,/root/StrokeDataset/Normal/PNG/15890.png,0
3820,/root/StrokeDataset/Bleeding/PNG/14452.png,2
3821,/root/StrokeDataset/Normal/PNG/15041.png,0
3822,/root/StrokeDataset/Ischemia/PNG/15626.png,1
3823,/root/StrokeDataset/Ischemia/PNG/10364.png,1
3824,/root/StrokeDataset/Ischemia/PNG/14296.png,1
3825,/root/StrokeDataset/Bleeding/PNG/11208.png,2
3826,/root/StrokeDataset/Normal/PNG/10177.png,0
3827,/root/StrokeDataset/Ischemia/PNG/10181.png,1
3828,/root/StrokeDataset/Normal/PNG/11857.png,0
3829,/root/StrokeDataset/Bleeding/PNG/11400.png,2
3830,/root/StrokeDataset/Normal/PNG/16294.png,0
3831,/root/StrokeDataset/Normal/PNG/11609.png,0
3832,/root/StrokeDataset/Ischemia/PNG/15695.png,1
3833,/root/StrokeDataset/Bleeding/PNG/11394.png,2
3834,/root/StrokeDataset/Normal/PNG/10592.png,0
3835,/root/StrokeDataset/Normal/PNG/14471.png,0
3836,/root/StrokeDataset/Normal/PNG/10651.png,0
3837,/root/StrokeDataset/Normal/PNG/12861.png,0
3838,/root/StrokeDataset/Normal/PNG/14757.png,0
3839,/root/StrokeDataset/Normal/PNG/16766.png,0
3840,/root/StrokeDataset/Normal/PNG/11833.png,0
3841,/root/StrokeDataset/Normal/PNG/16172.png,0
3842,/root/StrokeDataset/Normal/PNG/12138.png,0
3843,/root/StrokeDataset/Normal/PNG/11044.png,0
3844,/root/StrokeDataset/Ischemia/PNG/14741.png,1
3845,/root/StrokeDataset/Bleeding/PNG/13647.png,2
3846,/root/StrokeDataset/Normal/PNG/10969.png,0
3847,/root/StrokeDataset/Normal/PNG/16754.png,0
3848,/root/StrokeDataset/Normal/PNG/16720.png,0
3849,/root/StrokeDataset/Normal/PNG/11169.png,0
3850,/root/StrokeDataset/Ischemia/PNG/16394.png,1
3851,/root/StrokeDataset/Normal/PNG/14628.png,0
3852,/root/StrokeDataset/Bleeding/PNG/15286.png,2
3853,/root/StrokeDataset/Bleeding/PNG/12324.png,2
3854,/root/StrokeDataset/Ischemia/PNG/10642.png,1
3855,/root/StrokeDataset/Ischemia/PNG/10977.png,1
3856,/root/StrokeDataset/Normal/PNG/14952.png,0
3857,/root/StrokeDataset/Normal/PNG/11589.png,0
3858,/root/StrokeDataset/Normal/PNG/10550.png,0
3859,/root/StrokeDataset/Normal/PNG/10107.png,0
3860,/root/StrokeDataset/Ischemia/PNG/15787.png,1
3861,/root/StrokeDataset/Normal/PNG/14408.png,0
3862,/root/StrokeDataset/Normal/PNG/12147.png,0
3863,/root/StrokeDataset/Normal/PNG/14412.png,0
3864,/root/StrokeDataset/Normal/PNG/14063.png,0
3865,/root/StrokeDataset/Bleeding/PNG/16746.png,2
3866,/root/StrokeDataset/Normal/PNG/13658.png,0
3867,/root/StrokeDataset/Normal/PNG/12273.png,0
3868,/root/StrokeDataset/Bleeding/PNG/12465.png,2
3869,/root/StrokeDataset/Normal/PNG/13652.png,0
3870,/root/StrokeDataset/Normal/PNG/15908.png,0
3871,/root/StrokeDataset/Ischemia/PNG/11478.png,1
3872,/root/StrokeDataset/Normal/PNG/13520.png,0
3873,/root/StrokeDataset/Normal/PNG/15830.png,0
3874,/root/StrokeDataset/Normal/PNG/13355.png,0
3875,/root/StrokeDataset/Normal/PNG/15473.png,0
3876,/root/StrokeDataset/Ischemia/PNG/12173.png,1
3877,/root/StrokeDataset/Normal/PNG/10811.png,0
3878,/root/StrokeDataset/Normal/PNG/13435.png,0
3879,/root/StrokeDataset/Normal/PNG/16959.png,0
3880,/root/StrokeDataset/Ischemia/PNG/10446.png,1
3881,/root/StrokeDataset/Normal/PNG/15187.png,0
3882,/root/StrokeDataset/Normal/PNG/16735.png,0
3883,/root/StrokeDataset/Normal/PNG/14240.png,0
3884,/root/StrokeDataset/Normal/PNG/12030.png,0
3885,/root/StrokeDataset/Normal/PNG/15654.png,0
3886,/root/StrokeDataset/Bleeding/PNG/14178.png,2
3887,/root/StrokeDataset/Bleeding/PNG/15033.png,2
3888,/root/StrokeDataset/Normal/PNG/11102.png,0
3889,/root/StrokeDataset/Normal/PNG/15334.png,0
3890,/root/StrokeDataset/Normal/PNG/13363.png,0
3891,/root/StrokeDataset/Normal/PNG/12252.png,0
3892,/root/StrokeDataset/Normal/PNG/13718.png,0
3893,/root/StrokeDataset/Normal/PNG/12400.png,0
3894,/root/StrokeDataset/Normal/PNG/10607.png,0
3895,/root/StrokeDataset/Ischemia/PNG/15682.png,1
3896,/root/StrokeDataset/Bleeding/PNG/10888.png,2
3897,/root/StrokeDataset/Normal/PNG/11458.png,0
3898,/root/StrokeDataset/Ischemia/PNG/16645.png,1
3899,/root/StrokeDataset/Ischemia/PNG/13491.png,1
3900,/root/StrokeDataset/Ischemia/PNG/13992.png,1
3901,/root/StrokeDataset/Normal/PNG/14702.png,0
3902,/root/StrokeDataset/Normal/PNG/15259.png,0
3903,/root/StrokeDataset/Ischemia/PNG/13727.png,1
3904,/root/StrokeDataset/Ischemia/PNG/11657.png,1
3905,/root/StrokeDataset/Ischemia/PNG/13261.png,1
3906,/root/StrokeDataset/Normal/PNG/13628.png,0
3907,/root/StrokeDataset/Normal/PNG/10295.png,0
3908,/root/StrokeDataset/Normal/PNG/10995.png,0
3909,/root/StrokeDataset/Normal/PNG/16898.png,0
3910,/root/StrokeDataset/Normal/PNG/12646.png,0
3911,/root/StrokeDataset/Bleeding/PNG/11830.png,2
3912,/root/StrokeDataset/Normal/PNG/11804.png,0
3913,/root/StrokeDataset/Bleeding/PNG/10317.png,2
3914,/root/StrokeDataset/Normal/PNG/12520.png,0
3915,/root/StrokeDataset/Normal/PNG/10636.png,0
3916,/root/StrokeDataset/Ischemia/PNG/16931.png,1
3917,/root/StrokeDataset/Ischemia/PNG/14204.png,1
3918,/root/StrokeDataset/Bleeding/PNG/14287.png,2
3919,/root/StrokeDataset/Normal/PNG/16074.png,0
3920,/root/StrokeDataset/Normal/PNG/15758.png,0
3921,/root/StrokeDataset/Normal/PNG/13918.png,0
3922,/root/StrokeDataset/Normal/PNG/15582.png,0
3923,/root/StrokeDataset/Normal/PNG/10051.png,0
3924,/root/StrokeDataset/Bleeding/PNG/16323.png,2
3925,/root/StrokeDataset/Normal/PNG/11502.png,0
3926,/root/StrokeDataset/Normal/PNG/16509.png,0
3927,/root/StrokeDataset/Normal/PNG/13552.png,0
3928,/root/StrokeDataset/Normal/PNG/12378.png,0
3929,/root/StrokeDataset/Normal/PNG/12133.png,0
3930,/root/StrokeDataset/Normal/PNG/14727.png,0
3931,/root/StrokeDataset/Normal/PNG/10299.png,0
3932,/root/StrokeDataset/Normal/PNG/13319.png,0
3933,/root/StrokeDataset/Normal/PNG/16709.png,0
3934,/root/StrokeDataset/Bleeding/PNG/12794.png,2
3935,/root/StrokeDataset/Normal/PNG/10439.png,0
3936,/root/StrokeDataset/Normal/PNG/11884.png,0
3937,/root/StrokeDataset/Bleeding/PNG/12943.png,2
3938,/root/StrokeDataset/Normal/PNG/11849.png,0
3939,/root/StrokeDataset/Ischemia/PNG/10600.png,1
3940,/root/StrokeDataset/Ischemia/PNG/13922.png,1
3941,/root/StrokeDataset/Normal/PNG/16194.png,0
3942,/root/StrokeDataset/Normal/PNG/14090.png,0
3943,/root/StrokeDataset/Normal/PNG/13141.png,0
3944,/root/StrokeDataset/Bleeding/PNG/11716.png,2
3945,/root/StrokeDataset/Normal/PNG/14044.png,0
3946,/root/StrokeDataset/Normal/PNG/14779.png,0
3947,/root/StrokeDataset/Normal/PNG/16379.png,0
3948,/root/StrokeDataset/Normal/PNG/16421.png,0
3949,/root/StrokeDataset/Normal/PNG/11872.png,0
3950,/root/StrokeDataset/Bleeding/PNG/13067.png,2
3951,/root/StrokeDataset/Bleeding/PNG/16538.png,2
3952,/root/StrokeDataset/Normal/PNG/14693.png,0
3953,/root/StrokeDataset/Ischemia/PNG/10263.png,1
3954,/root/StrokeDataset/Normal/PNG/15447.png,0
3955,/root/StrokeDataset/Ischemia/PNG/12703.png,1
3956,/root/StrokeDataset/Normal/PNG/11519.png,0
3957,/root/StrokeDataset/Normal/PNG/12802.png,0
3958,/root/StrokeDataset/Normal/PNG/16944.png,0
3959,/root/StrokeDataset/Normal/PNG/10606.png,0
3960,/root/StrokeDataset/Bleeding/PNG/12388.png,2
3961,/root/StrokeDataset/Normal/PNG/16283.png,0
3962,/root/StrokeDataset/Normal/PNG/12210.png,0
3963,/root/StrokeDataset/Normal/PNG/15634.png,0
3964,/root/StrokeDataset/Ischemia/PNG/17019.png,1
3965,/root/StrokeDataset/Normal/PNG/12432.png,0
3966,/root/StrokeDataset/Normal/PNG/13558.png,0
3967,/root/StrokeDataset/Normal/PNG/10090.png,0
3968,/root/StrokeDataset/Bleeding/PNG/16272.png,2
3969,/root/StrokeDataset/Ischemia/PNG/10538.png,1
3970,/root/StrokeDataset/Normal/PNG/15502.png,0
3971,/root/StrokeDataset/Normal/PNG/14866.png,0
3972,/root/StrokeDataset/Normal/PNG/15389.png,0
3973,/root/StrokeDataset/Normal/PNG/12308.png,0
3974,/root/StrokeDataset/Normal/PNG/13532.png,0
3975,/root/StrokeDataset/Normal/PNG/16123.png,0
3976,/root/StrokeDataset/Normal/PNG/15707.png,0
3977,/root/StrokeDataset/Normal/PNG/15874.png,0
3978,/root/StrokeDataset/Normal/PNG/14813.png,0
3979,/root/StrokeDataset/Normal/PNG/13835.png,0
3980,/root/StrokeDataset/Ischemia/PNG/11008.png,1
3981,/root/StrokeDataset/Ischemia/PNG/10289.png,1
3982,/root/StrokeDataset/Normal/PNG/10213.png,0
3983,/root/StrokeDataset/Bleeding/PNG/12893.png,2
3984,/root/StrokeDataset/Normal/PNG/14709.png,0
3985,/root/StrokeDataset/Ischemia/PNG/12299.png,1
3986,/root/StrokeDataset/Normal/PNG/10621.png,0
3987,/root/StrokeDataset/Normal/PNG/15079.png,0
3988,/root/StrokeDataset/Normal/PNG/13299.png,0
3989,/root/StrokeDataset/Ischemia/PNG/14731.png,1
3990,/root/StrokeDataset/Ischemia/PNG/12159.png,1
3991,/root/StrokeDataset/Normal/PNG/16056.png,0
3992,/root/StrokeDataset/Normal/PNG/14854.png,0
3993,/root/StrokeDataset/Normal/PNG/14895.png,0
3994,/root/StrokeDataset/Bleeding/PNG/12390.png,2
3995,/root/StrokeDataset/Normal/PNG/15311.png,0
3996,/root/StrokeDataset/Normal/PNG/15961.png,0
3997,/root/StrokeDataset/Normal/PNG/13437.png,0
3998,/root/StrokeDataset/Bleeding/PNG/11065.png,2
3999,/root/StrokeDataset/Ischemia/PNG/15941.png,1
4000,/root/StrokeDataset/Ischemia/PNG/10705.png,1
4001,/root/StrokeDataset/Normal/PNG/10100.png,0
4002,/root/StrokeDataset/Ischemia/PNG/14512.png,1
4003,/root/StrokeDataset/Ischemia/PNG/16450.png,1
4004,/root/StrokeDataset/Normal/PNG/14294.png,0
4005,/root/StrokeDataset/Normal/PNG/11277.png,0
4006,/root/StrokeDataset/Normal/PNG/13854.png,0
4007,/root/StrokeDataset/Ischemia/PNG/11211.png,1
4008,/root/StrokeDataset/Ischemia/PNG/12298.png,1
4009,/root/StrokeDataset/Normal/PNG/14530.png,0
4010,/root/StrokeDataset/Normal/PNG/14194.png,0
4011,/root/StrokeDataset/Normal/PNG/11921.png,0
4012,/root/StrokeDataset/Normal/PNG/14160.png,0
4013,/root/StrokeDataset/Normal/PNG/13526.png,0
4014,/root/StrokeDataset/Normal/PNG/15931.png,0
4015,/root/StrokeDataset/Normal/PNG/16504.png,0
4016,/root/StrokeDataset/Normal/PNG/10929.png,0
4017,/root/StrokeDataset/Normal/PNG/10874.png,0
4018,/root/StrokeDataset/Normal/PNG/10632.png,0
4019,/root/StrokeDataset/Bleeding/PNG/12909.png,2
4020,/root/StrokeDataset/Normal/PNG/13962.png,0
4021,/root/StrokeDataset/Normal/PNG/13126.png,0
4022,/root/StrokeDataset/Bleeding/PNG/10510.png,2
4023,/root/StrokeDataset/Normal/PNG/13950.png,0
4024,/root/StrokeDataset/Ischemia/PNG/12714.png,1
4025,/root/StrokeDataset/Ischemia/PNG/15689.png,1
4026,/root/StrokeDataset/Ischemia/PNG/14424.png,1
4027,/root/StrokeDataset/Normal/PNG/12223.png,0
4028,/root/StrokeDataset/Bleeding/PNG/13054.png,2
4029,/root/StrokeDataset/Normal/PNG/15385.png,0
4030,/root/StrokeDataset/Bleeding/PNG/12572.png,2
4031,/root/StrokeDataset/Bleeding/PNG/16418.png,2
4032,/root/StrokeDataset/Bleeding/PNG/11350.png,2
4033,/root/StrokeDataset/Normal/PNG/14518.png,0
4034,/root/StrokeDataset/Normal/PNG/14654.png,0
4035,/root/StrokeDataset/Normal/PNG/16899.png,0
4036,/root/StrokeDataset/Normal/PNG/13312.png,0
4037,/root/StrokeDataset/Bleeding/PNG/12819.png,2
4038,/root/StrokeDataset/Normal/PNG/16145.png,0
4039,/root/StrokeDataset/Bleeding/PNG/14041.png,2
4040,/root/StrokeDataset/Normal/PNG/16010.png,0
4041,/root/StrokeDataset/Normal/PNG/11030.png,0
4042,/root/StrokeDataset/Normal/PNG/10590.png,0
4043,/root/StrokeDataset/Normal/PNG/15667.png,0
4044,/root/StrokeDataset/Normal/PNG/15881.png,0
4045,/root/StrokeDataset/Normal/PNG/13320.png,0
4046,/root/StrokeDataset/Ischemia/PNG/11393.png,1
4047,/root/StrokeDataset/Normal/PNG/15080.png,0
4048,/root/StrokeDataset/Bleeding/PNG/15963.png,2
4049,/root/StrokeDataset/Normal/PNG/11116.png,0
4050,/root/StrokeDataset/Ischemia/PNG/14159.png,1
4051,/root/StrokeDataset/Ischemia/PNG/13968.png,1
4052,/root/StrokeDataset/Normal/PNG/13277.png,0
4053,/root/StrokeDataset/Bleeding/PNG/16237.png,2
4054,/root/StrokeDataset/Normal/PNG/10966.png,0
4055,/root/StrokeDataset/Normal/PNG/11752.png,0
4056,/root/StrokeDataset/Bleeding/PNG/13178.png,2
4057,/root/StrokeDataset/Ischemia/PNG/14949.png,1
4058,/root/StrokeDataset/Normal/PNG/16794.png,0
4059,/root/StrokeDataset/Ischemia/PNG/12059.png,1
4060,/root/StrokeDataset/Normal/PNG/11037.png,0
4061,/root/StrokeDataset/Normal/PNG/14333.png,0
4062,/root/StrokeDataset/Normal/PNG/12649.png,0
4063,/root/StrokeDataset/Normal/PNG/12410.png,0
4064,/root/StrokeDataset/Normal/PNG/12937.png,0
4065,/root/StrokeDataset/Normal/PNG/15269.png,0
4066,/root/StrokeDataset/Normal/PNG/15417.png,0
4067,/root/StrokeDataset/Ischemia/PNG/15166.png,1
4068,/root/StrokeDataset/Normal/PNG/12663.png,0
4069,/root/StrokeDataset/Bleeding/PNG/13695.png,2
4070,/root/StrokeDataset/Ischemia/PNG/15347.png,1
4071,/root/StrokeDataset/Normal/PNG/14299.png,0
4072,/root/StrokeDataset/Ischemia/PNG/14954.png,1
4073,/root/StrokeDataset/Normal/PNG/10009.png,0
4074,/root/StrokeDataset/Ischemia/PNG/16668.png,1
4075,/root/StrokeDataset/Normal/PNG/11824.png,0
4076,/root/StrokeDataset/Normal/PNG/13589.png,0
4077,/root/StrokeDataset/Normal/PNG/13351.png,0
4078,/root/StrokeDataset/Bleeding/PNG/13543.png,2
4079,/root/StrokeDataset/Normal/PNG/13634.png,0
4080,/root/StrokeDataset/Bleeding/PNG/10222.png,2
4081,/root/StrokeDataset/Ischemia/PNG/10024.png,1
4082,/root/StrokeDataset/Ischemia/PNG/10561.png,1
4083,/root/StrokeDataset/Normal/PNG/15600.png,0
4084,/root/StrokeDataset/Ischemia/PNG/13091.png,1
4085,/root/StrokeDataset/Normal/PNG/15780.png,0
4086,/root/StrokeDataset/Normal/PNG/16562.png,0
4087,/root/StrokeDataset/Normal/PNG/11198.png,0
4088,/root/StrokeDataset/Bleeding/PNG/12033.png,2
4089,/root/StrokeDataset/Bleeding/PNG/14265.png,2
4090,/root/StrokeDataset/Normal/PNG/14733.png,0
4091,/root/StrokeDataset/Normal/PNG/11527.png,0
4092,/root/StrokeDataset/Ischemia/PNG/12217.png,1
4093,/root/StrokeDataset/Normal/PNG/15354.png,0
4094,/root/StrokeDataset/Normal/PNG/11454.png,0
4095,/root/StrokeDataset/Normal/PNG/10692.png,0
4096,/root/StrokeDataset/Normal/PNG/12211.png,0
4097,/root/StrokeDataset/Ischemia/PNG/13952.png,1
4098,/root/StrokeDataset/Ischemia/PNG/11235.png,1
4099,/root/StrokeDataset/Normal/PNG/15294.png,0
4100,/root/StrokeDataset/Ischemia/PNG/14322.png,1
4101,/root/StrokeDataset/Ischemia/PNG/12859.png,1
4102,/root/StrokeDataset/Normal/PNG/10413.png,0
4103,/root/StrokeDataset/Bleeding/PNG/16889.png,2
4104,/root/StrokeDataset/Normal/PNG/15314.png,0
4105,/root/StrokeDataset/Normal/PNG/11645.png,0
4106,/root/StrokeDataset/Normal/PNG/13676.png,0
4107,/root/StrokeDataset/Normal/PNG/15035.png,0
4108,/root/StrokeDataset/Normal/PNG/11947.png,0
4109,/root/StrokeDataset/Bleeding/PNG/12006.png,2
4110,/root/StrokeDataset/Normal/PNG/15326.png,0
4111,/root/StrokeDataset/Normal/PNG/11070.png,0
4112,/root/StrokeDataset/Normal/PNG/12272.png,0
4113,/root/StrokeDataset/Ischemia/PNG/16287.png,1
4114,/root/StrokeDataset/Normal/PNG/10257.png,0
4115,/root/StrokeDataset/Bleeding/PNG/15776.png,2
4116,/root/StrokeDataset/Normal/PNG/14888.png,0
4117,/root/StrokeDataset/Bleeding/PNG/11143.png,2
4118,/root/StrokeDataset/Normal/PNG/15544.png,0
4119,/root/StrokeDataset/Normal/PNG/13397.png,0
4120,/root/StrokeDataset/Normal/PNG/11003.png,0
4121,/root/StrokeDataset/Bleeding/PNG/16094.png,2
4122,/root/StrokeDataset/Bleeding/PNG/12284.png,2
4123,/root/StrokeDataset/Normal/PNG/12408.png,0
4124,/root/StrokeDataset/Normal/PNG/15172.png,0
4125,/root/StrokeDataset/Normal/PNG/11385.png,0
4126,/root/StrokeDataset/Normal/PNG/15243.png,0
4127,/root/StrokeDataset/Normal/PNG/13472.png,0
4128,/root/StrokeDataset/Ischemia/PNG/14047.png,1
4129,/root/StrokeDataset/Normal/PNG/12020.png,0
4130,/root/StrokeDataset/Normal/PNG/14917.png,0
4131,/root/StrokeDataset/Normal/PNG/11572.png,0
4132,/root/StrokeDataset/Bleeding/PNG/12358.png,2
4133,/root/StrokeDataset/Normal/PNG/12160.png,0
4134,/root/StrokeDataset/Normal/PNG/13098.png,0
4135,/root/StrokeDataset/Normal/PNG/16136.png,0
4136,/root/StrokeDataset/Ischemia/PNG/11821.png,1
4137,/root/StrokeDataset/Normal/PNG/14938.png,0
4138,/root/StrokeDataset/Normal/PNG/13669.png,0
4139,/root/StrokeDataset/Normal/PNG/15005.png,0
4140,/root/StrokeDataset/Normal/PNG/11777.png,0
4141,/root/StrokeDataset/Normal/PNG/15968.png,0
4142,/root/StrokeDataset/Normal/PNG/16087.png,0
4143,/root/StrokeDataset/Normal/PNG/14995.png,0
4144,/root/StrokeDataset/Normal/PNG/14720.png,0
4145,/root/StrokeDataset/Normal/PNG/14009.png,0
4146,/root/StrokeDataset/Ischemia/PNG/13894.png,1
4147,/root/StrokeDataset/Normal/PNG/14064.png,0
4148,/root/StrokeDataset/Bleeding/PNG/10816.png,2
4149,/root/StrokeDataset/Bleeding/PNG/16326.png,2
4150,/root/StrokeDataset/Normal/PNG/10186.png,0
4151,/root/StrokeDataset/Bleeding/PNG/14080.png,2
4152,/root/StrokeDataset/Normal/PNG/12464.png,0
4153,/root/StrokeDataset/Normal/PNG/15345.png,0
4154,/root/StrokeDataset/Normal/PNG/14814.png,0
4155,/root/StrokeDataset/Bleeding/PNG/10194.png,2
4156,/root/StrokeDataset/Normal/PNG/11396.png,0
4157,/root/StrokeDataset/Normal/PNG/16757.png,0
4158,/root/StrokeDataset/Normal/PNG/11877.png,0
4159,/root/StrokeDataset/Bleeding/PNG/10955.png,2
4160,/root/StrokeDataset/Normal/PNG/12326.png,0
4161,/root/StrokeDataset/Normal/PNG/16093.png,0
4162,/root/StrokeDataset/Bleeding/PNG/14061.png,2
4163,/root/StrokeDataset/Normal/PNG/11309.png,0
4164,/root/StrokeDataset/Normal/PNG/15056.png,0
4165,/root/StrokeDataset/Normal/PNG/10979.png,0
4166,/root/StrokeDataset/Ischemia/PNG/11655.png,1
4167,/root/StrokeDataset/Normal/PNG/13603.png,0
4168,/root/StrokeDataset/Normal/PNG/16909.png,0
4169,/root/StrokeDataset/Normal/PNG/15730.png,0
4170,/root/StrokeDataset/Ischemia/PNG/10363.png,1
4171,/root/StrokeDataset/Bleeding/PNG/14992.png,2
4172,/root/StrokeDataset/Ischemia/PNG/15527.png,1
4173,/root/StrokeDataset/Ischemia/PNG/14137.png,1
4174,/root/StrokeDataset/Normal/PNG/14470.png,0
4175,/root/StrokeDataset/Normal/PNG/12176.png,0
4176,/root/StrokeDataset/Bleeding/PNG/15841.png,2
4177,/root/StrokeDataset/Normal/PNG/15192.png,0
4178,/root/StrokeDataset/Bleeding/PNG/13478.png,2
4179,/root/StrokeDataset/Ischemia/PNG/16301.png,1
4180,/root/StrokeDataset/Normal/PNG/16804.png,0
4181,/root/StrokeDataset/Normal/PNG/16858.png,0
4182,/root/StrokeDataset/Normal/PNG/13268.png,0
4183,/root/StrokeDataset/Normal/PNG/16037.png,0
4184,/root/StrokeDataset/Normal/PNG/11158.png,0
4185,/root/StrokeDataset/Bleeding/PNG/16109.png,2
4186,/root/StrokeDataset/Normal/PNG/13234.png,0
4187,/root/StrokeDataset/Normal/PNG/13398.png,0
4188,/root/StrokeDataset/Normal/PNG/11546.png,0
4189,/root/StrokeDataset/Normal/PNG/16997.png,0
4190,/root/StrokeDataset/Ischemia/PNG/13248.png,1
4191,/root/StrokeDataset/Normal/PNG/16521.png,0
4192,/root/StrokeDataset/Normal/PNG/15774.png,0
4193,/root/StrokeDataset/Normal/PNG/16078.png,0
4194,/root/StrokeDataset/Normal/PNG/16042.png,0
4195,/root/StrokeDataset/Normal/PNG/10215.png,0
4196,/root/StrokeDataset/Normal/PNG/17030.png,0
4197,/root/StrokeDataset/Ischemia/PNG/13344.png,1
4198,/root/StrokeDataset/Normal/PNG/15092.png,0
4199,/root/StrokeDataset/Ischemia/PNG/12521.png,1
4200,/root/StrokeDataset/Normal/PNG/12991.png,0
4201,/root/StrokeDataset/Normal/PNG/15781.png,0
4202,/root/StrokeDataset/Normal/PNG/15810.png,0
4203,/root/StrokeDataset/Normal/PNG/10982.png,0
4204,/root/StrokeDataset/Normal/PNG/13482.png,0
4205,/root/StrokeDataset/Ischemia/PNG/11153.png,1
4206,/root/StrokeDataset/Normal/PNG/12673.png,0
4207,/root/StrokeDataset/Ischemia/PNG/13925.png,1
4208,/root/StrokeDataset/Normal/PNG/11150.png,0
4209,/root/StrokeDataset/Ischemia/PNG/16330.png,1
4210,/root/StrokeDataset/Normal/PNG/15934.png,0
4211,/root/StrokeDataset/Bleeding/PNG/12423.png,2
4212,/root/StrokeDataset/Normal/PNG/14817.png,0
4213,/root/StrokeDataset/Normal/PNG/13700.png,0
4214,/root/StrokeDataset/Normal/PNG/15084.png,0
4215,/root/StrokeDataset/Normal/PNG/12239.png,0
4216,/root/StrokeDataset/Normal/PNG/13068.png,0
4217,/root/StrokeDataset/Normal/PNG/13080.png,0
4218,/root/StrokeDataset/Bleeding/PNG/13413.png,2
4219,/root/StrokeDataset/Normal/PNG/12480.png,0
4220,/root/StrokeDataset/Normal/PNG/11087.png,0
4221,/root/StrokeDataset/Bleeding/PNG/12960.png,2
4222,/root/StrokeDataset/Ischemia/PNG/15426.png,1
4223,/root/StrokeDataset/Normal/PNG/14811.png,0
4224,/root/StrokeDataset/Normal/PNG/15233.png,0
4225,/root/StrokeDataset/Bleeding/PNG/15014.png,2
4226,/root/StrokeDataset/Ischemia/PNG/14673.png,1
4227,/root/StrokeDataset/Normal/PNG/16535.png,0
4228,/root/StrokeDataset/Normal/PNG/15002.png,0
4229,/root/StrokeDataset/Bleeding/PNG/13140.png,2
4230,/root/StrokeDataset/Ischemia/PNG/12563.png,1
4231,/root/StrokeDataset/Normal/PNG/11672.png,0
4232,/root/StrokeDataset/Normal/PNG/13921.png,0
4233,/root/StrokeDataset/Normal/PNG/10199.png,0
4234,/root/StrokeDataset/Normal/PNG/12088.png,0
4235,/root/StrokeDataset/Bleeding/PNG/14016.png,2
4236,/root/StrokeDataset/Normal/PNG/17008.png,0
4237,/root/StrokeDataset/Normal/PNG/13328.png,0
4238,/root/StrokeDataset/Normal/PNG/12970.png,0
4239,/root/StrokeDataset/Normal/PNG/15206.png,0
4240,/root/StrokeDataset/Normal/PNG/12140.png,0
4241,/root/StrokeDataset/Ischemia/PNG/14526.png,1
4242,/root/StrokeDataset/Normal/PNG/12109.png,0
4243,/root/StrokeDataset/Ischemia/PNG/12965.png,1
4244,/root/StrokeDataset/Bleeding/PNG/16780.png,2
4245,/root/StrokeDataset/Ischemia/PNG/13158.png,1
4246,/root/StrokeDataset/Normal/PNG/12896.png,0
4247,/root/StrokeDataset/Ischemia/PNG/16673.png,1
4248,/root/StrokeDataset/Normal/PNG/14461.png,0
4249,/root/StrokeDataset/Normal/PNG/13475.png,0
4250,/root/StrokeDataset/Normal/PNG/16500.png,0
4251,/root/StrokeDataset/Bleeding/PNG/15546.png,2
4252,/root/StrokeDataset/Normal/PNG/15193.png,0
4253,/root/StrokeDataset/Normal/PNG/13107.png,0
4254,/root/StrokeDataset/Normal/PNG/16733.png,0
4255,/root/StrokeDataset/Bleeding/PNG/14609.png,2
4256,/root/StrokeDataset/Bleeding/PNG/14627.png,2
4257,/root/StrokeDataset/Ischemia/PNG/16384.png,1
4258,/root/StrokeDataset/Bleeding/PNG/14013.png,2
4259,/root/StrokeDataset/Normal/PNG/10886.png,0
4260,/root/StrokeDataset/Normal/PNG/10776.png,0
4261,/root/StrokeDataset/Normal/PNG/10882.png,0
4262,/root/StrokeDataset/Normal/PNG/11186.png,0
4263,/root/StrokeDataset/Normal/PNG/12457.png,0
4264,/root/StrokeDataset/Normal/PNG/15786.png,0
4265,/root/StrokeDataset/Normal/PNG/15374.png,0
4266,/root/StrokeDataset/Ischemia/PNG/16214.png,1
4267,/root/StrokeDataset/Normal/PNG/13057.png,0
4268,/root/StrokeDataset/Normal/PNG/14199.png,0
4269,/root/StrokeDataset/Normal/PNG/10515.png,0
4270,/root/StrokeDataset/Bleeding/PNG/12315.png,2
4271,/root/StrokeDataset/Normal/PNG/16289.png,0
4272,/root/StrokeDataset/Normal/PNG/14921.png,0
4273,/root/StrokeDataset/Normal/PNG/14806.png,0
4274,/root/StrokeDataset/Normal/PNG/14959.png,0
4275,/root/StrokeDataset/Normal/PNG/15188.png,0
4276,/root/StrokeDataset/Normal/PNG/13690.png,0
4277,/root/StrokeDataset/Ischemia/PNG/15328.png,1
4278,/root/StrokeDataset/Ischemia/PNG/15439.png,1
4279,/root/StrokeDataset/Normal/PNG/11130.png,0
4280,/root/StrokeDataset/Normal/PNG/14860.png,0
4281,/root/StrokeDataset/Normal/PNG/16351.png,0
4282,/root/StrokeDataset/Normal/PNG/11977.png,0
4283,/root/StrokeDataset/Normal/PNG/11056.png,0
4284,/root/StrokeDataset/Ischemia/PNG/13650.png,1
4285,/root/StrokeDataset/Normal/PNG/13190.png,0
4286,/root/StrokeDataset/Normal/PNG/13292.png,0
4287,/root/StrokeDataset/Ischemia/PNG/11733.png,1
4288,/root/StrokeDataset/Normal/PNG/11661.png,0
4289,/root/StrokeDataset/Ischemia/PNG/10202.png,1
4290,/root/StrokeDataset/Normal/PNG/14521.png,0
4291,/root/StrokeDataset/Normal/PNG/15249.png,0
4292,/root/StrokeDataset/Bleeding/PNG/10865.png,2
4293,/root/StrokeDataset/Ischemia/PNG/12919.png,1
4294,/root/StrokeDataset/Normal/PNG/12201.png,0
4295,/root/StrokeDataset/Normal/PNG/15980.png,0
4296,/root/StrokeDataset/Normal/PNG/14531.png,0
4297,/root/StrokeDataset/Normal/PNG/12849.png,0
4298,/root/StrokeDataset/Normal/PNG/12515.png,0
4299,/root/StrokeDataset/Ischemia/PNG/13275.png,1
4300,/root/StrokeDataset/Normal/PNG/13743.png,0
4301,/root/StrokeDataset/Normal/PNG/11802.png,0
4302,/root/StrokeDataset/Ischemia/PNG/10513.png,1
4303,/root/StrokeDataset/Normal/PNG/16497.png,0
4304,/root/StrokeDataset/Normal/PNG/15238.png,0
4305,/root/StrokeDataset/Ischemia/PNG/11284.png,1
4306,/root/StrokeDataset/Ischemia/PNG/15965.png,1
4307,/root/StrokeDataset/Normal/PNG/14357.png,0
4308,/root/StrokeDataset/Normal/PNG/14636.png,0
4309,/root/StrokeDataset/Normal/PNG/14695.png,0
4310,/root/StrokeDataset/Normal/PNG/14976.png,0
4311,/root/StrokeDataset/Normal/PNG/16275.png,0
4312,/root/StrokeDataset/Normal/PNG/14876.png,0
4313,/root/StrokeDataset/Normal/PNG/12623.png,0
4314,/root/StrokeDataset/Bleeding/PNG/10921.png,2
4315,/root/StrokeDataset/Normal/PNG/10551.png,0
4316,/root/StrokeDataset/Normal/PNG/10978.png,0
4317,/root/StrokeDataset/Bleeding/PNG/14311.png,2
4318,/root/StrokeDataset/Normal/PNG/10302.png,0
4319,/root/StrokeDataset/Bleeding/PNG/17028.png,2
4320,/root/StrokeDataset/Normal/PNG/16079.png,0
4321,/root/StrokeDataset/Normal/PNG/13518.png,0
4322,/root/StrokeDataset/Normal/PNG/10443.png,0
4323,/root/StrokeDataset/Ischemia/PNG/12240.png,1
4324,/root/StrokeDataset/Normal/PNG/11244.png,0
4325,/root/StrokeDataset/Normal/PNG/15378.png,0
4326,/root/StrokeDataset/Normal/PNG/12047.png,0
4327,/root/StrokeDataset/Normal/PNG/16991.png,0
4328,/root/StrokeDataset/Ischemia/PNG/16878.png,1
4329,/root/StrokeDataset/Normal/PNG/16879.png,0
4330,/root/StrokeDataset/Normal/PNG/15110.png,0
4331,/root/StrokeDataset/Normal/PNG/13545.png,0
4332,/root/StrokeDataset/Normal/PNG/10169.png,0
4333,/root/StrokeDataset/Normal/PNG/11859.png,0
4334,/root/StrokeDataset/Normal/PNG/12232.png,0
4335,/root/StrokeDataset/Normal/PNG/14713.png,0
4336,/root/StrokeDataset/Normal/PNG/15402.png,0
4337,/root/StrokeDataset/Normal/PNG/12106.png,0
4338,/root/StrokeDataset/Normal/PNG/13466.png,0
4339,/root/StrokeDataset/Normal/PNG/14319.png,0
4340,/root/StrokeDataset/Normal/PNG/10139.png,0
4341,/root/StrokeDataset/Normal/PNG/15173.png,0
4342,/root/StrokeDataset/Normal/PNG/10880.png,0
4343,/root/StrokeDataset/Ischemia/PNG/15996.png,1
4344,/root/StrokeDataset/Normal/PNG/16155.png,0
4345,/root/StrokeDataset/Normal/PNG/13596.png,0
4346,/root/StrokeDataset/Normal/PNG/12321.png,0
4347,/root/StrokeDataset/Ischemia/PNG/12032.png,1
4348,/root/StrokeDataset/Ischemia/PNG/10858.png,1
4349,/root/StrokeDataset/Normal/PNG/12257.png,0
4350,/root/StrokeDataset/Normal/PNG/10148.png,0
4351,/root/StrokeDataset/Normal/PNG/11742.png,0
4352,/root/StrokeDataset/Normal/PNG/14670.png,0
4353,/root/StrokeDataset/Normal/PNG/15554.png,0
4354,/root/StrokeDataset/Normal/PNG/10127.png,0
4355,/root/StrokeDataset/Ischemia/PNG/16772.png,1
4356,/root/StrokeDataset/Normal/PNG/15113.png,0
4357,/root/StrokeDataset/Normal/PNG/15471.png,0
4358,/root/StrokeDataset/Ischemia/PNG/15458.png,1
4359,/root/StrokeDataset/Ischemia/PNG/12769.png,1
4360,/root/StrokeDataset/Normal/PNG/13565.png,0
4361,/root/StrokeDataset/Bleeding/PNG/13817.png,2
4362,/root/StrokeDataset/Normal/PNG/15734.png,0
4363,/root/StrokeDataset/Normal/PNG/12425.png,0
4364,/root/StrokeDataset/Normal/PNG/14599.png,0
4365,/root/StrokeDataset/Normal/PNG/11108.png,0
4366,/root/StrokeDataset/Normal/PNG/16533.png,0
4367,/root/StrokeDataset/Normal/PNG/10935.png,0
4368,/root/StrokeDataset/Normal/PNG/11801.png,0
4369,/root/StrokeDataset/Normal/PNG/10407.png,0
4370,/root/StrokeDataset/Ischemia/PNG/16160.png,1
4371,/root/StrokeDataset/Ischemia/PNG/12608.png,1
4372,/root/StrokeDataset/Normal/PNG/16823.png,0
4373,/root/StrokeDataset/Normal/PNG/12724.png,0
4374,/root/StrokeDataset/Normal/PNG/10646.png,0
4375,/root/StrokeDataset/Normal/PNG/13863.png,0
4376,/root/StrokeDataset/Normal/PNG/12442.png,0
4377,/root/StrokeDataset/Normal/PNG/13723.png,0
4378,/root/StrokeDataset/Bleeding/PNG/16305.png,2
4379,/root/StrokeDataset/Normal/PNG/16995.png,0
4380,/root/StrokeDataset/Normal/PNG/16914.png,0
4381,/root/StrokeDataset/Normal/PNG/15950.png,0
4382,/root/StrokeDataset/Normal/PNG/15359.png,0
4383,/root/StrokeDataset/Bleeding/PNG/11294.png,2
4384,/root/StrokeDataset/Normal/PNG/14612.png,0
4385,/root/StrokeDataset/Bleeding/PNG/14657.png,2
4386,/root/StrokeDataset/Normal/PNG/12789.png,0
4387,/root/StrokeDataset/Normal/PNG/12360.png,0
4388,/root/StrokeDataset/Normal/PNG/11278.png,0
4389,/root/StrokeDataset/Bleeding/PNG/11698.png,2
4390,/root/StrokeDataset/Normal/PNG/16787.png,0
4391,/root/StrokeDataset/Normal/PNG/10869.png,0
4392,/root/StrokeDataset/Bleeding/PNG/14221.png,2
4393,/root/StrokeDataset/Normal/PNG/12857.png,0
4394,/root/StrokeDataset/Normal/PNG/15160.png,0
4395,/root/StrokeDataset/Ischemia/PNG/11781.png,1
4396,/root/StrokeDataset/Normal/PNG/16891.png,0
4397,/root/StrokeDataset/Ischemia/PNG/11380.png,1
4398,/root/StrokeDataset/Normal/PNG/12328.png,0
4399,/root/StrokeDataset/Normal/PNG/16375.png,0
4400,/root/StrokeDataset/Bleeding/PNG/10830.png,2
4401,/root/StrokeDataset/Normal/PNG/14376.png,0
4402,/root/StrokeDataset/Normal/PNG/12445.png,0
4403,/root/StrokeDataset/Normal/PNG/12511.png,0
4404,/root/StrokeDataset/Bleeding/PNG/11587.png,2
4405,/root/StrokeDataset/Normal/PNG/14222.png,0
4406,/root/StrokeDataset/Ischemia/PNG/16096.png,1
4407,/root/StrokeDataset/Normal/PNG/14140.png,0
4408,/root/StrokeDataset/Bleeding/PNG/10730.png,2
4409,/root/StrokeDataset/Normal/PNG/12915.png,0
4410,/root/StrokeDataset/Normal/PNG/13284.png,0
4411,/root/StrokeDataset/Bleeding/PNG/15043.png,2
4412,/root/StrokeDataset/Bleeding/PNG/14700.png,2
4413,/root/StrokeDataset/Bleeding/PNG/12742.png,2
4414,/root/StrokeDataset/Normal/PNG/11917.png,0
4415,/root/StrokeDataset/Normal/PNG/11537.png,0
4416,/root/StrokeDataset/Ischemia/PNG/11115.png,1
4417,/root/StrokeDataset/Normal/PNG/10040.png,0
4418,/root/StrokeDataset/Normal/PNG/11461.png,0
4419,/root/StrokeDataset/Bleeding/PNG/15870.png,2
4420,/root/StrokeDataset/Normal/PNG/16119.png,0
4421,/root/StrokeDataset/Normal/PNG/15820.png,0
4422,/root/StrokeDataset/Normal/PNG/10801.png,0
4423,/root/StrokeDataset/Normal/PNG/12622.png,0
4424,/root/StrokeDataset/Ischemia/PNG/10145.png,1
4425,/root/StrokeDataset/Normal/PNG/14603.png,0
4426,/root/StrokeDataset/Bleeding/PNG/10627.png,2
4427,/root/StrokeDataset/Normal/PNG/16077.png,0
4428,/root/StrokeDataset/Normal/PNG/15764.png,0
4429,/root/StrokeDataset/Bleeding/PNG/15086.png,2
4430,/root/StrokeDataset/Ischemia/PNG/15640.png,1
4431,/root/StrokeDataset/Normal/PNG/10843.png,0
4432,/root/StrokeDataset/Normal/PNG/16265.png,0
4433,/root/StrokeDataset/Normal/PNG/13836.png,0
4434,/root/StrokeDataset/Normal/PNG/10137.png,0
4435,/root/StrokeDataset/Ischemia/PNG/14483.png,1
4436,/root/StrokeDataset/Normal/PNG/10570.png,0
4437,/root/StrokeDataset/Normal/PNG/16321.png,0
4438,/root/StrokeDataset/Ischemia/PNG/10160.png,1
4439,/root/StrokeDataset/Ischemia/PNG/16550.png,1
4440,/root/StrokeDataset/Normal/PNG/10165.png,0
4441,/root/StrokeDataset/Normal/PNG/10021.png,0
4442,/root/StrokeDataset/Normal/PNG/12110.png,0
4443,/root/StrokeDataset/Normal/PNG/15496.png,0
4444,/root/StrokeDataset/Normal/PNG/10325.png,0
4445,/root/StrokeDataset/Normal/PNG/12435.png,0
4446,/root/StrokeDataset/Normal/PNG/16415.png,0
4447,/root/StrokeDataset/Ischemia/PNG/14445.png,1
4448,/root/StrokeDataset/Ischemia/PNG/10236.png,1
4449,/root/StrokeDataset/Bleeding/PNG/11128.png,2
4450,/root/StrokeDataset/Normal/PNG/15504.png,0
4451,/root/StrokeDataset/Ischemia/PNG/12363.png,1
4452,/root/StrokeDataset/Normal/PNG/15000.png,0
4453,/root/StrokeDataset/Normal/PNG/11746.png,0
4454,/root/StrokeDataset/Normal/PNG/11782.png,0
4455,/root/StrokeDataset/Bleeding/PNG/15609.png,2
4456,/root/StrokeDataset/Normal/PNG/10080.png,0
4457,/root/StrokeDataset/Normal/PNG/13467.png,0
4458,/root/StrokeDataset/Ischemia/PNG/11260.png,1
4459,/root/StrokeDataset/Normal/PNG/13910.png,0
4460,/root/StrokeDataset/Normal/PNG/11577.png,0
4461,/root/StrokeDataset/Normal/PNG/14893.png,0
4462,/root/StrokeDataset/Normal/PNG/15373.png,0
4463,/root/StrokeDataset/Bleeding/PNG/15134.png,2
4464,/root/StrokeDataset/Bleeding/PNG/16484.png,2
4465,/root/StrokeDataset/Ischemia/PNG/12759.png,1
4466,/root/StrokeDataset/Normal/PNG/13212.png,0
4467,/root/StrokeDataset/Normal/PNG/16245.png,0
4468,/root/StrokeDataset/Normal/PNG/12586.png,0
4469,/root/StrokeDataset/Ischemia/PNG/11390.png,1
4470,/root/StrokeDataset/Ischemia/PNG/13833.png,1
4471,/root/StrokeDataset/Ischemia/PNG/12617.png,1
4472,/root/StrokeDataset/Bleeding/PNG/11817.png,2
4473,/root/StrokeDataset/Ischemia/PNG/16491.png,1
4474,/root/StrokeDataset/Normal/PNG/15073.png,0
4475,/root/StrokeDataset/Ischemia/PNG/12556.png,1
4476,/root/StrokeDataset/Normal/PNG/11436.png,0
4477,/root/StrokeDataset/Normal/PNG/15258.png,0
4478,/root/StrokeDataset/Normal/PNG/14763.png,0
4479,/root/StrokeDataset/Normal/PNG/16574.png,0
4480,/root/StrokeDataset/Normal/PNG/12338.png,0
4481,/root/StrokeDataset/Bleeding/PNG/10329.png,2
4482,/root/StrokeDataset/Normal/PNG/10569.png,0
4483,/root/StrokeDataset/Normal/PNG/13846.png,0
4484,/root/StrokeDataset/Normal/PNG/16930.png,0
4485,/root/StrokeDataset/Normal/PNG/10339.png,0
4486,/root/StrokeDataset/Normal/PNG/16637.png,0
4487,/root/StrokeDataset/Normal/PNG/13405.png,0
4488,/root/StrokeDataset/Normal/PNG/15719.png,0
4489,/root/StrokeDataset/Bleeding/PNG/16190.png,2
4490,/root/StrokeDataset/Normal/PNG/16905.png,0
4491,/root/StrokeDataset/Ischemia/PNG/13062.png,1
4492,/root/StrokeDataset/Normal/PNG/14275.png,0
4493,/root/StrokeDataset/Normal/PNG/16775.png,0
4494,/root/StrokeDataset/Normal/PNG/13636.png,0
4495,/root/StrokeDataset/Normal/PNG/16159.png,0
4496,/root/StrokeDataset/Ischemia/PNG/10962.png,1
4497,/root/StrokeDataset/Ischemia/PNG/15380.png,1
4498,/root/StrokeDataset/Normal/PNG/11311.png,0
4499,/root/StrokeDataset/Normal/PNG/13215.png,0
4500,/root/StrokeDataset/Bleeding/PNG/10563.png,2
4501,/root/StrokeDataset/Ischemia/PNG/14248.png,1
4502,/root/StrokeDataset/Normal/PNG/13149.png,0
4503,/root/StrokeDataset/Normal/PNG/13730.png,0
4504,/root/StrokeDataset/Normal/PNG/14874.png,0
4505,/root/StrokeDataset/Bleeding/PNG/12351.png,2
4506,/root/StrokeDataset/Normal/PNG/12228.png,0
4507,/root/StrokeDataset/Bleeding/PNG/13882.png,2
4508,/root/StrokeDataset/Ischemia/PNG/10791.png,1
4509,/root/StrokeDataset/Normal/PNG/10748.png,0
4510,/root/StrokeDataset/Ischemia/PNG/11327.png,1
4511,/root/StrokeDataset/Normal/PNG/15340.png,0
4512,/root/StrokeDataset/Normal/PNG/16392.png,0
4513,/root/StrokeDataset/Bleeding/PNG/16695.png,2
4514,/root/StrokeDataset/Bleeding/PNG/16033.png,2
4515,/root/StrokeDataset/Normal/PNG/13995.png,0
4516,/root/StrokeDataset/Ischemia/PNG/15986.png,1
4517,/root/StrokeDataset/Normal/PNG/10012.png,0
4518,/root/StrokeDataset/Bleeding/PNG/15168.png,2
4519,/root/StrokeDataset/Ischemia/PNG/15895.png,1
4520,/root/StrokeDataset/Bleeding/PNG/12604.png,2
4521,/root/StrokeDataset/Normal/PNG/10524.png,0
4522,/root/StrokeDataset/Normal/PNG/16313.png,0
4523,/root/StrokeDataset/Normal/PNG/14539.png,0
4524,/root/StrokeDataset/Ischemia/PNG/11299.png,1
4525,/root/StrokeDataset/Normal/PNG/13050.png,0
4526,/root/StrokeDataset/Ischemia/PNG/14411.png,1
4527,/root/StrokeDataset/Bleeding/PNG/15485.png,2
4528,/root/StrokeDataset/Normal/PNG/10717.png,0
4529,/root/StrokeDataset/Ischemia/PNG/14180.png,1
4530,/root/StrokeDataset/Normal/PNG/15240.png,0
4531,/root/StrokeDataset/Ischemia/PNG/14758.png,1
4532,/root/StrokeDataset/Bleeding/PNG/14831.png,2
4533,/root/StrokeDataset/Bleeding/PNG/16950.png,2
4534,/root/StrokeDataset/Normal/PNG/10197.png,0
4535,/root/StrokeDataset/Normal/PNG/13489.png,0
4536,/root/StrokeDataset/Normal/PNG/12990.png,0
4537,/root/StrokeDataset/Bleeding/PNG/14187.png,2
4538,/root/StrokeDataset/Normal/PNG/10698.png,0
4539,/root/StrokeDataset/Normal/PNG/15369.png,0
4540,/root/StrokeDataset/Normal/PNG/12823.png,0
4541,/root/StrokeDataset/Normal/PNG/12762.png,0
4542,/root/StrokeDataset/Normal/PNG/12707.png,0
4543,/root/StrokeDataset/Bleeding/PNG/14851.png,2
4544,/root/StrokeDataset/Ischemia/PNG/15853.png,1
4545,/root/StrokeDataset/Ischemia/PNG/12897.png,1
4546,/root/StrokeDataset/Normal/PNG/11093.png,0
4547,/root/StrokeDataset/Normal/PNG/10491.png,0
4548,/root/StrokeDataset/Ischemia/PNG/15189.png,1
4549,/root/StrokeDataset/Normal/PNG/16054.png,0
4550,/root/StrokeDataset/Normal/PNG/15451.png,0
4551,/root/StrokeDataset/Bleeding/PNG/13951.png,2
4552,/root/StrokeDataset/Normal/PNG/12043.png,0
4553,/root/StrokeDataset/Normal/PNG/14661.png,0
4554,/root/StrokeDataset/Normal/PNG/15087.png,0
4555,/root/StrokeDataset/Normal/PNG/10056.png,0
4556,/root/StrokeDataset/Normal/PNG/16213.png,0
4557,/root/StrokeDataset/Normal/PNG/14601.png,0
4558,/root/StrokeDataset/Normal/PNG/11077.png,0
4559,/root/StrokeDataset/Normal/PNG/14801.png,0
4560,/root/StrokeDataset/Normal/PNG/14423.png,0
4561,/root/StrokeDataset/Normal/PNG/15434.png,0
4562,/root/StrokeDataset/Ischemia/PNG/11829.png,1
4563,/root/StrokeDataset/Normal/PNG/11927.png,0
4564,/root/StrokeDataset/Bleeding/PNG/11483.png,2
4565,/root/StrokeDataset/Ischemia/PNG/12547.png,1
4566,/root/StrokeDataset/Normal/PNG/11763.png,0
4567,/root/StrokeDataset/Normal/PNG/15470.png,0
4568,/root/StrokeDataset/Normal/PNG/16416.png,0
4569,/root/StrokeDataset/Normal/PNG/11717.png,0
4570,/root/StrokeDataset/Normal/PNG/13612.png,0
4571,/root/StrokeDataset/Normal/PNG/11697.png,0
4572,/root/StrokeDataset/Ischemia/PNG/10323.png,1
4573,/root/StrokeDataset/Normal/PNG/16590.png,0
4574,/root/StrokeDataset/Ischemia/PNG/13324.png,1
4575,/root/StrokeDataset/Ischemia/PNG/12463.png,1
4576,/root/StrokeDataset/Normal/PNG/10968.png,0
4577,/root/StrokeDataset/Ischemia/PNG/11267.png,1
4578,/root/StrokeDataset/Normal/PNG/10655.png,0
4579,/root/StrokeDataset/Normal/PNG/11826.png,0
4580,/root/StrokeDataset/Normal/PNG/15556.png,0
4581,/root/StrokeDataset/Normal/PNG/11240.png,0
4582,/root/StrokeDataset/Ischemia/PNG/15486.png,1
4583,/root/StrokeDataset/Normal/PNG/14835.png,0
4584,/root/StrokeDataset/Normal/PNG/16742.png,0
4585,/root/StrokeDataset/Normal/PNG/13523.png,0
4586,/root/StrokeDataset/Bleeding/PNG/13780.png,2
4587,/root/StrokeDataset/Bleeding/PNG/14025.png,2
4588,/root/StrokeDataset/Normal/PNG/10429.png,0
4589,/root/StrokeDataset/Normal/PNG/11408.png,0
4590,/root/StrokeDataset/Bleeding/PNG/13883.png,2
4591,/root/StrokeDataset/Normal/PNG/15212.png,0
4592,/root/StrokeDataset/Normal/PNG/11770.png,0
4593,/root/StrokeDataset/Normal/PNG/10361.png,0
4594,/root/StrokeDataset/Normal/PNG/11174.png,0
4595,/root/StrokeDataset/Normal/PNG/12611.png,0
4596,/root/StrokeDataset/Normal/PNG/10947.png,0
4597,/root/StrokeDataset/Normal/PNG/12706.png,0
4598,/root/StrokeDataset/Bleeding/PNG/16861.png,2
4599,/root/StrokeDataset/Normal/PNG/15489.png,0
4600,/root/StrokeDataset/Normal/PNG/14152.png,0
4601,/root/StrokeDataset/Bleeding/PNG/13350.png,2
4602,/root/StrokeDataset/Normal/PNG/16625.png,0
4603,/root/StrokeDataset/Ischemia/PNG/14494.png,1
4604,/root/StrokeDataset/Normal/PNG/14845.png,0
4605,/root/StrokeDataset/Normal/PNG/16671.png,0
4606,/root/StrokeDataset/Bleeding/PNG/13923.png,2
4607,/root/StrokeDataset/Normal/PNG/12376.png,0
4608,/root/StrokeDataset/Normal/PNG/13974.png,0
4609,/root/StrokeDataset/Bleeding/PNG/13383.png,2
4610,/root/StrokeDataset/Normal/PNG/13902.png,0
4611,/root/StrokeDataset/Normal/PNG/15346.png,0
4612,/root/StrokeDataset/Normal/PNG/10201.png,0
4613,/root/StrokeDataset/Normal/PNG/16393.png,0
4614,/root/StrokeDataset/Normal/PNG/11205.png,0
4615,/root/StrokeDataset/Normal/PNG/11855.png,0
4616,/root/StrokeDataset/Ischemia/PNG/13142.png,1
4617,/root/StrokeDataset/Normal/PNG/16209.png,0
4618,/root/StrokeDataset/Normal/PNG/10374.png,0
4619,/root/StrokeDataset/Normal/PNG/16316.png,0
4620,/root/StrokeDataset/Normal/PNG/15859.png,0
4621,/root/StrokeDataset/Ischemia/PNG/10961.png,1
4622,/root/StrokeDataset/Ischemia/PNG/14631.png,1
4623,/root/StrokeDataset/Normal/PNG/13306.png,0
4624,/root/StrokeDataset/Normal/PNG/16616.png,0
4625,/root/StrokeDataset/Normal/PNG/13334.png,0
4626,/root/StrokeDataset/Normal/PNG/16366.png,0
4627,/root/StrokeDataset/Bleeding/PNG/11805.png,2
4628,/root/StrokeDataset/Normal/PNG/12013.png,0
4629,/root/StrokeDataset/Ischemia/PNG/11570.png,1
4630,/root/StrokeDataset/Normal/PNG/15383.png,0
4631,/root/StrokeDataset/Normal/PNG/14039.png,0
4632,/root/StrokeDataset/Ischemia/PNG/12473.png,1
4633,/root/StrokeDataset/Normal/PNG/15887.png,0
4634,/root/StrokeDataset/Normal/PNG/15846.png,0
4635,/root/StrokeDataset/Bleeding/PNG/14746.png,2
4636,/root/StrokeDataset/Ischemia/PNG/14645.png,1
4637,/root/StrokeDataset/Normal/PNG/16842.png,0
4638,/root/StrokeDataset/Normal/PNG/14721.png,0
4639,/root/StrokeDataset/Normal/PNG/14943.png,0
4640,/root/StrokeDataset/Ischemia/PNG/10262.png,1
4641,/root/StrokeDataset/Normal/PNG/14984.png,0
4642,/root/StrokeDataset/Normal/PNG/15541.png,0
4643,/root/StrokeDataset/Normal/PNG/11727.png,0
4644,/root/StrokeDataset/Bleeding/PNG/13664.png,2
4645,/root/StrokeDataset/Bleeding/PNG/14864.png,2
4646,/root/StrokeDataset/Ischemia/PNG/16258.png,1
4647,/root/StrokeDataset/Bleeding/PNG/15234.png,2
4648,/root/StrokeDataset/Bleeding/PNG/14021.png,2
4649,/root/StrokeDataset/Normal/PNG/12407.png,0
4650,/root/StrokeDataset/Bleeding/PNG/10925.png,2
4651,/root/StrokeDataset/Normal/PNG/17031.png,0
4652,/root/StrokeDataset/Normal/PNG/14666.png,0
4653,/root/StrokeDataset/Normal/PNG/14437.png,0
4654,/root/StrokeDataset/Normal/PNG/15651.png,0
4655,/root/StrokeDataset/Normal/PNG/11605.png,0
4656,/root/StrokeDataset/Bleeding/PNG/14782.png,2
4657,/root/StrokeDataset/Ischemia/PNG/13521.png,1
4658,/root/StrokeDataset/Normal/PNG/15201.png,0
4659,/root/StrokeDataset/Bleeding/PNG/12474.png,2
4660,/root/StrokeDataset/Normal/PNG/10915.png,0
4661,/root/StrokeDataset/Ischemia/PNG/10377.png,1
4662,/root/StrokeDataset/Normal/PNG/15790.png,0
4663,/root/StrokeDataset/Normal/PNG/11856.png,0
4664,/root/StrokeDataset/Ischemia/PNG/15348.png,1
4665,/root/StrokeDataset/Ischemia/PNG/16000.png,1
4666,/root/StrokeDataset/Normal/PNG/11099.png,0
4667,/root/StrokeDataset/Ischemia/PNG/15698.png,1
4668,/root/StrokeDataset/Ischemia/PNG/11250.png,1
4669,/root/StrokeDataset/Normal/PNG/11219.png,0
4670,/root/StrokeDataset/Ischemia/PNG/12554.png,1
4671,/root/StrokeDataset/Normal/PNG/16513.png,0
4672,/root/StrokeDataset/Normal/PNG/11846.png,0
4673,/root/StrokeDataset/Normal/PNG/15789.png,0
4674,/root/StrokeDataset/Normal/PNG/10531.png,0
4675,/root/StrokeDataset/Normal/PNG/13034.png,0
4676,/root/StrokeDataset/Normal/PNG/16904.png,0
4677,/root/StrokeDataset/Bleeding/PNG/13066.png,2
4678,/root/StrokeDataset/Bleeding/PNG/10549.png,2
4679,/root/StrokeDataset/Bleeding/PNG/14251.png,2
4680,/root/StrokeDataset/Normal/PNG/12775.png,0
4681,/root/StrokeDataset/Normal/PNG/15131.png,0
4682,/root/StrokeDataset/Normal/PNG/13662.png,0
4683,/root/StrokeDataset/Normal/PNG/16734.png,0
4684,/root/StrokeDataset/Normal/PNG/11509.png,0
4685,/root/StrokeDataset/Normal/PNG/14404.png,0
4686,/root/StrokeDataset/Normal/PNG/16929.png,0
4687,/root/StrokeDataset/Normal/PNG/16559.png,0
4688,/root/StrokeDataset/Ischemia/PNG/12883.png,1
4689,/root/StrokeDataset/Normal/PNG/14756.png,0
4690,/root/StrokeDataset/Normal/PNG/13725.png,0
4691,/root/StrokeDataset/Normal/PNG/12678.png,0
4692,/root/StrokeDataset/Ischemia/PNG/14745.png,1
4693,/root/StrokeDataset/Normal/PNG/11696.png,0
4694,/root/StrokeDataset/Normal/PNG/10041.png,0
4695,/root/StrokeDataset/Normal/PNG/11378.png,0
4696,/root/StrokeDataset/Normal/PNG/13750.png,0
4697,/root/StrokeDataset/Normal/PNG/10401.png,0
4698,/root/StrokeDataset/Bleeding/PNG/13560.png,2
4699,/root/StrokeDataset/Normal/PNG/16477.png,0
4700,/root/StrokeDataset/Ischemia/PNG/14610.png,1
4701,/root/StrokeDataset/Ischemia/PNG/12788.png,1
4702,/root/StrokeDataset/Ischemia/PNG/15771.png,1
4703,/root/StrokeDataset/Ischemia/PNG/15306.png,1
4704,/root/StrokeDataset/Ischemia/PNG/16923.png,1
4705,/root/StrokeDataset/Normal/PNG/13948.png,0
4706,/root/StrokeDataset/Normal/PNG/15748.png,0
4707,/root/StrokeDataset/Normal/PNG/13717.png,0
4708,/root/StrokeDataset/Normal/PNG/11644.png,0
4709,/root/StrokeDataset/Ischemia/PNG/16173.png,1
4710,/root/StrokeDataset/Normal/PNG/14004.png,0
4711,/root/StrokeDataset/Normal/PNG/16508.png,0
4712,/root/StrokeDataset/Normal/PNG/13360.png,0
4713,/root/StrokeDataset/Ischemia/PNG/12923.png,1
4714,/root/StrokeDataset/Normal/PNG/15637.png,0
4715,/root/StrokeDataset/Normal/PNG/15441.png,0
4716,/root/StrokeDataset/Normal/PNG/11599.png,0
4717,/root/StrokeDataset/Normal/PNG/15833.png,0
4718,/root/StrokeDataset/Normal/PNG/15513.png,0
4719,/root/StrokeDataset/Normal/PNG/12827.png,0
4720,/root/StrokeDataset/Ischemia/PNG/11220.png,1
4721,/root/StrokeDataset/Normal/PNG/10129.png,0
4722,/root/StrokeDataset/Ischemia/PNG/13433.png,1
4723,/root/StrokeDataset/Normal/PNG/11182.png,0
4724,/root/StrokeDataset/Normal/PNG/13787.png,0
4725,/root/StrokeDataset/Ischemia/PNG/11333.png,1
4726,/root/StrokeDataset/Normal/PNG/10903.png,0
4727,/root/StrokeDataset/Normal/PNG/15217.png,0
4728,/root/StrokeDataset/Normal/PNG/15866.png,0
4729,/root/StrokeDataset/Normal/PNG/14212.png,0
4730,/root/StrokeDataset/Normal/PNG/13376.png,0
4731,/root/StrokeDataset/Bleeding/PNG/16955.png,2
4732,/root/StrokeDataset/Bleeding/PNG/11981.png,2
4733,/root/StrokeDataset/Normal/PNG/14273.png,0
4734,/root/StrokeDataset/Normal/PNG/16609.png,0
4735,/root/StrokeDataset/Normal/PNG/12494.png,0
4736,/root/StrokeDataset/Normal/PNG/11646.png,0
4737,/root/StrokeDataset/Normal/PNG/14857.png,0
4738,/root/StrokeDataset/Normal/PNG/12122.png,0
4739,/root/StrokeDataset/Normal/PNG/12391.png,0
4740,/root/StrokeDataset/Normal/PNG/10274.png,0
4741,/root/StrokeDataset/Normal/PNG/15911.png,0
4742,/root/StrokeDataset/Ischemia/PNG/15299.png,1
4743,/root/StrokeDataset/Bleeding/PNG/12561.png,2
4744,/root/StrokeDataset/Normal/PNG/14495.png,0
4745,/root/StrokeDataset/Normal/PNG/14046.png,0
4746,/root/StrokeDataset/Normal/PNG/11005.png,0
4747,/root/StrokeDataset/Normal/PNG/12944.png,0
4748,/root/StrokeDataset/Normal/PNG/16983.png,0
4749,/root/StrokeDataset/Ischemia/PNG/14042.png,1
4750,/root/StrokeDataset/Normal/PNG/13145.png,0
4751,/root/StrokeDataset/Normal/PNG/10746.png,0
4752,/root/StrokeDataset/Normal/PNG/10125.png,0
4753,/root/StrokeDataset/Normal/PNG/12216.png,0
4754,/root/StrokeDataset/Ischemia/PNG/15674.png,1
4755,/root/StrokeDataset/Normal/PNG/12394.png,0
4756,/root/StrokeDataset/Normal/PNG/13954.png,0
4757,/root/StrokeDataset/Normal/PNG/13119.png,0
4758,/root/StrokeDataset/Normal/PNG/10219.png,0
4759,/root/StrokeDataset/Ischemia/PNG/12954.png,1
4760,/root/StrokeDataset/Normal/PNG/14111.png,0
4761,/root/StrokeDataset/Normal/PNG/12868.png,0
4762,/root/StrokeDataset/Normal/PNG/13481.png,0
4763,/root/StrokeDataset/Normal/PNG/11488.png,0
4764,/root/StrokeDataset/Normal/PNG/11922.png,0
4765,/root/StrokeDataset/Bleeding/PNG/15844.png,2
4766,/root/StrokeDataset/Bleeding/PNG/11210.png,2
4767,/root/StrokeDataset/Normal/PNG/15956.png,0
4768,/root/StrokeDataset/Normal/PNG/12044.png,0
4769,/root/StrokeDataset/Normal/PNG/12268.png,0
4770,/root/StrokeDataset/Bleeding/PNG/16860.png,2
4771,/root/StrokeDataset/Normal/PNG/16460.png,0
4772,/root/StrokeDataset/Normal/PNG/16359.png,0
4773,/root/StrokeDataset/Normal/PNG/15098.png,0
4774,/root/StrokeDataset/Normal/PNG/10390.png,0
4775,/root/StrokeDataset/Ischemia/PNG/11726.png,1
4776,/root/StrokeDataset/Normal/PNG/15510.png,0
4777,/root/StrokeDataset/Normal/PNG/11708.png,0
4778,/root/StrokeDataset/Normal/PNG/10976.png,0
4779,/root/StrokeDataset/Normal/PNG/11808.png,0
4780,/root/StrokeDataset/Normal/PNG/14093.png,0
4781,/root/StrokeDataset/Normal/PNG/15096.png,0
4782,/root/StrokeDataset/Normal/PNG/12468.png,0
4783,/root/StrokeDataset/Normal/PNG/10749.png,0
4784,/root/StrokeDataset/Bleeding/PNG/11780.png,2
4785,/root/StrokeDataset/Normal/PNG/10638.png,0
4786,/root/StrokeDataset/Normal/PNG/14778.png,0
4787,/root/StrokeDataset/Normal/PNG/10818.png,0
4788,/root/StrokeDataset/Normal/PNG/11532.png,0
4789,/root/StrokeDataset/Ischemia/PNG/15287.png,1
4790,/root/StrokeDataset/Ischemia/PNG/15728.png,1
4791,/root/StrokeDataset/Normal/PNG/15099.png,0
4792,/root/StrokeDataset/Normal/PNG/16654.png,0
4793,/root/StrokeDataset/Normal/PNG/16774.png,0
4794,/root/StrokeDataset/Normal/PNG/15210.png,0
4795,/root/StrokeDataset/Bleeding/PNG/14458.png,2
4796,/root/StrokeDataset/Normal/PNG/12253.png,0
4797,/root/StrokeDataset/Normal/PNG/16727.png,0
4798,/root/StrokeDataset/Bleeding/PNG/14077.png,2
4799,/root/StrokeDataset/Normal/PNG/12441.png,0
4800,/root/StrokeDataset/Normal/PNG/15001.png,0
4801,/root/StrokeDataset/Normal/PNG/10514.png,0
4802,/root/StrokeDataset/Ischemia/PNG/16870.png,1
4803,/root/StrokeDataset/Normal/PNG/16011.png,0
4804,/root/StrokeDataset/Ischemia/PNG/14516.png,1
4805,/root/StrokeDataset/Normal/PNG/12955.png,0
4806,/root/StrokeDataset/Normal/PNG/13052.png,0
4807,/root/StrokeDataset/Normal/PNG/13539.png,0
4808,/root/StrokeDataset/Normal/PNG/16583.png,0
4809,/root/StrokeDataset/Bleeding/PNG/10481.png,2
4810,/root/StrokeDataset/Normal/PNG/11681.png,0
4811,/root/StrokeDataset/Normal/PNG/15743.png,0
4812,/root/StrokeDataset/Ischemia/PNG/16829.png,1
4813,/root/StrokeDataset/Normal/PNG/16773.png,0
4814,/root/StrokeDataset/Ischemia/PNG/10518.png,1
4815,/root/StrokeDataset/Normal/PNG/10741.png,0
4816,/root/StrokeDataset/Bleeding/PNG/15302.png,2
4817,/root/StrokeDataset/Ischemia/PNG/14290.png,1
4818,/root/StrokeDataset/Bleeding/PNG/10603.png,2
4819,/root/StrokeDataset/Bleeding/PNG/12837.png,2
4820,/root/StrokeDataset/Bleeding/PNG/12477.png,2
4821,/root/StrokeDataset/Normal/PNG/11711.png,0
4822,/root/StrokeDataset/Ischemia/PNG/10765.png,1
4823,/root/StrokeDataset/Normal/PNG/15091.png,0
4824,/root/StrokeDataset/Ischemia/PNG/10499.png,1
4825,/root/StrokeDataset/Normal/PNG/14210.png,0
4826,/root/StrokeDataset/Normal/PNG/11741.png,0
4827,/root/StrokeDataset/Normal/PNG/11358.png,0
4828,/root/StrokeDataset/Normal/PNG/10750.png,0
4829,/root/StrokeDataset/Normal/PNG/10106.png,0
4830,/root/StrokeDataset/Bleeding/PNG/10783.png,2
4831,/root/StrokeDataset/Ischemia/PNG/10227.png,1
4832,/root/StrokeDataset/Normal/PNG/14045.png,0
4833,/root/StrokeDataset/Normal/PNG/14918.png,0
4834,/root/StrokeDataset/Normal/PNG/12598.png,0
4835,/root/StrokeDataset/Normal/PNG/15718.png,0
4836,/root/StrokeDataset/Bleeding/PNG/15806.png,2
4837,/root/StrokeDataset/Bleeding/PNG/13007.png,2
4838,/root/StrokeDataset/Normal/PNG/11068.png,0
4839,/root/StrokeDataset/Bleeding/PNG/10814.png,2
4840,/root/StrokeDataset/Normal/PNG/12610.png,0
4841,/root/StrokeDataset/Normal/PNG/15745.png,0
4842,/root/StrokeDataset/Normal/PNG/14097.png,0
4843,/root/StrokeDataset/Normal/PNG/11440.png,0
4844,/root/StrokeDataset/Ischemia/PNG/14384.png,1
4845,/root/StrokeDataset/Ischemia/PNG/11987.png,1
4846,/root/StrokeDataset/Normal/PNG/12246.png,0
4847,/root/StrokeDataset/Ischemia/PNG/10967.png,1
4848,/root/StrokeDataset/Normal/PNG/12752.png,0
4849,/root/StrokeDataset/Normal/PNG/12806.png,0
4850,/root/StrokeDataset/Ischemia/PNG/15459.png,1
4851,/root/StrokeDataset/Bleeding/PNG/10045.png,2
4852,/root/StrokeDataset/Normal/PNG/16657.png,0
4853,/root/StrokeDataset/Bleeding/PNG/10687.png,2
4854,/root/StrokeDataset/Normal/PNG/10010.png,0
4855,/root/StrokeDataset/Normal/PNG/12644.png,0
4856,/root/StrokeDataset/Normal/PNG/13982.png,0
4857,/root/StrokeDataset/Normal/PNG/10092.png,0
4858,/root/StrokeDataset/Ischemia/PNG/14087.png,1
4859,/root/StrokeDataset/Normal/PNG/10580.png,0
4860,/root/StrokeDataset/Bleeding/PNG/13439.png,2
4861,/root/StrokeDataset/Normal/PNG/14528.png,0
4862,/root/StrokeDataset/Ischemia/PNG/10525.png,1
4863,/root/StrokeDataset/Normal/PNG/13988.png,0
4864,/root/StrokeDataset/Normal/PNG/12640.png,0
4865,/root/StrokeDataset/Normal/PNG/15123.png,0
4866,/root/StrokeDataset/Bleeding/PNG/16539.png,2
4867,/root/StrokeDataset/Ischemia/PNG/12434.png,1
4868,/root/StrokeDataset/Bleeding/PNG/11498.png,2
4869,/root/StrokeDataset/Ischemia/PNG/13161.png,1
4870,/root/StrokeDataset/Normal/PNG/14165.png,0
4871,/root/StrokeDataset/Bleeding/PNG/15393.png,2
4872,/root/StrokeDataset/Bleeding/PNG/14006.png,2
4873,/root/StrokeDataset/Normal/PNG/15476.png,0
4874,/root/StrokeDataset/Normal/PNG/11029.png,0
4875,/root/StrokeDataset/Ischemia/PNG/15811.png,1
4876,/root/StrokeDataset/Normal/PNG/15221.png,0
4877,/root/StrokeDataset/Normal/PNG/16312.png,0
4878,/root/StrokeDataset/Normal/PNG/13315.png,0
4879,/root/StrokeDataset/Normal/PNG/16894.png,0
4880,/root/StrokeDataset/Normal/PNG/11827.png,0
4881,/root/StrokeDataset/Bleeding/PNG/14676.png,2
4882,/root/StrokeDataset/Ischemia/PNG/15144.png,1
4883,/root/StrokeDataset/Normal/PNG/13449.png,0
4884,/root/StrokeDataset/Normal/PNG/14246.png,0
4885,/root/StrokeDataset/Normal/PNG/14558.png,0
4886,/root/StrokeDataset/Normal/PNG/12825.png,0
4887,/root/StrokeDataset/Normal/PNG/13008.png,0
4888,/root/StrokeDataset/Normal/PNG/15568.png,0
4889,/root/StrokeDataset/Bleeding/PNG/12729.png,2
4890,/root/StrokeDataset/Ischemia/PNG/16873.png,1
4891,/root/StrokeDataset/Normal/PNG/11357.png,0
4892,/root/StrokeDataset/Normal/PNG/12183.png,0
4893,/root/StrokeDataset/Normal/PNG/10837.png,0
4894,/root/StrokeDataset/Ischemia/PNG/11896.png,1
4895,/root/StrokeDataset/Normal/PNG/11625.png,0
4896,/root/StrokeDataset/Normal/PNG/16466.png,0
4897,/root/StrokeDataset/Ischemia/PNG/11974.png,1
4898,/root/StrokeDataset/Normal/PNG/16337.png,0
4899,/root/StrokeDataset/Normal/PNG/13090.png,0
4900,/root/StrokeDataset/Normal/PNG/15277.png,0
4901,/root/StrokeDataset/Normal/PNG/15778.png,0
4902,/root/StrokeDataset/Normal/PNG/14400.png,0
4903,/root/StrokeDataset/Normal/PNG/15418.png,0
4904,/root/StrokeDataset/Normal/PNG/14337.png,0
4905,/root/StrokeDataset/Normal/PNG/17001.png,0
4906,/root/StrokeDataset/Normal/PNG/15010.png,0
4907,/root/StrokeDataset/Normal/PNG/12448.png,0
4908,/root/StrokeDataset/Ischemia/PNG/14029.png,1
4909,/root/StrokeDataset/Bleeding/PNG/13460.png,2
4910,/root/StrokeDataset/Bleeding/PNG/12084.png,2
4911,/root/StrokeDataset/Normal/PNG/11740.png,0
4912,/root/StrokeDataset/Ischemia/PNG/10105.png,1
4913,/root/StrokeDataset/Normal/PNG/14344.png,0
4914,/root/StrokeDataset/Normal/PNG/12368.png,0
4915,/root/StrokeDataset/Normal/PNG/14305.png,0
4916,/root/StrokeDataset/Normal/PNG/10071.png,0
4917,/root/StrokeDataset/Bleeding/PNG/15118.png,2
4918,/root/StrokeDataset/Ischemia/PNG/11635.png,1
4919,/root/StrokeDataset/Ischemia/PNG/11490.png,1
4920,/root/StrokeDataset/Bleeding/PNG/15987.png,2
4921,/root/StrokeDataset/Normal/PNG/15947.png,0
4922,/root/StrokeDataset/Bleeding/PNG/14235.png,2
4923,/root/StrokeDataset/Normal/PNG/10371.png,0
4924,/root/StrokeDataset/Normal/PNG/10834.png,0
4925,/root/StrokeDataset/Normal/PNG/11822.png,0
4926,/root/StrokeDataset/Normal/PNG/12093.png,0
4927,/root/StrokeDataset/Bleeding/PNG/12278.png,2
4928,/root/StrokeDataset/Normal/PNG/15566.png,0
4929,/root/StrokeDataset/Ischemia/PNG/14000.png,1
4930,/root/StrokeDataset/Ischemia/PNG/16753.png,1
4931,/root/StrokeDataset/Bleeding/PNG/12067.png,2
4932,/root/StrokeDataset/Normal/PNG/11419.png,0
4933,/root/StrokeDataset/Normal/PNG/15263.png,0
4934,/root/StrokeDataset/Normal/PNG/13150.png,0
4935,/root/StrokeDataset/Normal/PNG/14019.png,0
4936,/root/StrokeDataset/Normal/PNG/12086.png,0
4937,/root/StrokeDataset/Normal/PNG/10578.png,0
4938,/root/StrokeDataset/Normal/PNG/10628.png,0
4939,/root/StrokeDataset/Ischemia/PNG/15483.png,1
4940,/root/StrokeDataset/Normal/PNG/12961.png,0
4941,/root/StrokeDataset/Normal/PNG/12311.png,0
4942,/root/StrokeDataset/Normal/PNG/11505.png,0
4943,/root/StrokeDataset/Normal/PNG/13763.png,0
4944,/root/StrokeDataset/Bleeding/PNG/15022.png,2
4945,/root/StrokeDataset/Bleeding/PNG/15519.png,2
4946,/root/StrokeDataset/Ischemia/PNG/13573.png,1
4947,/root/StrokeDataset/Normal/PNG/15712.png,0
4948,/root/StrokeDataset/Normal/PNG/16827.png,0
4949,/root/StrokeDataset/Normal/PNG/10842.png,0
4950,/root/StrokeDataset/Normal/PNG/16350.png,0
4951,/root/StrokeDataset/Ischemia/PNG/12300.png,1
4952,/root/StrokeDataset/Ischemia/PNG/14382.png,1
4953,/root/StrokeDataset/Normal/PNG/16050.png,0
4954,/root/StrokeDataset/Ischemia/PNG/15337.png,1
4955,/root/StrokeDataset/Normal/PNG/11544.png,0
4956,/root/StrokeDataset/Normal/PNG/16253.png,0
4957,/root/StrokeDataset/Ischemia/PNG/10280.png,1
4958,/root/StrokeDataset/Normal/PNG/13462.png,0
4959,/root/StrokeDataset/Normal/PNG/12664.png,0
4960,/root/StrokeDataset/Ischemia/PNG/13548.png,1
4961,/root/StrokeDataset/Normal/PNG/12951.png,0
4962,/root/StrokeDataset/Normal/PNG/16256.png,0
4963,/root/StrokeDataset/Ischemia/PNG/15154.png,1
4964,/root/StrokeDataset/Bleeding/PNG/15491.png,2
4965,/root/StrokeDataset/Normal/PNG/12975.png,0
4966,/root/StrokeDataset/Normal/PNG/13563.png,0
4967,/root/StrokeDataset/Bleeding/PNG/11810.png,2
4968,/root/StrokeDataset/Ischemia/PNG/14259.png,1
4969,/root/StrokeDataset/Ischemia/PNG/15625.png,1
4970,/root/StrokeDataset/Normal/PNG/10226.png,0
4971,/root/StrokeDataset/Normal/PNG/16805.png,0
4972,/root/StrokeDataset/Normal/PNG/14032.png,0
4973,/root/StrokeDataset/Normal/PNG/12235.png,0
4974,/root/StrokeDataset/Bleeding/PNG/10320.png,2
4975,/root/StrokeDataset/Normal/PNG/10681.png,0
4976,/root/StrokeDataset/Normal/PNG/10098.png,0
4977,/root/StrokeDataset/Ischemia/PNG/16505.png,1
4978,/root/StrokeDataset/Bleeding/PNG/12942.png,2
4979,/root/StrokeDataset/Bleeding/PNG/14475.png,2
4980,/root/StrokeDataset/Normal/PNG/16518.png,0
4981,/root/StrokeDataset/Bleeding/PNG/11879.png,2
4982,/root/StrokeDataset/Bleeding/PNG/13247.png,2
4983,/root/StrokeDataset/Bleeding/PNG/16666.png,2
4984,/root/StrokeDataset/Ischemia/PNG/16043.png,1
4985,/root/StrokeDataset/Normal/PNG/13113.png,0
4986,/root/StrokeDataset/Normal/PNG/15270.png,0
4987,/root/StrokeDataset/Normal/PNG/13876.png,0
4988,/root/StrokeDataset/Normal/PNG/16196.png,0
4989,/root/StrokeDataset/Bleeding/PNG/15717.png,2
4990,/root/StrokeDataset/Bleeding/PNG/16188.png,2
4991,/root/StrokeDataset/Normal/PNG/15148.png,0
4992,/root/StrokeDataset/Normal/PNG/15460.png,0
4993,/root/StrokeDataset/Normal/PNG/12310.png,0
4994,/root/StrokeDataset/Normal/PNG/12352.png,0
4995,/root/StrokeDataset/Normal/PNG/15197.png,0
4996,/root/StrokeDataset/Normal/PNG/12779.png,0
4997,/root/StrokeDataset/Bleeding/PNG/12339.png,2
4998,/root/StrokeDataset/Normal/PNG/12886.png,0
4999,/root/StrokeDataset/Normal/PNG/12294.png,0
5000,/root/StrokeDataset/Bleeding/PNG/11735.png,2
5001,/root/StrokeDataset/Normal/PNG/10983.png,0
5002,/root/StrokeDataset/Normal/PNG/12479.png,0
5003,/root/StrokeDataset/Ischemia/PNG/13077.png,1
5004,/root/StrokeDataset/Bleeding/PNG/12619.png,2
5005,/root/StrokeDataset/Ischemia/PNG/11237.png,1
5006,/root/StrokeDataset/Ischemia/PNG/16467.png,1
5007,/root/StrokeDataset/Normal/PNG/13274.png,0
5008,/root/StrokeDataset/Normal/PNG/13235.png,0
5009,/root/StrokeDataset/Normal/PNG/10585.png,0
5010,/root/StrokeDataset/Ischemia/PNG/16740.png,1
5011,/root/StrokeDataset/Normal/PNG/13389.png,0
5012,/root/StrokeDataset/Bleeding/PNG/12254.png,2
5013,/root/StrokeDataset/Ischemia/PNG/16139.png,1
5014,/root/StrokeDataset/Ischemia/PNG/16951.png,1
5015,/root/StrokeDataset/Normal/PNG/14910.png,0
5016,/root/StrokeDataset/Normal/PNG/14930.png,0
5017,/root/StrokeDataset/Normal/PNG/14447.png,0
5018,/root/StrokeDataset/Normal/PNG/12974.png,0
5019,/root/StrokeDataset/Normal/PNG/10554.png,0
5020,/root/StrokeDataset/Normal/PNG/11785.png,0
5021,/root/StrokeDataset/Ischemia/PNG/10095.png,1
5022,/root/StrokeDataset/Normal/PNG/10343.png,0
5023,/root/StrokeDataset/Normal/PNG/14234.png,0
5024,/root/StrokeDataset/Ischemia/PNG/12111.png,1
5025,/root/StrokeDataset/Normal/PNG/13129.png,0
5026,/root/StrokeDataset/Normal/PNG/15831.png,0
5027,/root/StrokeDataset/Normal/PNG/16205.png,0
5028,/root/StrokeDataset/Normal/PNG/11088.png,0
5029,/root/StrokeDataset/Normal/PNG/10680.png,0
5030,/root/StrokeDataset/Normal/PNG/12069.png,0
5031,/root/StrokeDataset/Normal/PNG/12349.png,0
5032,/root/StrokeDataset/Normal/PNG/14704.png,0
5033,/root/StrokeDataset/Normal/PNG/16785.png,0
5034,/root/StrokeDataset/Normal/PNG/11647.png,0
5035,/root/StrokeDataset/Normal/PNG/13529.png,0
5036,/root/StrokeDataset/Normal/PNG/10026.png,0
5037,/root/StrokeDataset/Normal/PNG/13681.png,0
5038,/root/StrokeDataset/Normal/PNG/11006.png,0
5039,/root/StrokeDataset/Bleeding/PNG/13177.png,2
5040,/root/StrokeDataset/Normal/PNG/10381.png,0
5041,/root/StrokeDataset/Normal/PNG/15761.png,0
5042,/root/StrokeDataset/Ischemia/PNG/15970.png,1
5043,/root/StrokeDataset/Normal/PNG/11157.png,0
5044,/root/StrokeDataset/Normal/PNG/15581.png,0
5045,/root/StrokeDataset/Normal/PNG/10991.png,0
5046,/root/StrokeDataset/Normal/PNG/16201.png,0
5047,/root/StrokeDataset/Bleeding/PNG/14040.png,2
5048,/root/StrokeDataset/Normal/PNG/11188.png,0
5049,/root/StrokeDataset/Ischemia/PNG/11430.png,1
5050,/root/StrokeDataset/Normal/PNG/15646.png,0
5051,/root/StrokeDataset/Normal/PNG/15585.png,0
5052,/root/StrokeDataset/Normal/PNG/11414.png,0
5053,/root/StrokeDataset/Normal/PNG/14443.png,0
5054,/root/StrokeDataset/Normal/PNG/12504.png,0
5055,/root/StrokeDataset/Normal/PNG/13375.png,0
5056,/root/StrokeDataset/Ischemia/PNG/12064.png,1
5057,/root/StrokeDataset/Normal/PNG/14573.png,0
5058,/root/StrokeDataset/Normal/PNG/13426.png,0
5059,/root/StrokeDataset/Ischemia/PNG/10713.png,1
5060,/root/StrokeDataset/Normal/PNG/10545.png,0
5061,/root/StrokeDataset/Bleeding/PNG/16799.png,2
5062,/root/StrokeDataset/Normal/PNG/16620.png,0
5063,/root/StrokeDataset/Normal/PNG/10124.png,0
5064,/root/StrokeDataset/Normal/PNG/12953.png,0
5065,/root/StrokeDataset/Normal/PNG/15431.png,0
5066,/root/StrokeDataset/Normal/PNG/14560.png,0
5067,/root/StrokeDataset/Normal/PNG/15929.png,0
5068,/root/StrokeDataset/Normal/PNG/14453.png,0
5069,/root/StrokeDataset/Ischemia/PNG/11340.png,1
5070,/root/StrokeDataset/Normal/PNG/13839.png,0
5071,/root/StrokeDataset/Normal/PNG/16571.png,0
5072,/root/StrokeDataset/Normal/PNG/11253.png,0
5073,/root/StrokeDataset/Normal/PNG/10812.png,0
5074,/root/StrokeDataset/Ischemia/PNG/10769.png,1
5075,/root/StrokeDataset/Bleeding/PNG/16199.png,2
5076,/root/StrokeDataset/Normal/PNG/11405.png,0
5077,/root/StrokeDataset/Ischemia/PNG/10586.png,1
5078,/root/StrokeDataset/Normal/PNG/10074.png,0
5079,/root/StrokeDataset/Normal/PNG/10666.png,0
5080,/root/StrokeDataset/Ischemia/PNG/14546.png,1
5081,/root/StrokeDataset/Normal/PNG/13637.png,0
5082,/root/StrokeDataset/Bleeding/PNG/13855.png,2
5083,/root/StrokeDataset/Normal/PNG/16813.png,0
5084,/root/StrokeDataset/Normal/PNG/17033.png,0
5085,/root/StrokeDataset/Normal/PNG/11744.png,0
5086,/root/StrokeDataset/Normal/PNG/12558.png,0
5087,/root/StrokeDataset/Bleeding/PNG/13541.png,2
5088,/root/StrokeDataset/Normal/PNG/12648.png,0
5089,/root/StrokeDataset/Normal/PNG/12305.png,0
5090,/root/StrokeDataset/Normal/PNG/10601.png,0
5091,/root/StrokeDataset/Normal/PNG/10764.png,0
5092,/root/StrokeDataset/Normal/PNG/13649.png,0
5093,/root/StrokeDataset/Bleeding/PNG/16684.png,2
5094,/root/StrokeDataset/Normal/PNG/14359.png,0
5095,/root/StrokeDataset/Bleeding/PNG/11683.png,2
5096,/root/StrokeDataset/Normal/PNG/16628.png,0
5097,/root/StrokeDataset/Normal/PNG/13243.png,0
5098,/root/StrokeDataset/Bleeding/PNG/11523.png,2
5099,/root/StrokeDataset/Normal/PNG/12052.png,0
5100,/root/StrokeDataset/Normal/PNG/11356.png,0
5101,/root/StrokeDataset/Normal/PNG/14091.png,0
5102,/root/StrokeDataset/Normal/PNG/13499.png,0
5103,/root/StrokeDataset/Normal/PNG/11586.png,0
5104,/root/StrokeDataset/Normal/PNG/16447.png,0
5105,/root/StrokeDataset/Bleeding/PNG/12512.png,2
5106,/root/StrokeDataset/Normal/PNG/12962.png,0
5107,/root/StrokeDataset/Normal/PNG/15955.png,0
5108,/root/StrokeDataset/Normal/PNG/13601.png,0
5109,/root/StrokeDataset/Ischemia/PNG/13531.png,1
5110,/root/StrokeDataset/Normal/PNG/15946.png,0
5111,/root/StrokeDataset/Ischemia/PNG/16676.png,1
5112,/root/StrokeDataset/Normal/PNG/12491.png,0
5113,/root/StrokeDataset/Bleeding/PNG/15871.png,2
5114,/root/StrokeDataset/Bleeding/PNG/10876.png,2
5115,/root/StrokeDataset/Normal/PNG/13180.png,0
5116,/root/StrokeDataset/Normal/PNG/13237.png,0
5117,/root/StrokeDataset/Normal/PNG/16141.png,0
5118,/root/StrokeDataset/Normal/PNG/16197.png,0
5119,/root/StrokeDataset/Bleeding/PNG/10250.png,2
5120,/root/StrokeDataset/Ischemia/PNG/16635.png,1
5121,/root/StrokeDataset/Normal/PNG/16502.png,0
5122,/root/StrokeDataset/Normal/PNG/15310.png,0
5123,/root/StrokeDataset/Bleeding/PNG/11636.png,2
5124,/root/StrokeDataset/Normal/PNG/12956.png,0
5125,/root/StrokeDataset/Bleeding/PNG/14732.png,2
5126,/root/StrokeDataset/Normal/PNG/13709.png,0
5127,/root/StrokeDataset/Normal/PNG/14572.png,0
5128,/root/StrokeDataset/Normal/PNG/10707.png,0
5129,/root/StrokeDataset/Normal/PNG/15061.png,0
5130,/root/StrokeDataset/Bleeding/PNG/16164.png,2
5131,/root/StrokeDataset/Normal/PNG/16440.png,0
5132,/root/StrokeDataset/Bleeding/PNG/12845.png,2
5133,/root/StrokeDataset/Normal/PNG/16803.png,0
5134,/root/StrokeDataset/Normal/PNG/16545.png,0
5135,/root/StrokeDataset/Normal/PNG/10255.png,0
5136,/root/StrokeDataset/Ischemia/PNG/13567.png,1
5137,/root/StrokeDataset/Normal/PNG/11035.png,0
5138,/root/StrokeDataset/Normal/PNG/14122.png,0
5139,/root/StrokeDataset/Ischemia/PNG/14350.png,1
5140,/root/StrokeDataset/Bleeding/PNG/14182.png,2
5141,/root/StrokeDataset/Bleeding/PNG/10712.png,2
5142,/root/StrokeDataset/Normal/PNG/11018.png,0
5143,/root/StrokeDataset/Normal/PNG/13407.png,0
5144,/root/StrokeDataset/Ischemia/PNG/16352.png,1
5145,/root/StrokeDataset/Normal/PNG/10149.png,0
5146,/root/StrokeDataset/Normal/PNG/10082.png,0
5147,/root/StrokeDataset/Bleeding/PNG/14289.png,2
5148,/root/StrokeDataset/Normal/PNG/10312.png,0
5149,/root/StrokeDataset/Normal/PNG/13673.png,0
5150,/root/StrokeDataset/Normal/PNG/14339.png,0
5151,/root/StrokeDataset/Ischemia/PNG/13640.png,1
5152,/root/StrokeDataset/Normal/PNG/11984.png,0
5153,/root/StrokeDataset/Ischemia/PNG/11019.png,1
5154,/root/StrokeDataset/Normal/PNG/16626.png,0
5155,/root/StrokeDataset/Normal/PNG/11779.png,0
5156,/root/StrokeDataset/Bleeding/PNG/15559.png,2
5157,/root/StrokeDataset/Normal/PNG/14432.png,0
5158,/root/StrokeDataset/Normal/PNG/12045.png,0
5159,/root/StrokeDataset/Ischemia/PNG/15759.png,1
5160,/root/StrokeDataset/Normal/PNG/14131.png,0
5161,/root/StrokeDataset/Normal/PNG/10572.png,0
5162,/root/StrokeDataset/Normal/PNG/13453.png,0
5163,/root/StrokeDataset/Normal/PNG/13139.png,0
5164,/root/StrokeDataset/Bleeding/PNG/10871.png,2
5165,/root/StrokeDataset/Normal/PNG/15922.png,0
5166,/root/StrokeDataset/Ischemia/PNG/15832.png,1
5167,/root/StrokeDataset/Normal/PNG/11508.png,0
5168,/root/StrokeDataset/Bleeding/PNG/13675.png,2
5169,/root/StrokeDataset/Normal/PNG/10953.png,0
5170,/root/StrokeDataset/Normal/PNG/13534.png,0
5171,/root/StrokeDataset/Normal/PNG/14674.png,0
5172,/root/StrokeDataset/Normal/PNG/14821.png,0
5173,/root/StrokeDataset/Bleeding/PNG/16072.png,2
5174,/root/StrokeDataset/Normal/PNG/11948.png,0
5175,/root/StrokeDataset/Normal/PNG/12362.png,0
5176,/root/StrokeDataset/Bleeding/PNG/13540.png,2
5177,/root/StrokeDataset/Normal/PNG/14911.png,0
5178,/root/StrokeDataset/Normal/PNG/14571.png,0
5179,/root/StrokeDataset/Ischemia/PNG/15753.png,1
5180,/root/StrokeDataset/Ischemia/PNG/12688.png,1
5181,/root/StrokeDataset/Bleeding/PNG/12021.png,2
5182,/root/StrokeDataset/Normal/PNG/15427.png,0
5183,/root/StrokeDataset/Normal/PNG/10643.png,0
5184,/root/StrokeDataset/Normal/PNG/15722.png,0
5185,/root/StrokeDataset/Normal/PNG/12631.png,0
5186,/root/StrokeDataset/Normal/PNG/10232.png,0
5187,/root/StrokeDataset/Bleeding/PNG/13296.png,2
5188,/root/StrokeDataset/Ischemia/PNG/16335.png,1
5189,/root/StrokeDataset/Normal/PNG/15261.png,0
5190,/root/StrokeDataset/Normal/PNG/16704.png,0
5191,/root/StrokeDataset/Normal/PNG/10159.png,0
5192,/root/StrokeDataset/Normal/PNG/10912.png,0
5193,/root/StrokeDataset/Normal/PNG/14802.png,0
5194,/root/StrokeDataset/Normal/PNG/10828.png,0
5195,/root/StrokeDataset/Normal/PNG/16198.png,0
5196,/root/StrokeDataset/Ischemia/PNG/13338.png,1
5197,/root/StrokeDataset/Normal/PNG/11274.png,0
5198,/root/StrokeDataset/Normal/PNG/17024.png,0
5199,/root/StrokeDataset/Normal/PNG/16204.png,0
5200,/root/StrokeDataset/Normal/PNG/12875.png,0
5201,/root/StrokeDataset/Ischemia/PNG/10920.png,1
5202,/root/StrokeDataset/Normal/PNG/11949.png,0
5203,/root/StrokeDataset/Normal/PNG/12174.png,0
5204,/root/StrokeDataset/Normal/PNG/10136.png,0
5205,/root/StrokeDataset/Ischemia/PNG/16920.png,1
5206,/root/StrokeDataset/Bleeding/PNG/15578.png,2
5207,/root/StrokeDataset/Normal/PNG/14156.png,0
5208,/root/StrokeDataset/Normal/PNG/15529.png,0
5209,/root/StrokeDataset/Normal/PNG/13964.png,0
5210,/root/StrokeDataset/Normal/PNG/14542.png,0
5211,/root/StrokeDataset/Bleeding/PNG/13493.png,2
5212,/root/StrokeDataset/Normal/PNG/15478.png,0
5213,/root/StrokeDataset/Normal/PNG/16993.png,0
5214,/root/StrokeDataset/Ischemia/PNG/13165.png,1
5215,/root/StrokeDataset/Normal/PNG/12838.png,0
5216,/root/StrokeDataset/Bleeding/PNG/13030.png,2
5217,/root/StrokeDataset/Normal/PNG/16984.png,0
5218,/root/StrokeDataset/Ischemia/PNG/13911.png,1
5219,/root/StrokeDataset/Ischemia/PNG/16586.png,1
5220,/root/StrokeDataset/Normal/PNG/13214.png,0
5221,/root/StrokeDataset/Normal/PNG/12709.png,0
5222,/root/StrokeDataset/Normal/PNG/15339.png,0
5223,/root/StrokeDataset/Bleeding/PNG/15394.png,2
5224,/root/StrokeDataset/Normal/PNG/15649.png,0
5225,/root/StrokeDataset/Bleeding/PNG/14252.png,2
5226,/root/StrokeDataset/Normal/PNG/15140.png,0
5227,/root/StrokeDataset/Bleeding/PNG/12654.png,2
5228,/root/StrokeDataset/Normal/PNG/16468.png,0
5229,/root/StrokeDataset/Normal/PNG/11751.png,0
5230,/root/StrokeDataset/Normal/PNG/13110.png,0
5231,/root/StrokeDataset/Ischemia/PNG/15958.png,1
5232,/root/StrokeDataset/Normal/PNG/13506.png,0
5233,/root/StrokeDataset/Normal/PNG/12427.png,0
5234,/root/StrokeDataset/Normal/PNG/10204.png,0
5235,/root/StrokeDataset/Ischemia/PNG/14407.png,1
5236,/root/StrokeDataset/Normal/PNG/11083.png,0
5237,/root/StrokeDataset/Ischemia/PNG/14968.png,1
5238,/root/StrokeDataset/Normal/PNG/16575.png,0
5239,/root/StrokeDataset/Normal/PNG/13162.png,0
5240,/root/StrokeDataset/Normal/PNG/16300.png,0
5241,/root/StrokeDataset/Normal/PNG/11464.png,0
5242,/root/StrokeDataset/Normal/PNG/16936.png,0
5243,/root/StrokeDataset/Bleeding/PNG/14126.png,2
5244,/root/StrokeDataset/Ischemia/PNG/16400.png,1
5245,/root/StrokeDataset/Normal/PNG/10856.png,0
5246,/root/StrokeDataset/Normal/PNG/11852.png,0
5247,/root/StrokeDataset/Ischemia/PNG/16821.png,1
5248,/root/StrokeDataset/Normal/PNG/12989.png,0
5249,/root/StrokeDataset/Normal/PNG/10664.png,0
5250,/root/StrokeDataset/Normal/PNG/14994.png,0
5251,/root/StrokeDataset/Normal/PNG/16552.png,0
5252,/root/StrokeDataset/Ischemia/PNG/10296.png,1
5253,/root/StrokeDataset/Bleeding/PNG/13897.png,2
5254,/root/StrokeDataset/Normal/PNG/12557.png,0
5255,/root/StrokeDataset/Normal/PNG/16624.png,0
5256,/root/StrokeDataset/Normal/PNG/15869.png,0
5257,/root/StrokeDataset/Normal/PNG/15770.png,0
5258,/root/StrokeDataset/Normal/PNG/12053.png,0
5259,/root/StrokeDataset/Normal/PNG/12139.png,0
5260,/root/StrokeDataset/Normal/PNG/12078.png,0
5261,/root/StrokeDataset/Normal/PNG/16413.png,0
5262,/root/StrokeDataset/Ischemia/PNG/11569.png,1
5263,/root/StrokeDataset/Normal/PNG/17022.png,0
5264,/root/StrokeDataset/Normal/PNG/11305.png,0
5265,/root/StrokeDataset/Normal/PNG/10217.png,0
5266,/root/StrokeDataset/Normal/PNG/12995.png,0
5267,/root/StrokeDataset/Normal/PNG/12637.png,0
5268,/root/StrokeDataset/Normal/PNG/12969.png,0
5269,/root/StrokeDataset/Bleeding/PNG/12899.png,2
5270,/root/StrokeDataset/Normal/PNG/14213.png,0
5271,/root/StrokeDataset/Ischemia/PNG/12717.png,1
5272,/root/StrokeDataset/Bleeding/PNG/15461.png,2
5273,/root/StrokeDataset/Normal/PNG/12967.png,0
5274,/root/StrokeDataset/Normal/PNG/13691.png,0
5275,/root/StrokeDataset/Normal/PNG/13240.png,0
5276,/root/StrokeDataset/Ischemia/PNG/15143.png,1
5277,/root/StrokeDataset/Normal/PNG/16266.png,0
5278,/root/StrokeDataset/Ischemia/PNG/15477.png,1
5279,/root/StrokeDataset/Normal/PNG/13348.png,0
5280,/root/StrokeDataset/Normal/PNG/10829.png,0
5281,/root/StrokeDataset/Normal/PNG/12249.png,0
5282,/root/StrokeDataset/Ischemia/PNG/13339.png,1
5283,/root/StrokeDataset/Normal/PNG/12322.png,0
5284,/root/StrokeDataset/Normal/PNG/15800.png,0
5285,/root/StrokeDataset/Bleeding/PNG/16806.png,2
5286,/root/StrokeDataset/Normal/PNG/13395.png,0
5287,/root/StrokeDataset/Normal/PNG/12580.png,0
5288,/root/StrokeDataset/Normal/PNG/11082.png,0
5289,/root/StrokeDataset/Bleeding/PNG/14129.png,2
5290,/root/StrokeDataset/Normal/PNG/10759.png,0
5291,/root/StrokeDataset/Normal/PNG/13790.png,0
5292,/root/StrokeDataset/Normal/PNG/13018.png,0
5293,/root/StrokeDataset/Normal/PNG/13792.png,0
5294,/root/StrokeDataset/Normal/PNG/11011.png,0
5295,/root/StrokeDataset/Bleeding/PNG/10116.png,2
5296,/root/StrokeDataset/Normal/PNG/16706.png,0
5297,/root/StrokeDataset/Normal/PNG/12746.png,0
5298,/root/StrokeDataset/Normal/PNG/16489.png,0
5299,/root/StrokeDataset/Normal/PNG/10704.png,0
5300,/root/StrokeDataset/Normal/PNG/12643.png,0
5301,/root/StrokeDataset/Normal/PNG/13687.png,0
5302,/root/StrokeDataset/Normal/PNG/12797.png,0
5303,/root/StrokeDataset/Normal/PNG/14283.png,0
5304,/root/StrokeDataset/Normal/PNG/12551.png,0
5305,/root/StrokeDataset/Ischemia/PNG/13442.png,1
5306,/root/StrokeDataset/Normal/PNG/12114.png,0
5307,/root/StrokeDataset/Bleeding/PNG/11016.png,2
5308,/root/StrokeDataset/Bleeding/PNG/13300.png,2
5309,/root/StrokeDataset/Normal/PNG/14523.png,0
5310,/root/StrokeDataset/Ischemia/PNG/13632.png,1
5311,/root/StrokeDataset/Normal/PNG/16132.png,0
5312,/root/StrokeDataset/Normal/PNG/15576.png,0
5313,/root/StrokeDataset/Normal/PNG/12848.png,0
5314,/root/StrokeDataset/Normal/PNG/14520.png,0
5315,/root/StrokeDataset/Ischemia/PNG/14980.png,1
5316,/root/StrokeDataset/Normal/PNG/11878.png,0
5317,/root/StrokeDataset/Normal/PNG/14399.png,0
5318,/root/StrokeDataset/Normal/PNG/11365.png,0
5319,/root/StrokeDataset/Normal/PNG/12255.png,0
5320,/root/StrokeDataset/Ischemia/PNG/11282.png,1
5321,/root/StrokeDataset/Normal/PNG/12180.png,0
5322,/root/StrokeDataset/Normal/PNG/11223.png,0
5323,/root/StrokeDataset/Normal/PNG/14446.png,0
5324,/root/StrokeDataset/Ischemia/PNG/12092.png,1
5325,/root/StrokeDataset/Normal/PNG/14637.png,0
5326,/root/StrokeDataset/Normal/PNG/15596.png,0
5327,/root/StrokeDataset/Normal/PNG/14698.png,0
5328,/root/StrokeDataset/Bleeding/PNG/14298.png,2
5329,/root/StrokeDataset/Normal/PNG/16596.png,0
5330,/root/StrokeDataset/Normal/PNG/10623.png,0
5331,/root/StrokeDataset/Normal/PNG/15945.png,0
5332,/root/StrokeDataset/Ischemia/PNG/12544.png,1
5333,/root/StrokeDataset/Normal/PNG/15900.png,0
5334,/root/StrokeDataset/Normal/PNG/14177.png,0
5335,/root/StrokeDataset/Normal/PNG/10389.png,0
5336,/root/StrokeDataset/Normal/PNG/14927.png,0
5337,/root/StrokeDataset/Ischemia/PNG/12847.png,1
5338,/root/StrokeDataset/Normal/PNG/13049.png,0
5339,/root/StrokeDataset/Normal/PNG/15643.png,0
5340,/root/StrokeDataset/Normal/PNG/11793.png,0
5341,/root/StrokeDataset/Normal/PNG/12194.png,0
5342,/root/StrokeDataset/Normal/PNG/12245.png,0
5343,/root/StrokeDataset/Normal/PNG/11783.png,0
5344,/root/StrokeDataset/Normal/PNG/13877.png,0
5345,/root/StrokeDataset/Normal/PNG/10581.png,0
5346,/root/StrokeDataset/Normal/PNG/10798.png,0
5347,/root/StrokeDataset/Ischemia/PNG/14509.png,1
5348,/root/StrokeDataset/Normal/PNG/13430.png,0
5349,/root/StrokeDataset/Ischemia/PNG/13754.png,1
5350,/root/StrokeDataset/Normal/PNG/14276.png,0
5351,/root/StrokeDataset/Bleeding/PNG/14956.png,2
5352,/root/StrokeDataset/Normal/PNG/16486.png,0
5353,/root/StrokeDataset/Normal/PNG/12858.png,0
5354,/root/StrokeDataset/Ischemia/PNG/16561.png,1
5355,/root/StrokeDataset/Normal/PNG/12502.png,0
5356,/root/StrokeDataset/Normal/PNG/14588.png,0
5357,/root/StrokeDataset/Normal/PNG/16612.png,0
5358,/root/StrokeDataset/Normal/PNG/12153.png,0
5359,/root/StrokeDataset/Bleeding/PNG/15819.png,2
5360,/root/StrokeDataset/Normal/PNG/11886.png,0
5361,/root/StrokeDataset/Ischemia/PNG/13253.png,1
5362,/root/StrokeDataset/Normal/PNG/15768.png,0
5363,/root/StrokeDataset/Normal/PNG/12844.png,0
5364,/root/StrokeDataset/Normal/PNG/11045.png,0
5365,/root/StrokeDataset/Ischemia/PNG/14533.png,1
5366,/root/StrokeDataset/Normal/PNG/13035.png,0
5367,/root/StrokeDataset/Normal/PNG/13651.png,0
5368,/root/StrokeDataset/Ischemia/PNG/10273.png,1
5369,/root/StrokeDataset/Normal/PNG/12342.png,0
5370,/root/StrokeDataset/Ischemia/PNG/10060.png,1
5371,/root/StrokeDataset/Normal/PNG/14353.png,0
5372,/root/StrokeDataset/Normal/PNG/16516.png,0
5373,/root/StrokeDataset/Ischemia/PNG/16820.png,1
5374,/root/StrokeDataset/Normal/PNG/13425.png,0
5375,/root/StrokeDataset/Normal/PNG/12426.png,0
5376,/root/StrokeDataset/Normal/PNG/16927.png,0
5377,/root/StrokeDataset/Normal/PNG/11679.png,0
5378,/root/StrokeDataset/Bleeding/PNG/14725.png,2
5379,/root/StrokeDataset/Normal/PNG/12285.png,0
5380,/root/StrokeDataset/Normal/PNG/14267.png,0
5381,/root/StrokeDataset/Normal/PNG/14034.png,0
5382,/root/StrokeDataset/Normal/PNG/14014.png,0
5383,/root/StrokeDataset/Normal/PNG/11273.png,0
5384,/root/StrokeDataset/Normal/PNG/14449.png,0
5385,/root/StrokeDataset/Normal/PNG/15523.png,0
5386,/root/StrokeDataset/Normal/PNG/16315.png,0
5387,/root/StrokeDataset/Bleeding/PNG/10997.png,2
5388,/root/StrokeDataset/Normal/PNG/16424.png,0
5389,/root/StrokeDataset/Bleeding/PNG/10046.png,2
5390,/root/StrokeDataset/Normal/PNG/15715.png,0
5391,/root/StrokeDataset/Ischemia/PNG/14584.png,1
5392,/root/StrokeDataset/Ischemia/PNG/14868.png,1
5393,/root/StrokeDataset/Normal/PNG/14580.png,0
5394,/root/StrokeDataset/Ischemia/PNG/10937.png,1
5395,/root/StrokeDataset/Normal/PNG/12686.png,0
5396,/root/StrokeDataset/Bleeding/PNG/12374.png,2
5397,/root/StrokeDataset/Normal/PNG/12478.png,0
5398,/root/StrokeDataset/Bleeding/PNG/15039.png,2
5399,/root/StrokeDataset/Ischemia/PNG/13623.png,1
5400,/root/StrokeDataset/Normal/PNG/11140.png,0
5401,/root/StrokeDataset/Normal/PNG/10805.png,0
5402,/root/StrokeDataset/Bleeding/PNG/13983.png,2
5403,/root/StrokeDataset/Ischemia/PNG/13313.png,1
5404,/root/StrokeDataset/Ischemia/PNG/16613.png,1
5405,/root/StrokeDataset/Normal/PNG/11131.png,0
5406,/root/StrokeDataset/Normal/PNG/12340.png,0
5407,/root/StrokeDataset/Normal/PNG/10144.png,0
5408,/root/StrokeDataset/Ischemia/PNG/15672.png,1
5409,/root/StrokeDataset/Bleeding/PNG/15445.png,2
5410,/root/StrokeDataset/Bleeding/PNG/10434.png,2
5411,/root/StrokeDataset/Bleeding/PNG/12929.png,2
5412,/root/StrokeDataset/Normal/PNG/13975.png,0
5413,/root/StrokeDataset/Normal/PNG/16641.png,0
5414,/root/StrokeDataset/Bleeding/PNG/11145.png,2
5415,/root/StrokeDataset/Normal/PNG/14909.png,0
5416,/root/StrokeDataset/Normal/PNG/10720.png,0
5417,/root/StrokeDataset/Normal/PNG/10824.png,0
5418,/root/StrokeDataset/Normal/PNG/14402.png,0
5419,/root/StrokeDataset/Normal/PNG/12732.png,0
5420,/root/StrokeDataset/Bleeding/PNG/14422.png,2
5421,/root/StrokeDataset/Normal/PNG/16397.png,0
5422,/root/StrokeDataset/Bleeding/PNG/12134.png,2
5423,/root/StrokeDataset/Normal/PNG/16407.png,0
5424,/root/StrokeDataset/Normal/PNG/13258.png,0
5425,/root/StrokeDataset/Normal/PNG/15145.png,0
5426,/root/StrokeDataset/Normal/PNG/14797.png,0
5427,/root/StrokeDataset/Bleeding/PNG/14151.png,2
5428,/root/StrokeDataset/Normal/PNG/15213.png,0
5429,/root/StrokeDataset/Normal/PNG/11239.png,0
5430,/root/StrokeDataset/Normal/PNG/13104.png,0
5431,/root/StrokeDataset/Normal/PNG/11542.png,0
5432,/root/StrokeDataset/Bleeding/PNG/10346.png,2
5433,/root/StrokeDataset/Normal/PNG/16919.png,0
5434,/root/StrokeDataset/Ischemia/PNG/12119.png,1
5435,/root/StrokeDataset/Bleeding/PNG/14225.png,2
5436,/root/StrokeDataset/Normal/PNG/15561.png,0
5437,/root/StrokeDataset/Normal/PNG/12543.png,0
5438,/root/StrokeDataset/Normal/PNG/16537.png,0
5439,/root/StrokeDataset/Normal/PNG/14269.png,0
5440,/root/StrokeDataset/Normal/PNG/11201.png,0
5441,/root/StrokeDataset/Normal/PNG/11283.png,0
5442,/root/StrokeDataset/Bleeding/PNG/15330.png,2
5443,/root/StrokeDataset/Ischemia/PNG/12647.png,1
5444,/root/StrokeDataset/Normal/PNG/15165.png,0
5445,/root/StrokeDataset/Normal/PNG/16941.png,0
5446,/root/StrokeDataset/Ischemia/PNG/14324.png,1
5447,/root/StrokeDataset/Normal/PNG/16298.png,0
5448,/root/StrokeDataset/Normal/PNG/12204.png,0
5449,/root/StrokeDataset/Normal/PNG/16451.png,0
5450,/root/StrokeDataset/Ischemia/PNG/16169.png,1
5451,/root/StrokeDataset/Normal/PNG/10484.png,0
5452,/root/StrokeDataset/Bleeding/PNG/11728.png,2
5453,/root/StrokeDataset/Normal/PNG/13380.png,0
5454,/root/StrokeDataset/Normal/PNG/10348.png,0
5455,/root/StrokeDataset/Normal/PNG/15716.png,0
5456,/root/StrokeDataset/Normal/PNG/12538.png,0
5457,/root/StrokeDataset/Normal/PNG/13831.png,0
5458,/root/StrokeDataset/Normal/PNG/11453.png,0
5459,/root/StrokeDataset/Normal/PNG/13013.png,0
5460,/root/StrokeDataset/Normal/PNG/12602.png,0
5461,/root/StrokeDataset/Bleeding/PNG/12371.png,2
5462,/root/StrokeDataset/Normal/PNG/13620.png,0
5463,/root/StrokeDataset/Ischemia/PNG/11326.png,1
5464,/root/StrokeDataset/Ischemia/PNG/10907.png,1
5465,/root/StrokeDataset/Bleeding/PNG/10555.png,2
5466,/root/StrokeDataset/Bleeding/PNG/11015.png,2
5467,/root/StrokeDataset/Normal/PNG/16693.png,0
5468,/root/StrokeDataset/Bleeding/PNG/15540.png,2
5469,/root/StrokeDataset/Ischemia/PNG/14513.png,1
5470,/root/StrokeDataset/Normal/PNG/16608.png,0
5471,/root/StrokeDataset/Normal/PNG/14649.png,0
5472,/root/StrokeDataset/Bleeding/PNG/16655.png,2
5473,/root/StrokeDataset/Normal/PNG/16808.png,0
5474,/root/StrokeDataset/Normal/PNG/10505.png,0
5475,/root/StrokeDataset/Normal/PNG/12671.png,0
5476,/root/StrokeDataset/Normal/PNG/13793.png,0
5477,/root/StrokeDataset/Normal/PNG/11938.png,0
5478,/root/StrokeDataset/Normal/PNG/11807.png,0
5479,/root/StrokeDataset/Normal/PNG/16277.png,0
5480,/root/StrokeDataset/Bleeding/PNG/14069.png,2
5481,/root/StrokeDataset/Ischemia/PNG/16495.png,1
5482,/root/StrokeDataset/Ischemia/PNG/10206.png,1
5483,/root/StrokeDataset/Normal/PNG/11456.png,0
5484,/root/StrokeDataset/Bleeding/PNG/10806.png,2
5485,/root/StrokeDataset/Ischemia/PNG/11257.png,1
5486,/root/StrokeDataset/Normal/PNG/11078.png,0
5487,/root/StrokeDataset/Bleeding/PNG/16892.png,2
5488,/root/StrokeDataset/Normal/PNG/11360.png,0
5489,/root/StrokeDataset/Normal/PNG/15157.png,0
5490,/root/StrokeDataset/Normal/PNG/10860.png,0
5491,/root/StrokeDataset/Ischemia/PNG/11554.png,1
5492,/root/StrokeDataset/Ischemia/PNG/11973.png,1
5493,/root/StrokeDataset/Bleeding/PNG/12814.png,2
5494,/root/StrokeDataset/Normal/PNG/10526.png,0
5495,/root/StrokeDataset/Normal/PNG/13479.png,0
5496,/root/StrokeDataset/Normal/PNG/12787.png,0
5497,/root/StrokeDataset/Bleeding/PNG/11301.png,2
5498,/root/StrokeDataset/Normal/PNG/10162.png,0
5499,/root/StrokeDataset/Ischemia/PNG/10053.png,1
5500,/root/StrokeDataset/Ischemia/PNG/16918.png,1
5501,/root/StrokeDataset/Normal/PNG/10932.png,0
5502,/root/StrokeDataset/Normal/PNG/11192.png,0
5503,/root/StrokeDataset/Normal/PNG/11138.png,0
5504,/root/StrokeDataset/Normal/PNG/16476.png,0
5505,/root/StrokeDataset/Normal/PNG/14145.png,0
5506,/root/StrokeDataset/Bleeding/PNG/13714.png,2
5507,/root/StrokeDataset/Bleeding/PNG/16471.png,2
5508,/root/StrokeDataset/Normal/PNG/11703.png,0
5509,/root/StrokeDataset/Normal/PNG/16406.png,0
5510,/root/StrokeDataset/Bleeding/PNG/10832.png,2
5511,/root/StrokeDataset/Ischemia/PNG/14051.png,1
5512,/root/StrokeDataset/Normal/PNG/16353.png,0
5513,/root/StrokeDataset/Normal/PNG/10706.png,0
5514,/root/StrokeDataset/Normal/PNG/14643.png,0
5515,/root/StrokeDataset/Normal/PNG/15972.png,0
5516,/root/StrokeDataset/Normal/PNG/15964.png,0
5517,/root/StrokeDataset/Bleeding/PNG/14563.png,2
5518,/root/StrokeDataset/Normal/PNG/12124.png,0
5519,/root/StrokeDataset/Normal/PNG/10380.png,0
5520,/root/StrokeDataset/Normal/PNG/16700.png,0
5521,/root/StrokeDataset/Normal/PNG/12000.png,0
5522,/root/StrokeDataset/Normal/PNG/15548.png,0
5523,/root/StrokeDataset/Ischemia/PNG/13626.png,1
5524,/root/StrokeDataset/Ischemia/PNG/16839.png,1
5525,/root/StrokeDataset/Normal/PNG/16605.png,0
5526,/root/StrokeDataset/Normal/PNG/10251.png,0
5527,/root/StrokeDataset/Normal/PNG/14497.png,0
5528,/root/StrokeDataset/Normal/PNG/15839.png,0
5529,/root/StrokeDataset/Normal/PNG/13501.png,0
5530,/root/StrokeDataset/Ischemia/PNG/13776.png,1
5531,/root/StrokeDataset/Normal/PNG/16777.png,0
5532,/root/StrokeDataset/Ischemia/PNG/15711.png,1
5533,/root/StrokeDataset/Bleeding/PNG/13899.png,2
5534,/root/StrokeDataset/Normal/PNG/10058.png,0
5535,/root/StrokeDataset/Normal/PNG/12323.png,0
5536,/root/StrokeDataset/Bleeding/PNG/13572.png,2
5537,/root/StrokeDataset/Normal/PNG/15739.png,0
5538,/root/StrokeDataset/Bleeding/PNG/15796.png,2
5539,/root/StrokeDataset/Ischemia/PNG/12405.png,1
5540,/root/StrokeDataset/Normal/PNG/11531.png,0
5541,/root/StrokeDataset/Normal/PNG/14157.png,0
5542,/root/StrokeDataset/Bleeding/PNG/15501.png,2
5543,/root/StrokeDataset/Normal/PNG/15146.png,0
5544,/root/StrokeDataset/Ischemia/PNG/10795.png,1
5545,/root/StrokeDataset/Bleeding/PNG/12112.png,2
5546,/root/StrokeDataset/Normal/PNG/13631.png,0
5547,/root/StrokeDataset/Normal/PNG/14455.png,0
5548,/root/StrokeDataset/Normal/PNG/16220.png,0
5549,/root/StrokeDataset/Ischemia/PNG/15942.png,1
5550,/root/StrokeDataset/Normal/PNG/12401.png,0
5551,/root/StrokeDataset/Normal/PNG/11025.png,0
5552,/root/StrokeDataset/Bleeding/PNG/16051.png,2
5553,/root/StrokeDataset/Normal/PNG/15088.png,0
5554,/root/StrokeDataset/Bleeding/PNG/14435.png,2
5555,/root/StrokeDataset/Normal/PNG/15940.png,0
5556,/root/StrokeDataset/Ischemia/PNG/16117.png,1
5557,/root/StrokeDataset/Ischemia/PNG/15125.png,1
5558,/root/StrokeDataset/Normal/PNG/15388.png,0
5559,/root/StrokeDataset/Normal/PNG/13273.png,0
5560,/root/StrokeDataset/Ischemia/PNG/13692.png,1
5561,/root/StrokeDataset/Normal/PNG/11215.png,0
5562,/root/StrokeDataset/Normal/PNG/12705.png,0
5563,/root/StrokeDataset/Bleeding/PNG/12365.png,2
5564,/root/StrokeDataset/Normal/PNG/11431.png,0
5565,/root/StrokeDataset/Normal/PNG/12233.png,0
5566,/root/StrokeDataset/Bleeding/PNG/12361.png,2
5567,/root/StrokeDataset/Normal/PNG/16007.png,0
5568,/root/StrokeDataset/Normal/PNG/10359.png,0
5569,/root/StrokeDataset/Normal/PNG/16276.png,0
5570,/root/StrokeDataset/Normal/PNG/11694.png,0
5571,/root/StrokeDataset/Ischemia/PNG/14066.png,1
5572,/root/StrokeDataset/Normal/PNG/16990.png,0
5573,/root/StrokeDataset/Normal/PNG/15350.png,0
5574,/root/StrokeDataset/Ischemia/PNG/16522.png,1
5575,/root/StrokeDataset/Normal/PNG/11985.png,0
5576,/root/StrokeDataset/Normal/PNG/10944.png,0
5577,/root/StrokeDataset/Bleeding/PNG/17009.png,2
5578,/root/StrokeDataset/Ischemia/PNG/16573.png,1
5579,/root/StrokeDataset/Bleeding/PNG/13256.png,2
5580,/root/StrokeDataset/Normal/PNG/10813.png,0
5581,/root/StrokeDataset/Ischemia/PNG/16587.png,1
5582,/root/StrokeDataset/Normal/PNG/13257.png,0
5583,/root/StrokeDataset/Ischemia/PNG/13233.png,1
5584,/root/StrokeDataset/Bleeding/PNG/15463.png,2
5585,/root/StrokeDataset/Normal/PNG/11861.png,0
5586,/root/StrokeDataset/Normal/PNG/11429.png,0
5587,/root/StrokeDataset/Normal/PNG/13288.png,0
5588,/root/StrokeDataset/Normal/PNG/11047.png,0
5589,/root/StrokeDataset/Normal/PNG/13103.png,0
5590,/root/StrokeDataset/Normal/PNG/14534.png,0
5591,/root/StrokeDataset/Normal/PNG/10738.png,0
5592,/root/StrokeDataset/Ischemia/PNG/11663.png,1
5593,/root/StrokeDataset/Normal/PNG/16299.png,0
5594,/root/StrokeDataset/Bleeding/PNG/10120.png,2
5595,/root/StrokeDataset/Normal/PNG/12389.png,0
5596,/root/StrokeDataset/Normal/PNG/15798.png,0
5597,/root/StrokeDataset/Normal/PNG/16686.png,0
5598,/root/StrokeDataset/Ischemia/PNG/11156.png,1
5599,/root/StrokeDataset/Normal/PNG/10974.png,0
5600,/root/StrokeDataset/Normal/PNG/10919.png,0
5601,/root/StrokeDataset/Normal/PNG/15256.png,0
5602,/root/StrokeDataset/Normal/PNG/11631.png,0
5603,/root/StrokeDataset/Bleeding/PNG/13223.png,2
5604,/root/StrokeDataset/Normal/PNG/10588.png,0
5605,/root/StrokeDataset/Ischemia/PNG/14104.png,1
5606,/root/StrokeDataset/Bleeding/PNG/10689.png,2
5607,/root/StrokeDataset/Normal/PNG/12215.png,0
5608,/root/StrokeDataset/Normal/PNG/13999.png,0
5609,/root/StrokeDataset/Normal/PNG/10079.png,0
5610,/root/StrokeDataset/Normal/PNG/12258.png,0
5611,/root/StrokeDataset/Normal/PNG/16221.png,0
5612,/root/StrokeDataset/Normal/PNG/11867.png,0
5613,/root/StrokeDataset/Normal/PNG/14641.png,0
5614,/root/StrokeDataset/Normal/PNG/14935.png,0
5615,/root/StrokeDataset/Normal/PNG/13857.png,0
5616,/root/StrokeDataset/Normal/PNG/13827.png,0
5617,/root/StrokeDataset/Normal/PNG/15647.png,0
5618,/root/StrokeDataset/Bleeding/PNG/13469.png,2
5619,/root/StrokeDataset/Ischemia/PNG/10479.png,1
5620,/root/StrokeDataset/Normal/PNG/12438.png,0
5621,/root/StrokeDataset/Normal/PNG/11338.png,0
5622,/root/StrokeDataset/Normal/PNG/15701.png,0
5623,/root/StrokeDataset/Normal/PNG/13744.png,0
5624,/root/StrokeDataset/Normal/PNG/15208.png,0
5625,/root/StrokeDataset/Bleeding/PNG/11315.png,2
5626,/root/StrokeDataset/Normal/PNG/13779.png,0
5627,/root/StrokeDataset/Bleeding/PNG/15171.png,2
5628,/root/StrokeDataset/Ischemia/PNG/15361.png,1
5629,/root/StrokeDataset/Normal/PNG/10458.png,0
5630,/root/StrokeDataset/Normal/PNG/11838.png,0
5631,/root/StrokeDataset/Normal/PNG/12993.png,0
5632,/root/StrokeDataset/Normal/PNG/15751.png,0
5633,/root/StrokeDataset/Bleeding/PNG/16527.png,2
5634,/root/StrokeDataset/Normal/PNG/11463.png,0
5635,/root/StrokeDataset/Ischemia/PNG/10418.png,1
5636,/root/StrokeDataset/Ischemia/PNG/14848.png,1
5637,/root/StrokeDataset/Normal/PNG/16102.png,0
5638,/root/StrokeDataset/Normal/PNG/16895.png,0
5639,/root/StrokeDataset/Normal/PNG/13366.png,0
5640,/root/StrokeDataset/Ischemia/PNG/11565.png,1
5641,/root/StrokeDataset/Normal/PNG/16099.png,0
5642,/root/StrokeDataset/Normal/PNG/16634.png,0
5643,/root/StrokeDataset/Bleeding/PNG/11048.png,2
5644,/root/StrokeDataset/Ischemia/PNG/13915.png,1
5645,/root/StrokeDataset/Bleeding/PNG/12971.png,2
5646,/root/StrokeDataset/Normal/PNG/12682.png,0
5647,/root/StrokeDataset/Normal/PNG/13515.png,0
5648,/root/StrokeDataset/Ischemia/PNG/15601.png,1
5649,/root/StrokeDataset/Normal/PNG/13205.png,0
5650,/root/StrokeDataset/Normal/PNG/13498.png,0
5651,/root/StrokeDataset/Normal/PNG/15016.png,0
5652,/root/StrokeDataset/Normal/PNG/12784.png,0
5653,/root/StrokeDataset/Normal/PNG/15685.png,0
5654,/root/StrokeDataset/Bleeding/PNG/14330.png,2
5655,/root/StrokeDataset/Ischemia/PNG/11933.png,1
5656,/root/StrokeDataset/Bleeding/PNG/13774.png,2
5657,/root/StrokeDataset/Bleeding/PNG/13027.png,2
5658,/root/StrokeDataset/Bleeding/PNG/13200.png,2
5659,/root/StrokeDataset/Normal/PNG/10341.png,0
5660,/root/StrokeDataset/Normal/PNG/16584.png,0
5661,/root/StrokeDataset/Normal/PNG/12128.png,0
5662,/root/StrokeDataset/Normal/PNG/16900.png,0
5663,/root/StrokeDataset/Normal/PNG/10207.png,0
5664,/root/StrokeDataset/Normal/PNG/10523.png,0
5665,/root/StrokeDataset/Normal/PNG/15105.png,0
5666,/root/StrokeDataset/Bleeding/PNG/13079.png,2
5667,/root/StrokeDataset/Normal/PNG/15543.png,0
5668,/root/StrokeDataset/Normal/PNG/16786.png,0
5669,/root/StrokeDataset/Normal/PNG/12693.png,0
5670,/root/StrokeDataset/Ischemia/PNG/11224.png,1
5671,/root/StrokeDataset/Normal/PNG/14081.png,0
5672,/root/StrokeDataset/Ischemia/PNG/12075.png,1
5673,/root/StrokeDataset/Normal/PNG/12419.png,0
5674,/root/StrokeDataset/Normal/PNG/10495.png,0
5675,/root/StrokeDataset/Bleeding/PNG/16441.png,2
5676,/root/StrokeDataset/Normal/PNG/16977.png,0
5677,/root/StrokeDataset/Bleeding/PNG/10793.png,2
5678,/root/StrokeDataset/Normal/PNG/14885.png,0
5679,/root/StrokeDataset/Normal/PNG/12877.png,0
5680,/root/StrokeDataset/Normal/PNG/15365.png,0
5681,/root/StrokeDataset/Normal/PNG/11929.png,0
5682,/root/StrokeDataset/Normal/PNG/13965.png,0
5683,/root/StrokeDataset/Normal/PNG/14144.png,0
5684,/root/StrokeDataset/Bleeding/PNG/11137.png,2
5685,/root/StrokeDataset/Normal/PNG/13984.png,0
5686,/root/StrokeDataset/Normal/PNG/16604.png,0
5687,/root/StrokeDataset/Normal/PNG/16632.png,0
5688,/root/StrokeDataset/Normal/PNG/15678.png,0
5689,/root/StrokeDataset/Normal/PNG/11795.png,0
5690,/root/StrokeDataset/Ischemia/PNG/11184.png,1
5691,/root/StrokeDataset/Normal/PNG/12085.png,0
5692,/root/StrokeDataset/Normal/PNG/15227.png,0
5693,/root/StrokeDataset/Normal/PNG/10553.png,0
5694,/root/StrokeDataset/Normal/PNG/13757.png,0
5695,/root/StrokeDataset/Ischemia/PNG/15959.png,1
5696,/root/StrokeDataset/Normal/PNG/10497.png,0
5697,/root/StrokeDataset/Ischemia/PNG/10747.png,1
5698,/root/StrokeDataset/Normal/PNG/14988.png,0
5699,/root/StrokeDataset/Normal/PNG/16247.png,0
5700,/root/StrokeDataset/Bleeding/PNG/13203.png,2
5701,/root/StrokeDataset/Normal/PNG/12876.png,0
5702,/root/StrokeDataset/Bleeding/PNG/13556.png,2
5703,/root/StrokeDataset/Normal/PNG/14979.png,0
5704,/root/StrokeDataset/Ischemia/PNG/13015.png,1
5705,/root/StrokeDataset/Normal/PNG/10946.png,0
5706,/root/StrokeDataset/Normal/PNG/12744.png,0
5707,/root/StrokeDataset/Normal/PNG/12121.png,0
5708,/root/StrokeDataset/Normal/PNG/16311.png,0
5709,/root/StrokeDataset/Ischemia/PNG/15355.png,1
5710,/root/StrokeDataset/Normal/PNG/15097.png,0
5711,/root/StrokeDataset/Normal/PNG/13281.png,0
5712,/root/StrokeDataset/Normal/PNG/12739.png,0
5713,/root/StrokeDataset/Normal/PNG/11714.png,0
5714,/root/StrokeDataset/Normal/PNG/12978.png,0
5715,/root/StrokeDataset/Bleeding/PNG/14557.png,2
5716,/root/StrokeDataset/Ischemia/PNG/15011.png,1
5717,/root/StrokeDataset/Normal/PNG/15462.png,0
5718,/root/StrokeDataset/Normal/PNG/13742.png,0
5719,/root/StrokeDataset/Normal/PNG/13218.png,0
5720,/root/StrokeDataset/Bleeding/PNG/12422.png,2
5721,/root/StrokeDataset/Ischemia/PNG/16104.png,1
5722,/root/StrokeDataset/Bleeding/PNG/16572.png,2
5723,/root/StrokeDataset/Ischemia/PNG/14964.png,1
5724,/root/StrokeDataset/Ischemia/PNG/16737.png,1
5725,/root/StrokeDataset/Normal/PNG/14441.png,0
5726,/root/StrokeDataset/Bleeding/PNG/15004.png,2
5727,/root/StrokeDataset/Bleeding/PNG/11992.png,2
5728,/root/StrokeDataset/Normal/PNG/12017.png,0
5729,/root/StrokeDataset/Normal/PNG/13370.png,0
5730,/root/StrokeDataset/Normal/PNG/11125.png,0
5731,/root/StrokeDataset/Normal/PNG/14431.png,0
5732,/root/StrokeDataset/Bleeding/PNG/13135.png,2
5733,/root/StrokeDataset/Normal/PNG/10634.png,0
5734,/root/StrokeDataset/Ischemia/PNG/10248.png,1
5735,/root/StrokeDataset/Normal/PNG/15580.png,0
5736,/root/StrokeDataset/Ischemia/PNG/16437.png,1
5737,/root/StrokeDataset/Normal/PNG/10347.png,0
5738,/root/StrokeDataset/Normal/PNG/13668.png,0
5739,/root/StrokeDataset/Normal/PNG/16690.png,0
5740,/root/StrokeDataset/Ischemia/PNG/15842.png,1
5741,/root/StrokeDataset/Normal/PNG/12142.png,0
5742,/root/StrokeDataset/Normal/PNG/14748.png,0
5743,/root/StrokeDataset/Normal/PNG/10269.png,0
5744,/root/StrokeDataset/Bleeding/PNG/14256.png,2
5745,/root/StrokeDataset/Normal/PNG/16555.png,0
5746,/root/StrokeDataset/Normal/PNG/14143.png,0
5747,/root/StrokeDataset/Bleeding/PNG/11653.png,2
5748,/root/StrokeDataset/Normal/PNG/12493.png,0
5749,/root/StrokeDataset/Normal/PNG/13783.png,0
5750,/root/StrokeDataset/Normal/PNG/10087.png,0
5751,/root/StrokeDataset/Bleeding/PNG/14577.png,2
5752,/root/StrokeDataset/Normal/PNG/14728.png,0
5753,/root/StrokeDataset/Normal/PNG/16129.png,0
5754,/root/StrokeDataset/Bleeding/PNG/14053.png,2
5755,/root/StrokeDataset/Normal/PNG/10700.png,0
5756,/root/StrokeDataset/Bleeding/PNG/13751.png,2
5757,/root/StrokeDataset/Ischemia/PNG/13195.png,1
5758,/root/StrokeDataset/Normal/PNG/11189.png,0
5759,/root/StrokeDataset/Normal/PNG/11276.png,0
5760,/root/StrokeDataset/Normal/PNG/11441.png,0
5761,/root/StrokeDataset/Normal/PNG/14529.png,0
5762,/root/StrokeDataset/Bleeding/PNG/11598.png,2
5763,/root/StrokeDataset/Normal/PNG/13029.png,0
5764,/root/StrokeDataset/Normal/PNG/15760.png,0
5765,/root/StrokeDataset/Bleeding/PNG/15360.png,2
5766,/root/StrokeDataset/Normal/PNG/10615.png,0
5767,/root/StrokeDataset/Normal/PNG/16343.png,0
5768,/root/StrokeDataset/Bleeding/PNG/13304.png,2
5769,/root/StrokeDataset/Normal/PNG/15216.png,0
5770,/root/StrokeDataset/Ischemia/PNG/11640.png,1
5771,/root/StrokeDataset/Normal/PNG/12068.png,0
5772,/root/StrokeDataset/Bleeding/PNG/14409.png,2
5773,/root/StrokeDataset/Normal/PNG/10272.png,0
5774,/root/StrokeDataset/Bleeding/PNG/16227.png,2
5775,/root/StrokeDataset/Normal/PNG/10016.png,0
5776,/root/StrokeDataset/Normal/PNG/10517.png,0
5777,/root/StrokeDataset/Normal/PNG/16458.png,0
5778,/root/StrokeDataset/Normal/PNG/13660.png,0
5779,/root/StrokeDataset/Ischemia/PNG/12630.png,1
5780,/root/StrokeDataset/Normal/PNG/16688.png,0
5781,/root/StrokeDataset/Normal/PNG/10335.png,0
5782,/root/StrokeDataset/Normal/PNG/13245.png,0
5783,/root/StrokeDataset/Normal/PNG/16759.png,0
5784,/root/StrokeDataset/Ischemia/PNG/16884.png,1
5785,/root/StrokeDataset/Normal/PNG/16796.png,0
5786,/root/StrokeDataset/Normal/PNG/15327.png,0
5787,/root/StrokeDataset/Normal/PNG/11843.png,0
5788,/root/StrokeDataset/Normal/PNG/10099.png,0
5789,/root/StrokeDataset/Normal/PNG/14582.png,0
5790,/root/StrokeDataset/Normal/PNG/15109.png,0
5791,/root/StrokeDataset/Ischemia/PNG/14931.png,1
5792,/root/StrokeDataset/Normal/PNG/16554.png,0
5793,/root/StrokeDataset/Normal/PNG/10102.png,0
5794,/root/StrokeDataset/Normal/PNG/14288.png,0
5795,/root/StrokeDataset/Normal/PNG/11207.png,0
5796,/root/StrokeDataset/Normal/PNG/14169.png,0
5797,/root/StrokeDataset/Ischemia/PNG/10868.png,1
5798,/root/StrokeDataset/Normal/PNG/16871.png,0
5799,/root/StrokeDataset/Normal/PNG/11688.png,0
5800,/root/StrokeDataset/Ischemia/PNG/12581.png,1
5801,/root/StrokeDataset/Normal/PNG/15840.png,0
5802,/root/StrokeDataset/Normal/PNG/14805.png,0
5803,/root/StrokeDataset/Bleeding/PNG/12165.png,2
5804,/root/StrokeDataset/Normal/PNG/10433.png,0
5805,/root/StrokeDataset/Ischemia/PNG/11166.png,1
5806,/root/StrokeDataset/Bleeding/PNG/13821.png,2
5807,/root/StrokeDataset/Normal/PNG/15779.png,0
5808,/root/StrokeDataset/Ischemia/PNG/10188.png,1
5809,/root/StrokeDataset/Normal/PNG/14206.png,0
5810,/root/StrokeDataset/Normal/PNG/17005.png,0
5811,/root/StrokeDataset/Normal/PNG/15709.png,0
5812,/root/StrokeDataset/Ischemia/PNG/10453.png,1
5813,/root/StrokeDataset/Normal/PNG/11079.png,0
5814,/root/StrokeDataset/Normal/PNG/13404.png,0
5815,/root/StrokeDataset/Bleeding/PNG/10987.png,2
5816,/root/StrokeDataset/Normal/PNG/12130.png,0
5817,/root/StrokeDataset/Normal/PNG/13693.png,0
5818,/root/StrokeDataset/Ischemia/PNG/15021.png,1
5819,/root/StrokeDataset/Normal/PNG/15680.png,0
5820,/root/StrokeDataset/Normal/PNG/11148.png,0
5821,/root/StrokeDataset/Bleeding/PNG/10276.png,2
5822,/root/StrokeDataset/Ischemia/PNG/14297.png,1
5823,/root/StrokeDataset/Normal/PNG/11342.png,0
5824,/root/StrokeDataset/Normal/PNG/16926.png,0
5825,/root/StrokeDataset/Ischemia/PNG/16346.png,1
5826,/root/StrokeDataset/Bleeding/PNG/15512.png,2
5827,/root/StrokeDataset/Bleeding/PNG/12539.png,2
5828,/root/StrokeDataset/Normal/PNG/13332.png,0
5829,/root/StrokeDataset/Normal/PNG/10398.png,0
5830,/root/StrokeDataset/Normal/PNG/16547.png,0
5831,/root/StrokeDataset/Bleeding/PNG/12976.png,2
5832,/root/StrokeDataset/Bleeding/PNG/15889.png,2
5833,/root/StrokeDataset/Normal/PNG/11988.png,0
5834,/root/StrokeDataset/Normal/PNG/16603.png,0
5835,/root/StrokeDataset/Ischemia/PNG/12656.png,1
5836,/root/StrokeDataset/Ischemia/PNG/11403.png,1
5837,/root/StrokeDataset/Normal/PNG/10225.png,0
5838,/root/StrokeDataset/Normal/PNG/14185.png,0
5839,/root/StrokeDataset/Bleeding/PNG/17016.png,2
5840,/root/StrokeDataset/Normal/PNG/16015.png,0
5841,/root/StrokeDataset/Normal/PNG/12036.png,0
5842,/root/StrokeDataset/Normal/PNG/11339.png,0
5843,/root/StrokeDataset/Normal/PNG/16793.png,0
5844,/root/StrokeDataset/Bleeding/PNG/16368.png,2
5845,/root/StrokeDataset/Normal/PNG/10303.png,0
5846,/root/StrokeDataset/Bleeding/PNG/10278.png,2
5847,/root/StrokeDataset/Normal/PNG/10678.png,0
5848,/root/StrokeDataset/Ischemia/PNG/10926.png,1
5849,/root/StrokeDataset/Ischemia/PNG/15450.png,1
5850,/root/StrokeDataset/Normal/PNG/12367.png,0
5851,/root/StrokeDataset/Normal/PNG/16285.png,0
5852,/root/StrokeDataset/Normal/PNG/16127.png,0
5853,/root/StrokeDataset/Normal/PNG/14249.png,0
5854,/root/StrokeDataset/Normal/PNG/16070.png,0
5855,/root/StrokeDataset/Ischemia/PNG/16652.png,1
5856,/root/StrokeDataset/Ischemia/PNG/14644.png,1
5857,/root/StrokeDataset/Bleeding/PNG/16973.png,2
5858,/root/StrokeDataset/Bleeding/PNG/16211.png,2
5859,/root/StrokeDataset/Normal/PNG/14203.png,0
5860,/root/StrokeDataset/Normal/PNG/12676.png,0
5861,/root/StrokeDataset/Normal/PNG/14635.png,0
5862,/root/StrokeDataset/Normal/PNG/10855.png,0
5863,/root/StrokeDataset/Normal/PNG/16615.png,0
5864,/root/StrokeDataset/Bleeding/PNG/10002.png,2
5865,/root/StrokeDataset/Ischemia/PNG/11552.png,1
5866,/root/StrokeDataset/Normal/PNG/13901.png,0
5867,/root/StrokeDataset/Normal/PNG/11935.png,0
5868,/root/StrokeDataset/Normal/PNG/14564.png,0
5869,/root/StrokeDataset/Normal/PNG/16171.png,0
5870,/root/StrokeDataset/Normal/PNG/11632.png,0
5871,/root/StrokeDataset/Bleeding/PNG/15597.png,2
5872,/root/StrokeDataset/Normal/PNG/14279.png,0
5873,/root/StrokeDataset/Bleeding/PNG/10509.png,2
5874,/root/StrokeDataset/Normal/PNG/14543.png,0
5875,/root/StrokeDataset/Normal/PNG/15638.png,0
5876,/root/StrokeDataset/Normal/PNG/15864.png,0
5877,/root/StrokeDataset/Normal/PNG/13474.png,0
5878,/root/StrokeDataset/Normal/PNG/13706.png,0
5879,/root/StrokeDataset/Normal/PNG/13614.png,0
5880,/root/StrokeDataset/Normal/PNG/11127.png,0
5881,/root/StrokeDataset/Normal/PNG/12251.png,0
5882,/root/StrokeDataset/Normal/PNG/12462.png,0
5883,/root/StrokeDataset/Normal/PNG/14369.png,0
5884,/root/StrokeDataset/Normal/PNG/14304.png,0
5885,/root/StrokeDataset/Normal/PNG/15289.png,0
5886,/root/StrokeDataset/Ischemia/PNG/12722.png,1
5887,/root/StrokeDataset/Bleeding/PNG/15335.png,2
5888,/root/StrokeDataset/Normal/PNG/16925.png,0
5889,/root/StrokeDataset/Bleeding/PNG/11659.png,2
5890,/root/StrokeDataset/Bleeding/PNG/14124.png,2
5891,/root/StrokeDataset/Normal/PNG/16922.png,0
5892,/root/StrokeDataset/Bleeding/PNG/15506.png,2
5893,/root/StrokeDataset/Normal/PNG/15487.png,0
5894,/root/StrokeDataset/Normal/PNG/12197.png,0
5895,/root/StrokeDataset/Normal/PNG/11017.png,0
5896,/root/StrokeDataset/Bleeding/PNG/11845.png,2
5897,/root/StrokeDataset/Normal/PNG/12625.png,0
5898,/root/StrokeDataset/Normal/PNG/14135.png,0
5899,/root/StrokeDataset/Ischemia/PNG/16121.png,1
5900,/root/StrokeDataset/Normal/PNG/16206.png,0
5901,/root/StrokeDataset/Normal/PNG/14665.png,0
5902,/root/StrokeDataset/Ischemia/PNG/16322.png,1
5903,/root/StrokeDataset/Normal/PNG/10426.png,0
5904,/root/StrokeDataset/Bleeding/PNG/10404.png,2
5905,/root/StrokeDataset/Normal/PNG/15397.png,0
5906,/root/StrokeDataset/Normal/PNG/15821.png,0
5907,/root/StrokeDataset/Ischemia/PNG/10952.png,1
5908,/root/StrokeDataset/Normal/PNG/13163.png,0
5909,/root/StrokeDataset/Bleeding/PNG/15860.png,2
5910,/root/StrokeDataset/Normal/PNG/12667.png,0
5911,/root/StrokeDataset/Ischemia/PNG/15283.png,1
5912,/root/StrokeDataset/Normal/PNG/15863.png,0
5913,/root/StrokeDataset/Normal/PNG/11881.png,0
5914,/root/StrokeDataset/Normal/PNG/12674.png,0
5915,/root/StrokeDataset/Ischemia/PNG/17032.png,1
5916,/root/StrokeDataset/Normal/PNG/11986.png,0
5917,/root/StrokeDataset/Normal/PNG/12120.png,0
5918,/root/StrokeDataset/Normal/PNG/11382.png,0
5919,/root/StrokeDataset/Ischemia/PNG/15236.png,1
5920,/root/StrokeDataset/Ischemia/PNG/12576.png,1
5921,/root/StrokeDataset/Normal/PNG/16344.png,0
5922,/root/StrokeDataset/Normal/PNG/12799.png,0
5923,/root/StrokeDataset/Normal/PNG/16487.png,0
5924,/root/StrokeDataset/Ischemia/PNG/11492.png,1
5925,/root/StrokeDataset/Normal/PNG/12507.png,0
5926,/root/StrokeDataset/Normal/PNG/12734.png,0
5927,/root/StrokeDataset/Bleeding/PNG/15059.png,2
5928,/root/StrokeDataset/Normal/PNG/12431.png,0
5929,/root/StrokeDataset/Normal/PNG/13812.png,0
5930,/root/StrokeDataset/Ischemia/PNG/16113.png,1
5931,/root/StrokeDataset/Ischemia/PNG/15850.png,1
5932,/root/StrokeDataset/Bleeding/PNG/15660.png,2
5933,/root/StrokeDataset/Normal/PNG/13622.png,0
5934,/root/StrokeDataset/Bleeding/PNG/10809.png,2
5935,/root/StrokeDataset/Ischemia/PNG/14191.png,1
5936,/root/StrokeDataset/Normal/PNG/12181.png,0
5937,/root/StrokeDataset/Bleeding/PNG/14312.png,2
5938,/root/StrokeDataset/Bleeding/PNG/10234.png,2
5939,/root/StrokeDataset/Normal/PNG/10470.png,0
5940,/root/StrokeDataset/Bleeding/PNG/11573.png,2
5941,/root/StrokeDataset/Bleeding/PNG/11685.png,2
5942,/root/StrokeDataset/Normal/PNG/15250.png,0
5943,/root/StrokeDataset/Normal/PNG/11168.png,0
5944,/root/StrokeDataset/Normal/PNG/15298.png,0
5945,/root/StrokeDataset/Bleeding/PNG/15661.png,2
5946,/root/StrokeDataset/Bleeding/PNG/16083.png,2
5947,/root/StrokeDataset/Normal/PNG/15873.png,0
5948,/root/StrokeDataset/Normal/PNG/13434.png,0
5949,/root/StrokeDataset/Bleeding/PNG/11501.png,2
5950,/root/StrokeDataset/Normal/PNG/15530.png,0
5951,/root/StrokeDataset/Normal/PNG/13852.png,0
5952,/root/StrokeDataset/Normal/PNG/14691.png,0
5953,/root/StrokeDataset/Ischemia/PNG/13010.png,1
5954,/root/StrokeDataset/Normal/PNG/16814.png,0
5955,/root/StrokeDataset/Ischemia/PNG/10448.png,1
5956,/root/StrokeDataset/Normal/PNG/12864.png,0
5957,/root/StrokeDataset/Normal/PNG/15293.png,0
5958,/root/StrokeDataset/Normal/PNG/11603.png,0
5959,/root/StrokeDataset/Normal/PNG/12980.png,0
5960,/root/StrokeDataset/Ischemia/PNG/11046.png,1
5961,/root/StrokeDataset/Bleeding/PNG/11662.png,2
5962,/root/StrokeDataset/Normal/PNG/14401.png,0
5963,/root/StrokeDataset/Normal/PNG/15139.png,0
5964,/root/StrokeDataset/Normal/PNG/13507.png,0
5965,/root/StrokeDataset/Normal/PNG/14228.png,0
5966,/root/StrokeDataset/Normal/PNG/14390.png,0
5967,/root/StrokeDataset/Normal/PNG/10584.png,0
5968,/root/StrokeDataset/Ischemia/PNG/12585.png,1
5969,/root/StrokeDataset/Normal/PNG/13412.png,0
5970,/root/StrokeDataset/Normal/PNG/11514.png,0
5971,/root/StrokeDataset/Bleeding/PNG/11321.png,2
5972,/root/StrokeDataset/Normal/PNG/11934.png,0
5973,/root/StrokeDataset/Normal/PNG/15429.png,0
5974,/root/StrokeDataset/Normal/PNG/15973.png,0
5975,/root/StrokeDataset/Ischemia/PNG/12719.png,1
5976,/root/StrokeDataset/Normal/PNG/11890.png,0
5977,/root/StrokeDataset/Normal/PNG/15891.png,0
5978,/root/StrokeDataset/Normal/PNG/11796.png,0
5979,/root/StrokeDataset/Normal/PNG/10836.png,0
5980,/root/StrokeDataset/Normal/PNG/16750.png,0
5981,/root/StrokeDataset/Bleeding/PNG/16459.png,2
5982,/root/StrokeDataset/Normal/PNG/11468.png,0
5983,/root/StrokeDataset/Ischemia/PNG/12381.png,1
5984,/root/StrokeDataset/Normal/PNG/13881.png,0
5985,/root/StrokeDataset/Bleeding/PNG/16453.png,2
5986,/root/StrokeDataset/Ischemia/PNG/15611.png,1
5987,/root/StrokeDataset/Normal/PNG/11222.png,0
5988,/root/StrokeDataset/Normal/PNG/15284.png,0
5989,/root/StrokeDataset/Ischemia/PNG/10187.png,1
5990,/root/StrokeDataset/Normal/PNG/15235.png,0
5991,/root/StrokeDataset/Normal/PNG/13758.png,0
5992,/root/StrokeDataset/Normal/PNG/14237.png,0
5993,/root/StrokeDataset/Normal/PNG/15044.png,0
5994,/root/StrokeDataset/Normal/PNG/16640.png,0
5995,/root/StrokeDataset/Normal/PNG/11750.png,0
5996,/root/StrokeDataset/Normal/PNG/11258.png,0
5997,/root/StrokeDataset/Bleeding/PNG/16446.png,2
5998,/root/StrokeDataset/Normal/PNG/11496.png,0
5999,/root/StrokeDataset/Normal/PNG/13006.png,0
6000,/root/StrokeDataset/Normal/PNG/12700.png,0
6001,/root/StrokeDataset/Bleeding/PNG/11021.png,2
6002,/root/StrokeDataset/Normal/PNG/12535.png,0
6003,/root/StrokeDataset/Ischemia/PNG/13616.png,1
6004,/root/StrokeDataset/Normal/PNG/14450.png,0
6005,/root/StrokeDataset/Normal/PNG/11053.png,0
6006,/root/StrokeDataset/Bleeding/PNG/10430.png,2
6007,/root/StrokeDataset/Normal/PNG/10557.png,0
6008,/root/StrokeDataset/Normal/PNG/10208.png,0
6009,/root/StrokeDataset/Bleeding/PNG/15015.png,2
6010,/root/StrokeDataset/Bleeding/PNG/16110.png,2
6011,/root/StrokeDataset/Ischemia/PNG/16514.png,1
6012,/root/StrokeDataset/Normal/PNG/15706.png,0
6013,/root/StrokeDataset/Ischemia/PNG/13872.png,1
6014,/root/StrokeDataset/Normal/PNG/15158.png,0
6015,/root/StrokeDataset/Bleeding/PNG/16818.png,2
6016,/root/StrokeDataset/Normal/PNG/10930.png,0
6017,/root/StrokeDataset/Normal/PNG/12447.png,0
6018,/root/StrokeDataset/Normal/PNG/15732.png,0
6019,/root/StrokeDataset/Normal/PNG/16710.png,0
6020,/root/StrokeDataset/Bleeding/PNG/10475.png,2
6021,/root/StrokeDataset/Normal/PNG/10235.png,0
6022,/root/StrokeDataset/Ischemia/PNG/11638.png,1
6023,/root/StrokeDataset/Normal/PNG/11968.png,0
6024,/root/StrokeDataset/Bleeding/PNG/15808.png,2
6025,/root/StrokeDataset/Normal/PNG/12764.png,0
6026,/root/StrokeDataset/Bleeding/PNG/16058.png,2
6027,/root/StrokeDataset/Normal/PNG/15629.png,0
6028,/root/StrokeDataset/Normal/PNG/10543.png,0
6029,/root/StrokeDataset/Normal/PNG/13372.png,0
6030,/root/StrokeDataset/Normal/PNG/11060.png,0
6031,/root/StrokeDataset/Ischemia/PNG/16939.png,1
6032,/root/StrokeDataset/Bleeding/PNG/12632.png,2
6033,/root/StrokeDataset/Ischemia/PNG/14038.png,1
6034,/root/StrokeDataset/Normal/PNG/10357.png,0
6035,/root/StrokeDataset/Normal/PNG/14922.png,0
6036,/root/StrokeDataset/Normal/PNG/12188.png,0
6037,/root/StrokeDataset/Normal/PNG/10131.png,0
6038,/root/StrokeDataset/Ischemia/PNG/11521.png,1
6039,/root/StrokeDataset/Normal/PNG/16381.png,0
6040,/root/StrokeDataset/Normal/PNG/15435.png,0
6041,/root/StrokeDataset/Normal/PNG/16430.png,0
6042,/root/StrokeDataset/Ischemia/PNG/14291.png,1
6043,/root/StrokeDataset/Normal/PNG/13116.png,0
6044,/root/StrokeDataset/Normal/PNG/15282.png,0
6045,/root/StrokeDataset/Normal/PNG/12151.png,0
6046,/root/StrokeDataset/Normal/PNG/15085.png,0
6047,/root/StrokeDataset/Ischemia/PNG/16264.png,1
6048,/root/StrokeDataset/Bleeding/PNG/12453.png,2
6049,/root/StrokeDataset/Normal/PNG/16964.png,0
6050,/root/StrokeDataset/Normal/PNG/10184.png,0
6051,/root/StrokeDataset/Ischemia/PNG/15025.png,1
6052,/root/StrokeDataset/Bleeding/PNG/13298.png,2
6053,/root/StrokeDataset/Ischemia/PNG/16031.png,1
6054,/root/StrokeDataset/Ischemia/PNG/14410.png,1
6055,/root/StrokeDataset/Normal/PNG/14942.png,0
6056,/root/StrokeDataset/Normal/PNG/15741.png,0
6057,/root/StrokeDataset/Normal/PNG/14825.png,0
6058,/root/StrokeDataset/Ischemia/PNG/17025.png,1
6059,/root/StrokeDataset/Normal/PNG/11000.png,0
6060,/root/StrokeDataset/Ischemia/PNG/13786.png,1
6061,/root/StrokeDataset/Normal/PNG/16475.png,0
6062,/root/StrokeDataset/Normal/PNG/11912.png,0
6063,/root/StrokeDataset/Bleeding/PNG/12698.png,2
6064,/root/StrokeDataset/Ischemia/PNG/11955.png,1
6065,/root/StrokeDataset/Normal/PNG/11367.png,0
6066,/root/StrokeDataset/Normal/PNG/14257.png,0
6067,/root/StrokeDataset/Normal/PNG/15570.png,0
6068,/root/StrokeDataset/Bleeding/PNG/14426.png,2
6069,/root/StrokeDataset/Normal/PNG/12437.png,0
6070,/root/StrokeDataset/Ischemia/PNG/12523.png,1
6071,/root/StrokeDataset/Normal/PNG/11811.png,0
6072,/root/StrokeDataset/Normal/PNG/14442.png,0
6073,/root/StrokeDataset/Bleeding/PNG/13941.png,2
6074,/root/StrokeDataset/Normal/PNG/16985.png,0
6075,/root/StrokeDataset/Ischemia/PNG/15686.png,1
6076,/root/StrokeDataset/Normal/PNG/10661.png,0
6077,/root/StrokeDataset/Normal/PNG/16838.png,0
6078,/root/StrokeDataset/Ischemia/PNG/14514.png,1
6079,/root/StrokeDataset/Normal/PNG/13172.png,0
6080,/root/StrokeDataset/Normal/PNG/16729.png,0
6081,/root/StrokeDataset/Bleeding/PNG/15338.png,2
6082,/root/StrokeDataset/Bleeding/PNG/10488.png,2
6083,/root/StrokeDataset/Ischemia/PNG/10507.png,1
6084,/root/StrokeDataset/Normal/PNG/15567.png,0
6085,/root/StrokeDataset/Normal/PNG/16949.png,0
6086,/root/StrokeDataset/Ischemia/PNG/13989.png,1
6087,/root/StrokeDataset/Normal/PNG/10342.png,0
6088,/root/StrokeDataset/Normal/PNG/10840.png,0
6089,/root/StrokeDataset/Normal/PNG/10885.png,0
6090,/root/StrokeDataset/Normal/PNG/11967.png,0
6091,/root/StrokeDataset/Bleeding/PNG/14633.png,2
6092,/root/StrokeDataset/Normal/PNG/11474.png,0
6093,/root/StrokeDataset/Normal/PNG/10035.png,0
6094,/root/StrokeDataset/Normal/PNG/11815.png,0
6095,/root/StrokeDataset/Normal/PNG/14020.png,0
6096,/root/StrokeDataset/Bleeding/PNG/15583.png,2
6097,/root/StrokeDataset/Bleeding/PNG/16179.png,2
6098,/root/StrokeDataset/Ischemia/PNG/16319.png,1
6099,/root/StrokeDataset/Normal/PNG/14115.png,0
6100,/root/StrokeDataset/Normal/PNG/14476.png,0
6101,/root/StrokeDataset/Normal/PNG/16741.png,0
6102,/root/StrokeDataset/Ischemia/PNG/14899.png,1
6103,/root/StrokeDataset/Ischemia/PNG/16345.png,1
6104,/root/StrokeDataset/Normal/PNG/14576.png,0
6105,/root/StrokeDataset/Normal/PNG/12171.png,0
6106,/root/StrokeDataset/Normal/PNG/11460.png,0
6107,/root/StrokeDataset/Normal/PNG/12330.png,0
6108,/root/StrokeDataset/Bleeding/PNG/11179.png,2
6109,/root/StrokeDataset/Normal/PNG/13591.png,0
6110,/root/StrokeDataset/Normal/PNG/12115.png,0
6111,/root/StrokeDataset/Normal/PNG/13101.png,0
6112,/root/StrokeDataset/Normal/PNG/10772.png,0
6113,/root/StrokeDataset/Normal/PNG/11557.png,0
6114,/root/StrokeDataset/Normal/PNG/13686.png,0
6115,/root/StrokeDataset/Normal/PNG/16233.png,0
6116,/root/StrokeDataset/Normal/PNG/14076.png,0
6117,/root/StrokeDataset/Normal/PNG/13417.png,0
6118,/root/StrokeDataset/Normal/PNG/12772.png,0
6119,/root/StrokeDataset/Normal/PNG/16036.png,0
6120,/root/StrokeDataset/Normal/PNG/16890.png,0
6121,/root/StrokeDataset/Normal/PNG/10683.png,0
6122,/root/StrokeDataset/Ischemia/PNG/14286.png,1
6123,/root/StrokeDataset/Bleeding/PNG/10644.png,2
6124,/root/StrokeDataset/Normal/PNG/12730.png,0
6125,/root/StrokeDataset/Normal/PNG/16665.png,0
6126,/root/StrokeDataset/Normal/PNG/11476.png,0
6127,/root/StrokeDataset/Ischemia/PNG/14792.png,1
6128,/root/StrokeDataset/Normal/PNG/11027.png,0
6129,/root/StrokeDataset/Bleeding/PNG/15826.png,2
6130,/root/StrokeDataset/Normal/PNG/13361.png,0
6131,/root/StrokeDataset/Normal/PNG/12999.png,0
6132,/root/StrokeDataset/Normal/PNG/13917.png,0
6133,/root/StrokeDataset/Normal/PNG/10971.png,0
6134,/root/StrokeDataset/Ischemia/PNG/12833.png,1
6135,/root/StrokeDataset/Normal/PNG/14568.png,0
6136,/root/StrokeDataset/Normal/PNG/16431.png,0
6137,/root/StrokeDataset/Bleeding/PNG/16481.png,2
6138,/root/StrokeDataset/Ischemia/PNG/16219.png,1
6139,/root/StrokeDataset/Normal/PNG/15816.png,0
6140,/root/StrokeDataset/Normal/PNG/15288.png,0
6141,/root/StrokeDataset/Normal/PNG/12304.png,0
6142,/root/StrokeDataset/Ischemia/PNG/10960.png,1
6143,/root/StrokeDataset/Normal/PNG/15239.png,0
6144,/root/StrokeDataset/Normal/PNG/14703.png,0
6145,/root/StrokeDataset/Ischemia/PNG/15467.png,1
6146,/root/StrokeDataset/Normal/PNG/16832.png,0
6147,/root/StrokeDataset/Normal/PNG/16560.png,0
6148,/root/StrokeDataset/Normal/PNG/15729.png,0
6149,/root/StrokeDataset/Normal/PNG/14464.png,0
6150,/root/StrokeDataset/Bleeding/PNG/10579.png,2
6151,/root/StrokeDataset/Normal/PNG/13715.png,0
6152,/root/StrokeDataset/Bleeding/PNG/11701.png,2
6153,/root/StrokeDataset/Bleeding/PNG/15736.png,2
6154,/root/StrokeDataset/Ischemia/PNG/12428.png,1
6155,/root/StrokeDataset/Bleeding/PNG/12025.png,2
6156,/root/StrokeDataset/Normal/PNG/12855.png,0
6157,/root/StrokeDataset/Ischemia/PNG/12720.png,1
6158,/root/StrokeDataset/Normal/PNG/13004.png,0
6159,/root/StrokeDataset/Bleeding/PNG/15920.png,2
6160,/root/StrokeDataset/Bleeding/PNG/10310.png,2
6161,/root/StrokeDataset/Normal/PNG/12282.png,0
6162,/root/StrokeDataset/Normal/PNG/11489.png,0
6163,/root/StrokeDataset/Normal/PNG/15003.png,0
6164,/root/StrokeDataset/Ischemia/PNG/12934.png,1
6165,/root/StrokeDataset/Normal/PNG/10384.png,0
6166,/root/StrokeDataset/Ischemia/PNG/13377.png,1
6167,/root/StrokeDataset/Ischemia/PNG/15416.png,1
6168,/root/StrokeDataset/Bleeding/PNG/10691.png,2
6169,/root/StrokeDataset/Normal/PNG/11413.png,0
6170,/root/StrokeDataset/Bleeding/PNG/16126.png,2
6171,/root/StrokeDataset/Normal/PNG/14898.png,0
6172,/root/StrokeDataset/Normal/PNG/11448.png,0
6173,/root/StrokeDataset/Normal/PNG/14658.png,0
6174,/root/StrokeDataset/Normal/PNG/12607.png,0
6175,/root/StrokeDataset/Normal/PNG/14192.png,0
6176,/root/StrokeDataset/Bleeding/PNG/13269.png,2
6177,/root/StrokeDataset/Bleeding/PNG/11243.png,2
6178,/root/StrokeDataset/Normal/PNG/14315.png,0
6179,/root/StrokeDataset/Normal/PNG/14878.png,0
6180,/root/StrokeDataset/Normal/PNG/15406.png,0
6181,/root/StrokeDataset/Bleeding/PNG/10887.png,2
6182,/root/StrokeDataset/Bleeding/PNG/13806.png,2
6183,/root/StrokeDataset/Normal/PNG/12406.png,0
6184,/root/StrokeDataset/Bleeding/PNG/15710.png,2
6185,/root/StrokeDataset/Normal/PNG/14870.png,0
6186,/root/StrokeDataset/Normal/PNG/11442.png,0
6187,/root/StrokeDataset/Normal/PNG/15989.png,0
6188,/root/StrokeDataset/Ischemia/PNG/11335.png,1
6189,/root/StrokeDataset/Bleeding/PNG/14282.png,2
6190,/root/StrokeDataset/Normal/PNG/15912.png,0
6191,/root/StrokeDataset/Normal/PNG/16986.png,0
6192,/root/StrokeDataset/Normal/PNG/12290.png,0
6193,/root/StrokeDataset/Normal/PNG/13703.png,0
6194,/root/StrokeDataset/Normal/PNG/14755.png,0
6195,/root/StrokeDataset/Ischemia/PNG/14804.png,1
6196,/root/StrokeDataset/Ischemia/PNG/16295.png,1
6197,/root/StrokeDataset/Bleeding/PNG/13615.png,2
6198,/root/StrokeDataset/Normal/PNG/12302.png,0
6199,/root/StrokeDataset/Normal/PNG/15307.png,0
6200,/root/StrokeDataset/Normal/PNG/15275.png,0
6201,/root/StrokeDataset/Normal/PNG/10311.png,0
6202,/root/StrokeDataset/Normal/PNG/14724.png,0
6203,/root/StrokeDataset/Normal/PNG/13937.png,0
6204,/root/StrokeDataset/Ischemia/PNG/13108.png,1
6205,/root/StrokeDataset/Normal/PNG/16705.png,0
6206,/root/StrokeDataset/Normal/PNG/15805.png,0
6207,/root/StrokeDataset/Bleeding/PNG/14947.png,2
6208,/root/StrokeDataset/Normal/PNG/11152.png,0
6209,/root/StrokeDataset/Normal/PNG/13399.png,0
6210,/root/StrokeDataset/Bleeding/PNG/16677.png,2
6211,/root/StrokeDataset/Normal/PNG/10450.png,0
6212,/root/StrokeDataset/Normal/PNG/15309.png,0
6213,/root/StrokeDataset/Normal/PNG/15436.png,0
6214,/root/StrokeDataset/Normal/PNG/14467.png,0
6215,/root/StrokeDataset/Normal/PNG/12317.png,0
6216,/root/StrokeDataset/Normal/PNG/10658.png,0
6217,/root/StrokeDataset/Normal/PNG/13926.png,0
6218,/root/StrokeDataset/Normal/PNG/13987.png,0
6219,/root/StrokeDataset/Normal/PNG/15493.png,0
6220,/root/StrokeDataset/Normal/PNG/14706.png,0
6221,/root/StrokeDataset/Bleeding/PNG/14005.png,2
6222,/root/StrokeDataset/Normal/PNG/10173.png,0
6223,/root/StrokeDataset/Normal/PNG/15545.png,0
6224,/root/StrokeDataset/Normal/PNG/13969.png,0
6225,/root/StrokeDataset/Normal/PNG/10065.png,0
6226,/root/StrokeDataset/Normal/PNG/16028.png,0
6227,/root/StrokeDataset/Normal/PNG/13416.png,0
6228,/root/StrokeDataset/Bleeding/PNG/14062.png,2
6229,/root/StrokeDataset/Ischemia/PNG/16924.png,1
6230,/root/StrokeDataset/Normal/PNG/11835.png,0
6231,/root/StrokeDataset/Bleeding/PNG/10330.png,2
6232,/root/StrokeDataset/Bleeding/PNG/12905.png,2
6233,/root/StrokeDataset/Normal/PNG/14552.png,0
6234,/root/StrokeDataset/Ischemia/PNG/14017.png,1
6235,/root/StrokeDataset/Bleeding/PNG/11272.png,2
6236,/root/StrokeDataset/Normal/PNG/12577.png,0
6237,/root/StrokeDataset/Normal/PNG/11976.png,0
6238,/root/StrokeDataset/Normal/PNG/12601.png,0
6239,/root/StrokeDataset/Ischemia/PNG/11375.png,1
6240,/root/StrokeDataset/Normal/PNG/10629.png,0
6241,/root/StrokeDataset/Normal/PNG/13842.png,0
6242,/root/StrokeDataset/Normal/PNG/15926.png,0
6243,/root/StrokeDataset/Normal/PNG/15133.png,0
6244,/root/StrokeDataset/Normal/PNG/10625.png,0
6245,/root/StrokeDataset/Bleeding/PNG/13764.png,2
6246,/root/StrokeDataset/Ischemia/PNG/14002.png,1
6247,/root/StrokeDataset/Bleeding/PNG/16187.png,2
6248,/root/StrokeDataset/Normal/PNG/10293.png,0
6249,/root/StrokeDataset/Ischemia/PNG/10648.png,1
6250,/root/StrokeDataset/Normal/PNG/10848.png,0
6251,/root/StrokeDataset/Ischemia/PNG/16496.png,1
6252,/root/StrokeDataset/Normal/PNG/13696.png,0
6253,/root/StrokeDataset/Ischemia/PNG/16003.png,1
6254,/root/StrokeDataset/Bleeding/PNG/16756.png,2
6255,/root/StrokeDataset/Normal/PNG/16791.png,0
6256,/root/StrokeDataset/Normal/PNG/12774.png,0
6257,/root/StrokeDataset/Normal/PNG/14167.png,0
6258,/root/StrokeDataset/Normal/PNG/10721.png,0
6259,/root/StrokeDataset/Ischemia/PNG/10645.png,1
6260,/root/StrokeDataset/Normal/PNG/14617.png,0
6261,/root/StrokeDataset/Normal/PNG/11666.png,0
6262,/root/StrokeDataset/Normal/PNG/12237.png,0
6263,/root/StrokeDataset/Bleeding/PNG/14951.png,2
6264,/root/StrokeDataset/Normal/PNG/16273.png,0
6265,/root/StrokeDataset/Bleeding/PNG/13607.png,2
6266,/root/StrokeDataset/Bleeding/PNG/12266.png,2
6267,/root/StrokeDataset/Ischemia/PNG/16432.png,1
6268,/root/StrokeDataset/Normal/PNG/12379.png,0
6269,/root/StrokeDataset/Bleeding/PNG/16452.png,2
6270,/root/StrokeDataset/Normal/PNG/10167.png,0
6271,/root/StrokeDataset/Normal/PNG/11344.png,0
6272,/root/StrokeDataset/Ischemia/PNG/10594.png,1
6273,/root/StrokeDataset/Normal/PNG/14765.png,0
6274,/root/StrokeDataset/Normal/PNG/14292.png,0
6275,/root/StrokeDataset/Normal/PNG/15218.png,0
6276,/root/StrokeDataset/Bleeding/PNG/13084.png,2
6277,/root/StrokeDataset/Ischemia/PNG/16101.png,1
6278,/root/StrokeDataset/Ischemia/PNG/14630.png,1
6279,/root/StrokeDataset/Bleeding/PNG/10522.png,2
6280,/root/StrokeDataset/Normal/PNG/16507.png,0
6281,/root/StrokeDataset/Normal/PNG/14196.png,0
6282,/root/StrokeDataset/Bleeding/PNG/12737.png,2
6283,/root/StrokeDataset/Normal/PNG/15802.png,0
6284,/root/StrokeDataset/Normal/PNG/13138.png,0
6285,/root/StrokeDataset/Normal/PNG/12096.png,0
6286,/root/StrokeDataset/Ischemia/PNG/12333.png,1
6287,/root/StrokeDataset/Normal/PNG/14103.png,0
6288,/root/StrokeDataset/Ischemia/PNG/13582.png,1
6289,/root/StrokeDataset/Normal/PNG/14613.png,0
6290,/root/StrokeDataset/Normal/PNG/15484.png,0
6291,/root/StrokeDataset/Normal/PNG/16531.png,0
6292,/root/StrokeDataset/Ischemia/PNG/15795.png,1
6293,/root/StrokeDataset/Normal/PNG/10216.png,0
6294,/root/StrokeDataset/Normal/PNG/15664.png,0
6295,/root/StrokeDataset/Bleeding/PNG/16952.png,2
6296,/root/StrokeDataset/Ischemia/PNG/12455.png,1
6297,/root/StrokeDataset/Normal/PNG/13070.png,0
6298,/root/StrokeDataset/Normal/PNG/14232.png,0
6299,/root/StrokeDataset/Normal/PNG/11633.png,0
6300,/root/StrokeDataset/Normal/PNG/15094.png,0
6301,/root/StrokeDataset/Normal/PNG/16685.png,0
6302,/root/StrokeDataset/Normal/PNG/14515.png,0
6303,/root/StrokeDataset/Normal/PNG/10244.png,0
6304,/root/StrokeDataset/Normal/PNG/15255.png,0
6305,/root/StrokeDataset/Ischemia/PNG/14264.png,1
6306,/root/StrokeDataset/Normal/PNG/11950.png,0
6307,/root/StrokeDataset/Normal/PNG/15602.png,0
6308,/root/StrokeDataset/Normal/PNG/14574.png,0
6309,/root/StrokeDataset/Bleeding/PNG/12241.png,2
6310,/root/StrokeDataset/Bleeding/PNG/11296.png,2
6311,/root/StrokeDataset/Normal/PNG/13228.png,0
6312,/root/StrokeDataset/Ischemia/PNG/11020.png,1
6313,/root/StrokeDataset/Ischemia/PNG/13301.png,1
6314,/root/StrokeDataset/Normal/PNG/12998.png,0
6315,/root/StrokeDataset/Ischemia/PNG/15413.png,1
6316,/root/StrokeDataset/Ischemia/PNG/11466.png,1
6317,/root/StrokeDataset/Normal/PNG/11121.png,0
6318,/root/StrokeDataset/Ischemia/PNG/14815.png,1
6319,/root/StrokeDataset/Normal/PNG/13262.png,0
6320,/root/StrokeDataset/Normal/PNG/13005.png,0
6321,/root/StrokeDataset/Normal/PNG/14211.png,0
6322,/root/StrokeDataset/Bleeding/PNG/15542.png,2
6323,/root/StrokeDataset/Normal/PNG/12031.png,0
6324,/root/StrokeDataset/Ischemia/PNG/14900.png,1
6325,/root/StrokeDataset/Normal/PNG/15214.png,0
6326,/root/StrokeDataset/Bleeding/PNG/10677.png,2
6327,/root/StrokeDataset/Normal/PNG/13169.png,0
6328,/root/StrokeDataset/Bleeding/PNG/10154.png,2
6329,/root/StrokeDataset/Normal/PNG/14459.png,0
6330,/root/StrokeDataset/Normal/PNG/16456.png,0
6331,/root/StrokeDataset/Ischemia/PNG/13945.png,1
6332,/root/StrokeDataset/Normal/PNG/16030.png,0
6333,/root/StrokeDataset/Normal/PNG/15178.png,0
6334,/root/StrokeDataset/Normal/PNG/12202.png,0
6335,/root/StrokeDataset/Normal/PNG/14990.png,0
6336,/root/StrokeDataset/Normal/PNG/11939.png,0
6337,/root/StrokeDataset/Normal/PNG/15621.png,0
6338,/root/StrokeDataset/Normal/PNG/12185.png,0
6339,/root/StrokeDataset/Ischemia/PNG/13938.png,1
6340,/root/StrokeDataset/Ischemia/PNG/16881.png,1
6341,/root/StrokeDataset/Bleeding/PNG/10362.png,2
6342,/root/StrokeDataset/Normal/PNG/11710.png,0
6343,/root/StrokeDataset/Normal/PNG/12451.png,0
6344,/root/StrokeDataset/Normal/PNG/16149.png,0
6345,/root/StrokeDataset/Normal/PNG/11058.png,0
6346,/root/StrokeDataset/Normal/PNG/14502.png,0
6347,/root/StrokeDataset/Normal/PNG/11032.png,0
6348,/root/StrokeDataset/Normal/PNG/15142.png,0
6349,/root/StrokeDataset/Normal/PNG/14822.png,0
6350,/root/StrokeDataset/Bleeding/PNG/11773.png,2
6351,/root/StrokeDataset/Normal/PNG/10589.png,0
6352,/root/StrokeDataset/Normal/PNG/13026.png,0
6353,/root/StrokeDataset/Normal/PNG/11497.png,0
6354,/root/StrokeDataset/Normal/PNG/11584.png,0
6355,/root/StrokeDataset/Normal/PNG/14554.png,0
6356,/root/StrokeDataset/Normal/PNG/12635.png,0
6357,/root/StrokeDataset/Ischemia/PNG/12600.png,1
6358,/root/StrokeDataset/Ischemia/PNG/10242.png,1
6359,/root/StrokeDataset/Normal/PNG/10537.png,0
6360,/root/StrokeDataset/Normal/PNG/11354.png,0
6361,/root/StrokeDataset/Normal/PNG/16822.png,0
6362,/root/StrokeDataset/Normal/PNG/11528.png,0
6363,/root/StrokeDataset/Normal/PNG/16789.png,0
6364,/root/StrokeDataset/Bleeding/PNG/15939.png,2
6365,/root/StrokeDataset/Normal/PNG/12005.png,0
6366,/root/StrokeDataset/Normal/PNG/14974.png,0
6367,/root/StrokeDataset/Bleeding/PNG/13114.png,2
6368,/root/StrokeDataset/Normal/PNG/13913.png,0
6369,/root/StrokeDataset/Ischemia/PNG/15633.png,1
6370,/root/StrokeDataset/Normal/PNG/13302.png,0
6371,/root/StrokeDataset/Normal/PNG/16515.png,0
6372,/root/StrokeDataset/Bleeding/PNG/11510.png,2
6373,/root/StrokeDataset/Ischemia/PNG/11314.png,1
6374,/root/StrokeDataset/Normal/PNG/11918.png,0
6375,/root/StrokeDataset/Normal/PNG/12203.png,0
6376,/root/StrokeDataset/Bleeding/PNG/14985.png,2
6377,/root/StrokeDataset/Normal/PNG/15888.png,0
6378,/root/StrokeDataset/Normal/PNG/14118.png,0
6379,/root/StrokeDataset/Normal/PNG/10104.png,0
6380,/root/StrokeDataset/Ischemia/PNG/10487.png,1
6381,/root/StrokeDataset/Normal/PNG/11401.png,0
6382,/root/StrokeDataset/Normal/PNG/13605.png,0
6383,/root/StrokeDataset/Normal/PNG/10790.png,0
6384,/root/StrokeDataset/Bleeding/PNG/13210.png,2
6385,/root/StrokeDataset/Normal/PNG/11259.png,0
6386,/root/StrokeDataset/Normal/PNG/11185.png,0
6387,/root/StrokeDataset/Normal/PNG/10535.png,0
6388,/root/StrokeDataset/Normal/PNG/12055.png,0
6389,/root/StrokeDataset/Normal/PNG/14500.png,0
6390,/root/StrokeDataset/Normal/PNG/17003.png,0
6391,/root/StrokeDataset/Normal/PNG/10675.png,0
6392,/root/StrokeDataset/Ischemia/PNG/13421.png,1
6393,/root/StrokeDataset/Normal/PNG/10825.png,0
6394,/root/StrokeDataset/Normal/PNG/16627.png,0
6395,/root/StrokeDataset/Bleeding/PNG/14536.png,2
6396,/root/StrokeDataset/Ischemia/PNG/12912.png,1
6397,/root/StrokeDataset/Normal/PNG/13204.png,0
6398,/root/StrokeDataset/Ischemia/PNG/16436.png,1
6399,/root/StrokeDataset/Ischemia/PNG/13343.png,1
6400,/root/StrokeDataset/Normal/PNG/13861.png,0
6401,/root/StrokeDataset/Normal/PNG/15497.png,0
6402,/root/StrokeDataset/Normal/PNG/15838.png,0
6403,/root/StrokeDataset/Ischemia/PNG/16044.png,1
6404,/root/StrokeDataset/Normal/PNG/13415.png,0
6405,/root/StrokeDataset/Bleeding/PNG/12609.png,2
6406,/root/StrokeDataset/Normal/PNG/15358.png,0
6407,/root/StrokeDataset/Bleeding/PNG/15465.png,2
6408,/root/StrokeDataset/Normal/PNG/14729.png,0
6409,/root/StrokeDataset/Bleeding/PNG/13592.png,2
6410,/root/StrokeDataset/Normal/PNG/12337.png,0
6411,/root/StrokeDataset/Ischemia/PNG/15635.png,1
6412,/root/StrokeDataset/Normal/PNG/10294.png,0
6413,/root/StrokeDataset/Normal/PNG/13225.png,0
6414,/root/StrokeDataset/Normal/PNG/10005.png,0
6415,/root/StrokeDataset/Normal/PNG/16601.png,0
6416,/root/StrokeDataset/Normal/PNG/13017.png,0
6417,/root/StrokeDataset/Normal/PNG/14772.png,0
6418,/root/StrokeDataset/Normal/PNG/11914.png,0
6419,/root/StrokeDataset/Bleeding/PNG/11412.png,2
6420,/root/StrokeDataset/Bleeding/PNG/14538.png,2
6421,/root/StrokeDataset/Normal/PNG/14011.png,0
6422,/root/StrokeDataset/Ischemia/PNG/10852.png,1
6423,/root/StrokeDataset/Normal/PNG/13378.png,0
6424,/root/StrokeDataset/Normal/PNG/13329.png,0
6425,/root/StrokeDataset/Bleeding/PNG/13509.png,2
6426,/root/StrokeDataset/Ischemia/PNG/12301.png,1
6427,/root/StrokeDataset/Normal/PNG/12895.png,0
6428,/root/StrokeDataset/Bleeding/PNG/17011.png,2
6429,/root/StrokeDataset/Bleeding/PNG/10984.png,2
6430,/root/StrokeDataset/Normal/PNG/14511.png,0
6431,/root/StrokeDataset/Normal/PNG/13043.png,0
6432,/root/StrokeDataset/Normal/PNG/11373.png,0
6433,/root/StrokeDataset/Normal/PNG/15062.png,0
6434,/root/StrokeDataset/Ischemia/PNG/15628.png,1
6435,/root/StrokeDataset/Normal/PNG/12050.png,0
6436,/root/StrokeDataset/Normal/PNG/16252.png,0
6437,/root/StrokeDataset/Ischemia/PNG/11312.png,1
6438,/root/StrokeDataset/Normal/PNG/16970.png,0
6439,/root/StrokeDataset/Normal/PNG/14919.png,0
6440,/root/StrokeDataset/Normal/PNG/14828.png,0
6441,/root/StrokeDataset/Normal/PNG/15924.png,0
6442,/root/StrokeDataset/Normal/PNG/15095.png,0
6443,/root/StrokeDataset/Ischemia/PNG/14799.png,1
6444,/root/StrokeDataset/Normal/PNG/14170.png,0
6445,/root/StrokeDataset/Ischemia/PNG/16241.png,1
6446,/root/StrokeDataset/Normal/PNG/13028.png,0
6447,/root/StrokeDataset/Ischemia/PNG/14920.png,1
6448,/root/StrokeDataset/Normal/PNG/10794.png,0
6449,/root/StrokeDataset/Normal/PNG/14734.png,0
6450,/root/StrokeDataset/Normal/PNG/10097.png,0
6451,/root/StrokeDataset/Normal/PNG/10822.png,0
6452,/root/StrokeDataset/Normal/PNG/16274.png,0
6453,/root/StrokeDataset/Bleeding/PNG/14747.png,2
6454,/root/StrokeDataset/Normal/PNG/14803.png,0
6455,/root/StrokeDataset/Normal/PNG/16195.png,0
6456,/root/StrokeDataset/Bleeding/PNG/11906.png,2
6457,/root/StrokeDataset/Ischemia/PNG/10532.png,1
6458,/root/StrokeDataset/Bleeding/PNG/10067.png,2
6459,/root/StrokeDataset/Normal/PNG/13403.png,0
6460,/root/StrokeDataset/Ischemia/PNG/14669.png,1
6461,/root/StrokeDataset/Normal/PNG/13128.png,0
6462,/root/StrokeDataset/Normal/PNG/11097.png,0
6463,/root/StrokeDataset/Normal/PNG/10835.png,0
6464,/root/StrokeDataset/Normal/PNG/14853.png,0
6465,/root/StrokeDataset/Normal/PNG/15845.png,0
6466,/root/StrokeDataset/Normal/PNG/11515.png,0
6467,/root/StrokeDataset/Bleeding/PNG/16329.png,2
6468,/root/StrokeDataset/Normal/PNG/16047.png,0
6469,/root/StrokeDataset/Bleeding/PNG/14663.png,2
6470,/root/StrokeDataset/Normal/PNG/16331.png,0
6471,/root/StrokeDataset/Ischemia/PNG/12127.png,1
6472,/root/StrokeDataset/Normal/PNG/14385.png,0
6473,/root/StrokeDataset/Normal/PNG/15858.png,0
6474,/root/StrokeDataset/Normal/PNG/11231.png,0
6475,/root/StrokeDataset/Normal/PNG/13576.png,0
6476,/root/StrokeDataset/Normal/PNG/10998.png,0
6477,/root/StrokeDataset/Normal/PNG/11747.png,0
6478,/root/StrokeDataset/Normal/PNG/13250.png,0
6479,/root/StrokeDataset/Bleeding/PNG/16976.png,2
6480,/root/StrokeDataset/Normal/PNG/10940.png,0
6481,/root/StrokeDataset/Normal/PNG/14186.png,0
6482,/root/StrokeDataset/Normal/PNG/10115.png,0
6483,/root/StrokeDataset/Normal/PNG/11784.png,0
6484,/root/StrokeDataset/Normal/PNG/10778.png,0
6485,/root/StrokeDataset/Normal/PNG/10624.png,0
6486,/root/StrokeDataset/Normal/PNG/16792.png,0
6487,/root/StrokeDataset/Normal/PNG/11372.png,0
6488,/root/StrokeDataset/Ischemia/PNG/14078.png,1
6489,/root/StrokeDataset/Normal/PNG/10896.png,0
6490,/root/StrokeDataset/Bleeding/PNG/11730.png,2
6491,/root/StrokeDataset/Bleeding/PNG/11359.png,2
6492,/root/StrokeDataset/Ischemia/PNG/10777.png,1
6493,/root/StrokeDataset/Normal/PNG/11643.png,0
6494,/root/StrokeDataset/Normal/PNG/16717.png,0
6495,/root/StrokeDataset/Bleeding/PNG/13919.png,2
6496,/root/StrokeDataset/Normal/PNG/11908.png,0
6497,/root/StrokeDataset/Ischemia/PNG/11480.png,1
6498,/root/StrokeDataset/Normal/PNG/12421.png,0
6499,/root/StrokeDataset/Bleeding/PNG/16261.png,2
6500,/root/StrokeDataset/Normal/PNG/14688.png,0
6501,/root/StrokeDataset/Normal/PNG/13207.png,0
6502,/root/StrokeDataset/Ischemia/PNG/14489.png,1
6503,/root/StrokeDataset/Normal/PNG/14616.png,0
6504,/root/StrokeDataset/Ischemia/PNG/15371.png,1
6505,/root/StrokeDataset/Bleeding/PNG/11268.png,2
6506,/root/StrokeDataset/Normal/PNG/13356.png,0
6507,/root/StrokeDataset/Normal/PNG/12977.png,0
6508,/root/StrokeDataset/Normal/PNG/11775.png,0
6509,/root/StrokeDataset/Normal/PNG/11066.png,0
6510,/root/StrokeDataset/Normal/PNG/14737.png,0
6511,/root/StrokeDataset/Normal/PNG/16472.png,0
6512,/root/StrokeDataset/Normal/PNG/12514.png,0
6513,/root/StrokeDataset/Ischemia/PNG/14254.png,1
6514,/root/StrokeDataset/Bleeding/PNG/11592.png,2
6515,/root/StrokeDataset/Normal/PNG/13402.png,0
6516,/root/StrokeDataset/Normal/PNG/10879.png,0
6517,/root/StrokeDataset/Normal/PNG/13810.png,0
6518,/root/StrokeDataset/Normal/PNG/16065.png,0
6519,/root/StrokeDataset/Bleeding/PNG/15455.png,2
6520,/root/StrokeDataset/Normal/PNG/13830.png,0
6521,/root/StrokeDataset/Normal/PNG/15851.png,0
6522,/root/StrokeDataset/Ischemia/PNG/15045.png,1
6523,/root/StrokeDataset/Normal/PNG/13828.png,0
6524,/root/StrokeDataset/Normal/PNG/11347.png,0
6525,/root/StrokeDataset/Normal/PNG/10504.png,0
6526,/root/StrokeDataset/Normal/PNG/14168.png,0
6527,/root/StrokeDataset/Bleeding/PNG/13845.png,2
6528,/root/StrokeDataset/Normal/PNG/11495.png,0
6529,/root/StrokeDataset/Ischemia/PNG/10436.png,1
6530,/root/StrokeDataset/Normal/PNG/13002.png,0
6531,/root/StrokeDataset/Normal/PNG/13781.png,0
6532,/root/StrokeDataset/Normal/PNG/16664.png,0
6533,/root/StrokeDataset/Ischemia/PNG/15112.png,1
6534,/root/StrokeDataset/Bleeding/PNG/13388.png,2
6535,/root/StrokeDataset/Normal/PNG/10817.png,0
6536,/root/StrokeDataset/Normal/PNG/16161.png,0
6537,/root/StrokeDataset/Normal/PNG/13996.png,0
6538,/root/StrokeDataset/Bleeding/PNG/15668.png,2
6539,/root/StrokeDataset/Normal/PNG/11324.png,0
6540,/root/StrokeDataset/Ischemia/PNG/15884.png,1
6541,/root/StrokeDataset/Normal/PNG/14121.png,0
6542,/root/StrokeDataset/Normal/PNG/15480.png,0
6543,/root/StrokeDataset/Bleeding/PNG/11462.png,2
6544,/root/StrokeDataset/Bleeding/PNG/15430.png,2
6545,/root/StrokeDataset/Ischemia/PNG/11905.png,1
6546,/root/StrokeDataset/Normal/PNG/14166.png,0
6547,/root/StrokeDataset/Normal/PNG/14849.png,0
6548,/root/StrokeDataset/Normal/PNG/11889.png,0
6549,/root/StrokeDataset/Normal/PNG/12638.png,0
6550,/root/StrokeDataset/Bleeding/PNG/16501.png,2
6551,/root/StrokeDataset/Normal/PNG/14477.png,0
6552,/root/StrokeDataset/Normal/PNG/16401.png,0
6553,/root/StrokeDataset/Normal/PNG/10279.png,0
6554,/root/StrokeDataset/Normal/PNG/13551.png,0
6555,/root/StrokeDataset/Normal/PNG/11529.png,0
6556,/root/StrokeDataset/Bleeding/PNG/10327.png,2
6557,/root/StrokeDataset/Normal/PNG/13740.png,0
6558,/root/StrokeDataset/Normal/PNG/11256.png,0
6559,/root/StrokeDataset/Normal/PNG/11792.png,0
6560,/root/StrokeDataset/Ischemia/PNG/14150.png,1
6561,/root/StrokeDataset/Normal/PNG/12074.png,0
6562,/root/StrokeDataset/Bleeding/PNG/16962.png,2
6563,/root/StrokeDataset/Normal/PNG/12938.png,0
6564,/root/StrokeDataset/Normal/PNG/10669.png,0
6565,/root/StrokeDataset/Bleeding/PNG/14655.png,2
6566,/root/StrokeDataset/Normal/PNG/16646.png,0
6567,/root/StrokeDataset/Ischemia/PNG/16278.png,1
6568,/root/StrokeDataset/Normal/PNG/15482.png,0
6569,/root/StrokeDataset/Bleeding/PNG/11650.png,2
6570,/root/StrokeDataset/Bleeding/PNG/12169.png,2
6571,/root/StrokeDataset/Normal/PNG/16038.png,0
6572,/root/StrokeDataset/Normal/PNG/14123.png,0
6573,/root/StrokeDataset/Normal/PNG/10321.png,0
6574,/root/StrokeDataset/Normal/PNG/12913.png,0
6575,/root/StrokeDataset/Normal/PNG/12615.png,0
6576,/root/StrokeDataset/Normal/PNG/15049.png,0
6577,/root/StrokeDataset/Normal/PNG/14068.png,0
6578,/root/StrokeDataset/Ischemia/PNG/12888.png,1
6579,/root/StrokeDataset/Ischemia/PNG/15408.png,1
6580,/root/StrokeDataset/Normal/PNG/13927.png,0
6581,/root/StrokeDataset/Normal/PNG/10652.png,0
6582,/root/StrokeDataset/Normal/PNG/13939.png,0
6583,/root/StrokeDataset/Normal/PNG/10684.png,0
6584,/root/StrokeDataset/Normal/PNG/14352.png,0
6585,/root/StrokeDataset/Normal/PNG/13047.png,0
6586,/root/StrokeDataset/Bleeding/PNG/10258.png,2
6587,/root/StrokeDataset/Bleeding/PNG/16564.png,2
6588,/root/StrokeDataset/Bleeding/PNG/12712.png,2
6589,/root/StrokeDataset/Ischemia/PNG/12264.png,1
6590,/root/StrokeDataset/Bleeding/PNG/15475.png,2
6591,/root/StrokeDataset/Bleeding/PNG/16807.png,2
6592,/root/StrokeDataset/Normal/PNG/15308.png,0
6593,/root/StrokeDataset/Bleeding/PNG/10893.png,2
6594,/root/StrokeDataset/Bleeding/PNG/15023.png,2
6595,/root/StrokeDataset/Normal/PNG/13331.png,0
6596,/root/StrokeDataset/Normal/PNG/14176.png,0
6597,/root/StrokeDataset/Normal/PNG/11241.png,0
6598,/root/StrokeDataset/Ischemia/PNG/10123.png,1
6599,/root/StrokeDataset/Normal/PNG/13800.png,0
6600,/root/StrokeDataset/Normal/PNG/14117.png,0
6601,/root/StrokeDataset/Normal/PNG/11588.png,0
6602,/root/StrokeDataset/Normal/PNG/14278.png,0
6603,/root/StrokeDataset/Ischemia/PNG/16893.png,1
6604,/root/StrokeDataset/Normal/PNG/13401.png,0
6605,/root/StrokeDataset/Normal/PNG/10873.png,0
6606,/root/StrokeDataset/Normal/PNG/10527.png,0
6607,/root/StrokeDataset/Normal/PNG/13342.png,0
6608,/root/StrokeDataset/Normal/PNG/13728.png,0
6609,/root/StrokeDataset/Normal/PNG/15531.png,0
6610,/root/StrokeDataset/Bleeding/PNG/14907.png,2
6611,/root/StrokeDataset/Normal/PNG/13182.png,0
6612,/root/StrokeDataset/Bleeding/PNG/16018.png,2
6613,/root/StrokeDataset/Normal/PNG/16180.png,0
6614,/root/StrokeDataset/Normal/PNG/16063.png,0
6615,/root/StrokeDataset/Ischemia/PNG/16825.png,1
6616,/root/StrokeDataset/Normal/PNG/16303.png,0
6617,/root/StrokeDataset/Normal/PNG/16718.png,0
6618,/root/StrokeDataset/Normal/PNG/12126.png,0
6619,/root/StrokeDataset/Bleeding/PNG/10613.png,2
6620,/root/StrokeDataset/Normal/PNG/16122.png,0
6621,/root/StrokeDataset/Bleeding/PNG/12781.png,2
6622,/root/StrokeDataset/Normal/PNG/12522.png,0
6623,/root/StrokeDataset/Normal/PNG/14380.png,0
6624,/root/StrokeDataset/Bleeding/PNG/14647.png,2
6625,/root/StrokeDataset/Normal/PNG/10249.png,0
6626,/root/StrokeDataset/Normal/PNG/16002.png,0
6627,/root/StrokeDataset/Normal/PNG/10266.png,0
6628,/root/StrokeDataset/Ischemia/PNG/13898.png,1
6629,/root/StrokeDataset/Normal/PNG/10905.png,0
6630,/root/StrokeDataset/Bleeding/PNG/15598.png,2
6631,/root/StrokeDataset/Ischemia/PNG/16592.png,1
6632,/root/StrokeDataset/Normal/PNG/15251.png,0
6633,/root/StrokeDataset/Ischemia/PNG/14905.png,1
6634,/root/StrokeDataset/Normal/PNG/12988.png,0
6635,/root/StrokeDataset/Ischemia/PNG/15943.png,1
6636,/root/StrokeDataset/Normal/PNG/11559.png,0
6637,/root/StrokeDataset/Normal/PNG/12731.png,0
6638,/root/StrokeDataset/Normal/PNG/12280.png,0
6639,/root/StrokeDataset/Bleeding/PNG/16622.png,2
6640,/root/StrokeDataset/Bleeding/PNG/16105.png,2
6641,/root/StrokeDataset/Normal/PNG/13646.png,0
6642,/root/StrokeDataset/Normal/PNG/15381.png,0
6643,/root/StrokeDataset/Bleeding/PNG/13358.png,2
6644,/root/StrokeDataset/Normal/PNG/12901.png,0
6645,/root/StrokeDataset/Normal/PNG/13286.png,0
6646,/root/StrokeDataset/Bleeding/PNG/10265.png,2
6647,/root/StrokeDataset/Ischemia/PNG/13977.png,1
6648,/root/StrokeDataset/Normal/PNG/11304.png,0
6649,/root/StrokeDataset/Bleeding/PNG/10378.png,2
